date,value
2020-01-01,1.0
2020-01-02,1.01
2020-01-03,1.02
2020-01-04,1.03
2020-01-05,1.04
2020-01-06,1.05
2020-01-07,1.06
2020-01-08,1.07
2020-01-09,1.08
2020-01-10,1.09
2020-01-11,1.1
2020-01-12,1.11
2020-01-13,1.12
2020-01-14,1.13
2020-01-15,1.1400000000000001
2020-01-16,1.15
2020-01-17,1.16
2020-01-18,1.17
2020-01-19,1.18
2020-01-20,1.19
2020-01-21,1.2
2020-01-22,1.21
2020-01-23,1.22
2020-01-24,1.23
2020-01-25,1.24
2020-01-26,1.25
2020-01-27,1.26
2020-01-28,1.27
2020-01-29,1.28
2020-01-30,1.29
2020-01-31,1.3
2020-02-01,1.31
2020-02-02,1.32
2020-02-03,1.33
2020-02-04,1.34
2020-02-05,1.35
2020-02-06,1.3599999999999999
2020-02-07,1.37
2020-02-08,1.38
2020-02-09,1.3900000000000001
2020-02-10,1.4
2020-02-11,1.4100000000000001
2020-02-12,1.42
2020-02-13,1.43
2020-02-14,1.44
2020-02-15,1.45
2020-02-16,1.46
2020-02-17,1.47
2020-02-18,1.48
2020-02-19,1.49
2020-02-20,1.5
2020-02-21,1.51
2020-02-22,1.52
2020-02-23,1.53
2020-02-24,1.54
2020-02-25,1.55
2020-02-26,1.56
2020-02-27,1.57
2020-02-28,1.58
2020-02-29,1.5899999999999999
2020-03-01,1.6
2020-03-02,1.6099999999999999
2020-03-03,1.62
2020-03-04,1.63
2020-03-05,1.6400000000000001
2020-03-06,1.65
2020-03-07,1.6600000000000001
2020-03-08,1.67
2020-03-09,1.6800000000000002
2020-03-10,1.69
2020-03-11,1.7000000000000002
2020-03-12,1.71
2020-03-13,1.72
2020-03-14,1.73
2020-03-15,1.74
2020-03-16,1.75
2020-03-17,1.76
2020-03-18,1.77
2020-03-19,1.78
2020-03-20,1.79
2020-03-21,1.8
2020-03-22,1.81
2020-03-23,1.82
2020-03-24,1.83
2020-03-25,1.8399999999999999
2020-03-26,1.85
2020-03-27,1.8599999999999999
2020-03-28,1.87
2020-03-29,1.88
2020-03-30,1.8900000000000001
2020-03-31,1.9
2020-04-01,1.9100000000000001
2020-04-02,1.92
2020-04-03,1.9300000000000002
2020-04-04,1.94
2020-04-05,1.9500000000000002
2020-04-06,1.96
2020-04-07,1.97
2020-04-08,1.98
2020-04-09,1.99
2020-04-10,2.0
2020-04-11,2.01
2020-04-12,2.02
2020-04-13,2.0300000000000002
2020-04-14,2.04
2020-04-15,2.05
2020-04-16,2.06
2020-04-17,2.0700000000000003
2020-04-18,2.08
2020-04-19,2.09
2020-04-20,2.1
2020-04-21,2.1100000000000003
2020-04-22,2.12
2020-04-23,2.13
2020-04-24,2.14
2020-04-25,2.1500000000000004
2020-04-26,2.16
2020-04-27,2.17
2020-04-28,2.1799999999999997
2020-04-29,2.19
2020-04-30,2.2
2020-05-01,2.21
2020-05-02,2.2199999999999998
2020-05-03,2.23
2020-05-04,2.24
2020-05-05,2.25
2020-05-06,2.26
2020-05-07,2.27
2020-05-08,2.2800000000000002
2020-05-09,2.29
2020-05-10,2.3
2020-05-11,2.31
2020-05-12,2.3200000000000003
2020-05-13,2.33
2020-05-14,2.34
2020-05-15,2.35
2020-05-16,2.3600000000000003
2020-05-17,2.37
2020-05-18,2.38
2020-05-19,2.39
2020-05-20,2.4000000000000004
2020-05-21,2.41
2020-05-22,2.42
2020-05-23,2.4299999999999997
2020-05-24,2.44
2020-05-25,2.45
2020-05-26,2.46
2020-05-27,2.4699999999999998
2020-05-28,2.48
2020-05-29,2.49
2020-05-30,2.5
2020-05-31,2.51
2020-06-01,2.52
2020-06-02,2.5300000000000002
2020-06-03,2.54
2020-06-04,2.55
2020-06-05,2.56
2020-06-06,2.5700000000000003
2020-06-07,2.58
2020-06-08,2.59
2020-06-09,2.6
2020-06-10,2.6100000000000003
2020-06-11,2.62
2020-06-12,2.63
2020-06-13,2.64
2020-06-14,2.6500000000000004
2020-06-15,2.66
2020-06-16,2.67
2020-06-17,2.6799999999999997
2020-06-18,2.69
2020-06-19,2.7
2020-06-20,2.71
2020-06-21,2.7199999999999998
2020-06-22,2.73
2020-06-23,2.74
2020-06-24,2.75
2020-06-25,2.76
2020-06-26,2.77
2020-06-27,2.7800000000000002
2020-06-28,2.79
2020-06-29,2.8
2020-06-30,2.81
2020-07-01,2.8200000000000003
2020-07-02,2.83
2020-07-03,2.84
2020-07-04,2.85
2020-07-05,2.8600000000000003
2020-07-06,2.87
2020-07-07,2.88
2020-07-08,2.89
2020-07-09,2.9000000000000004
2020-07-10,2.91
2020-07-11,2.92
2020-07-12,2.9299999999999997
2020-07-13,2.94
2020-07-14,2.95
2020-07-15,2.96
2020-07-16,2.9699999999999998
2020-07-17,2.98
2020-07-18,2.99
2020-07-19,3.0
2020-07-20,3.0100000000000002
2020-07-21,3.02
2020-07-22,3.0300000000000002
2020-07-23,3.04
2020-07-24,3.05
2020-07-25,3.06
2020-07-26,3.07
2020-07-27,3.08
2020-07-28,3.09
2020-07-29,3.1
2020-07-30,3.11
2020-07-31,3.12
2020-08-01,3.13
2020-08-02,3.14
2020-08-03,3.15
2020-08-04,3.16
2020-08-05,3.17
2020-08-06,3.18
2020-08-07,3.19
2020-08-08,3.2
2020-08-09,3.21
2020-08-10,3.22
2020-08-11,3.23
2020-08-12,3.24
2020-08-13,3.25
2020-08-14,3.2600000000000002
2020-08-15,3.27
2020-08-16,3.2800000000000002
2020-08-17,3.29
2020-08-18,3.3000000000000003
2020-08-19,3.31
2020-08-20,3.32
2020-08-21,3.33
2020-08-22,3.34
2020-08-23,3.35
2020-08-24,3.36
2020-08-25,3.37
2020-08-26,3.38
2020-08-27,3.39
2020-08-28,3.4
2020-08-29,3.41
2020-08-30,3.42
2020-08-31,3.43
2020-09-01,3.44
2020-09-02,3.45
2020-09-03,3.46
2020-09-04,3.47
2020-09-05,3.48
2020-09-06,3.49
2020-09-07,3.5
2020-09-08,3.5100000000000002
2020-09-09,3.52
2020-09-10,3.5300000000000002
2020-09-11,3.54
2020-09-12,3.5500000000000003
2020-09-13,3.56
2020-09-14,3.57
2020-09-15,3.58
2020-09-16,3.59
2020-09-17,3.6
2020-09-18,3.61
2020-09-19,3.62
2020-09-20,3.63
2020-09-21,3.64
2020-09-22,3.65
2020-09-23,3.66
2020-09-24,3.67
2020-09-25,3.68
2020-09-26,3.69
2020-09-27,3.7
2020-09-28,3.71
2020-09-29,3.72
2020-09-30,3.73
2020-10-01,3.74
2020-10-02,3.75
2020-10-03,3.7600000000000002
2020-10-04,3.77
2020-10-05,3.7800000000000002
2020-10-06,3.79
2020-10-07,3.8000000000000003
2020-10-08,3.81
2020-10-09,3.82
2020-10-10,3.83
2020-10-11,3.84
2020-10-12,3.85
2020-10-13,3.86
2020-10-14,3.87
2020-10-15,3.88
2020-10-16,3.89
2020-10-17,3.9
2020-10-18,3.91
2020-10-19,3.92
2020-10-20,3.93
2020-10-21,3.94
2020-10-22,3.95
2020-10-23,3.96
2020-10-24,3.97
2020-10-25,3.98
2020-10-26,3.99
2020-10-27,4.0
2020-10-28,4.01
2020-10-29,4.02
2020-10-30,4.03
2020-10-31,4.04
2020-11-01,4.050000000000001
2020-11-02,4.0600000000000005
2020-11-03,4.07
2020-11-04,4.08
2020-11-05,4.09
2020-11-06,4.1
2020-11-07,4.109999999999999
2020-11-08,4.12
2020-11-09,4.13
2020-11-10,4.140000000000001
2020-11-11,4.15
2020-11-12,4.16
2020-11-13,4.17
2020-11-14,4.18
2020-11-15,4.1899999999999995
2020-11-16,4.2
2020-11-17,4.21
2020-11-18,4.220000000000001
2020-11-19,4.23
2020-11-20,4.24
2020-11-21,4.25
2020-11-22,4.26
2020-11-23,4.27
2020-11-24,4.28
2020-11-25,4.29
2020-11-26,4.300000000000001
2020-11-27,4.3100000000000005
2020-11-28,4.32
2020-11-29,4.33
2020-11-30,4.34
2020-12-01,4.35
2020-12-02,4.359999999999999
2020-12-03,4.37
2020-12-04,4.38
2020-12-05,4.390000000000001
2020-12-06,4.4
2020-12-07,4.41
2020-12-08,4.42
2020-12-09,4.43
2020-12-10,4.4399999999999995
2020-12-11,4.45
2020-12-12,4.46
2020-12-13,4.470000000000001
2020-12-14,4.48
2020-12-15,4.49
2020-12-16,4.5
2020-12-17,4.51
2020-12-18,4.52
2020-12-19,4.53
2020-12-20,4.54
2020-12-21,4.550000000000001
2020-12-22,4.5600000000000005
2020-12-23,4.57
2020-12-24,4.58
2020-12-25,4.59
2020-12-26,4.6
2020-12-27,4.609999999999999
2020-12-28,4.62
2020-12-29,4.63
2020-12-30,4.640000000000001
2020-12-31,4.65
2021-01-01,4.66
2021-01-02,4.67
2021-01-03,4.68
2021-01-04,4.6899999999999995
2021-01-05,4.7
2021-01-06,4.71
2021-01-07,4.720000000000001
2021-01-08,4.73
2021-01-09,4.74
2021-01-10,4.75
2021-01-11,4.76
2021-01-12,4.77
2021-01-13,4.78
2021-01-14,4.79
2021-01-15,4.800000000000001
2021-01-16,4.8100000000000005
2021-01-17,4.82
2021-01-18,4.83
2021-01-19,4.84
2021-01-20,4.85
2021-01-21,4.859999999999999
2021-01-22,4.87
2021-01-23,4.88
2021-01-24,4.890000000000001
2021-01-25,4.9
2021-01-26,4.91
2021-01-27,4.92
2021-01-28,4.93
2021-01-29,4.9399999999999995
2021-01-30,4.95
2021-01-31,4.96
2021-02-01,4.970000000000001
2021-02-02,4.98
2021-02-03,4.99
2021-02-04,5.0
2021-02-05,5.01
2021-02-06,5.0200000000000005
2021-02-07,5.03
2021-02-08,5.04
2021-02-09,5.05
2021-02-10,5.0600000000000005
2021-02-11,5.07
2021-02-12,5.08
2021-02-13,5.09
2021-02-14,5.1
2021-02-15,5.11
2021-02-16,5.12
2021-02-17,5.13
2021-02-18,5.14
2021-02-19,5.15
2021-02-20,5.16
2021-02-21,5.17
2021-02-22,5.18
2021-02-23,5.19
2021-02-24,5.2
2021-02-25,5.21
2021-02-26,5.22
2021-02-27,5.23
2021-02-28,5.24
2021-03-01,5.25
2021-03-02,5.26
2021-03-03,5.2700000000000005
2021-03-04,5.28
2021-03-05,5.29
2021-03-06,5.3
2021-03-07,5.3100000000000005
2021-03-08,5.32
2021-03-09,5.33
2021-03-10,5.34
2021-03-11,5.3500000000000005
2021-03-12,5.36
2021-03-13,5.37
2021-03-14,5.38
2021-03-15,5.39
2021-03-16,5.4
2021-03-17,5.41
2021-03-18,5.42
2021-03-19,5.43
2021-03-20,5.44
2021-03-21,5.45
2021-03-22,5.46
2021-03-23,5.47
2021-03-24,5.48
2021-03-25,5.49
2021-03-26,5.5
2021-03-27,5.51
2021-03-28,5.5200000000000005
2021-03-29,5.53
2021-03-30,5.54
2021-03-31,5.55
2021-04-01,5.5600000000000005
2021-04-02,5.57
2021-04-03,5.58
2021-04-04,5.59
2021-04-05,5.6000000000000005
2021-04-06,5.61
2021-04-07,5.62
2021-04-08,5.63
2021-04-09,5.64
2021-04-10,5.65
2021-04-11,5.66
2021-04-12,5.67
2021-04-13,5.68
2021-04-14,5.69
2021-04-15,5.7
2021-04-16,5.71
2021-04-17,5.72
2021-04-18,5.73
2021-04-19,5.74
2021-04-20,5.75
2021-04-21,5.76
2021-04-22,5.7700000000000005
2021-04-23,5.78
2021-04-24,5.79
2021-04-25,5.8
2021-04-26,5.8100000000000005
2021-04-27,5.82
2021-04-28,5.83
2021-04-29,5.84
2021-04-30,5.8500000000000005
2021-05-01,5.86
2021-05-02,5.87
2021-05-03,5.88
2021-05-04,5.89
2021-05-05,5.9
2021-05-06,5.91
2021-05-07,5.92
2021-05-08,5.93
2021-05-09,5.94
2021-05-10,5.95
2021-05-11,5.96
2021-05-12,5.97
2021-05-13,5.98
2021-05-14,5.99
2021-05-15,6.0
2021-05-16,6.01
2021-05-17,6.0200000000000005
2021-05-18,6.03
2021-05-19,6.04
2021-05-20,6.05
2021-05-21,6.0600000000000005
2021-05-22,6.07
2021-05-23,6.08
2021-05-24,6.09
2021-05-25,6.1000000000000005
2021-05-26,6.11
2021-05-27,6.12
2021-05-28,6.13
2021-05-29,6.14
2021-05-30,6.15
2021-05-31,6.16
2021-06-01,6.17
2021-06-02,6.18
2021-06-03,6.19
2021-06-04,6.2
2021-06-05,6.21
2021-06-06,6.22
2021-06-07,6.23
2021-06-08,6.24
2021-06-09,6.25
2021-06-10,6.26
2021-06-11,6.2700000000000005
2021-06-12,6.28
2021-06-13,6.29
2021-06-14,6.3
2021-06-15,6.3100000000000005
2021-06-16,6.32
2021-06-17,6.33
2021-06-18,6.34
2021-06-19,6.3500000000000005
2021-06-20,6.36
2021-06-21,6.37
2021-06-22,6.38
2021-06-23,6.39
2021-06-24,6.4
2021-06-25,6.41
2021-06-26,6.42
2021-06-27,6.43
2021-06-28,6.44
2021-06-29,6.45
2021-06-30,6.46
2021-07-01,6.47
2021-07-02,6.48
2021-07-03,6.49
2021-07-04,6.5
2021-07-05,6.51
2021-07-06,6.5200000000000005
2021-07-07,6.53
2021-07-08,6.54
2021-07-09,6.55
2021-07-10,6.5600000000000005
2021-07-11,6.57
2021-07-12,6.58
2021-07-13,6.59
2021-07-14,6.6000000000000005
2021-07-15,6.61
2021-07-16,6.62
2021-07-17,6.63
2021-07-18,6.64
2021-07-19,6.65
2021-07-20,6.66
2021-07-21,6.67
2021-07-22,6.68
2021-07-23,6.69
2021-07-24,6.7
2021-07-25,6.71
2021-07-26,6.72
2021-07-27,6.73
2021-07-28,6.74
2021-07-29,6.75
2021-07-30,6.76
2021-07-31,6.7700000000000005
2021-08-01,6.78
2021-08-02,6.79
2021-08-03,6.8
2021-08-04,6.8100000000000005
2021-08-05,6.82
2021-08-06,6.83
2021-08-07,6.84
2021-08-08,6.8500000000000005
2021-08-09,6.86
2021-08-10,6.87
2021-08-11,6.88
2021-08-12,6.89
2021-08-13,6.9
2021-08-14,6.91
2021-08-15,6.92
2021-08-16,6.93
2021-08-17,6.94
2021-08-18,6.95
2021-08-19,6.96
2021-08-20,6.97
2021-08-21,6.98
2021-08-22,6.99
2021-08-23,7.0
2021-08-24,7.01
2021-08-25,7.0200000000000005
2021-08-26,7.03
2021-08-27,7.04
2021-08-28,7.05
2021-08-29,7.0600000000000005
2021-08-30,7.07
2021-08-31,7.08
2021-09-01,7.09
2021-09-02,7.1000000000000005
2021-09-03,7.11
2021-09-04,7.12
2021-09-05,7.13
2021-09-06,7.140000000000001
2021-09-07,7.15
2021-09-08,7.16
2021-09-09,7.17
2021-09-10,7.18
2021-09-11,7.19
2021-09-12,7.2
2021-09-13,7.21
2021-09-14,7.22
2021-09-15,7.23
2021-09-16,7.24
2021-09-17,7.25
2021-09-18,7.26
2021-09-19,7.2700000000000005
2021-09-20,7.28
2021-09-21,7.29
2021-09-22,7.3
2021-09-23,7.3100000000000005
2021-09-24,7.32
2021-09-25,7.33
2021-09-26,7.34
2021-09-27,7.3500000000000005
2021-09-28,7.36
2021-09-29,7.37
2021-09-30,7.38
2021-10-01,7.390000000000001
2021-10-02,7.4
2021-10-03,7.41
2021-10-04,7.42
2021-10-05,7.43
2021-10-06,7.44
2021-10-07,7.45
2021-10-08,7.46
2021-10-09,7.47
2021-10-10,7.48
2021-10-11,7.49
2021-10-12,7.5
2021-10-13,7.51
2021-10-14,7.5200000000000005
2021-10-15,7.53
2021-10-16,7.54
2021-10-17,7.55
2021-10-18,7.5600000000000005
2021-10-19,7.57
2021-10-20,7.58
2021-10-21,7.59
2021-10-22,7.6000000000000005
2021-10-23,7.61
2021-10-24,7.62
2021-10-25,7.63
2021-10-26,7.640000000000001
2021-10-27,7.65
2021-10-28,7.66
2021-10-29,7.67
2021-10-30,7.68
2021-10-31,7.69
2021-11-01,7.7
2021-11-02,7.71
2021-11-03,7.72
2021-11-04,7.73
2021-11-05,7.74
2021-11-06,7.75
2021-11-07,7.76
2021-11-08,7.7700000000000005
2021-11-09,7.78
2021-11-10,7.79
2021-11-11,7.8
2021-11-12,7.8100000000000005
2021-11-13,7.82
2021-11-14,7.83
2021-11-15,7.84
2021-11-16,7.8500000000000005
2021-11-17,7.86
2021-11-18,7.87
2021-11-19,7.88
2021-11-20,7.890000000000001
2021-11-21,7.9
2021-11-22,7.91
2021-11-23,7.92
2021-11-24,7.93
2021-11-25,7.94
2021-11-26,7.95
2021-11-27,7.96
2021-11-28,7.97
2021-11-29,7.98
2021-11-30,7.99
2021-12-01,8.0
2021-12-02,8.01
2021-12-03,8.02
2021-12-04,8.030000000000001
2021-12-05,8.04
2021-12-06,8.05
2021-12-07,8.06
2021-12-08,8.07
2021-12-09,8.08
2021-12-10,8.09
2021-12-11,8.100000000000001
2021-12-12,8.11
2021-12-13,8.120000000000001
2021-12-14,8.129999999999999
2021-12-15,8.14
2021-12-16,8.15
2021-12-17,8.16
2021-12-18,8.17
2021-12-19,8.18
2021-12-20,8.190000000000001
2021-12-21,8.2
2021-12-22,8.21
2021-12-23,8.219999999999999
2021-12-24,8.23
2021-12-25,8.24
2021-12-26,8.25
2021-12-27,8.26
2021-12-28,8.27
2021-12-29,8.280000000000001
2021-12-30,8.29
2021-12-31,8.3
2022-01-01,8.31
2022-01-02,8.32
2022-01-03,8.33
2022-01-04,8.34
2022-01-05,8.350000000000001
2022-01-06,8.36
2022-01-07,8.370000000000001
2022-01-08,8.379999999999999
2022-01-09,8.39
2022-01-10,8.4
2022-01-11,8.41
2022-01-12,8.42
2022-01-13,8.43
2022-01-14,8.440000000000001
2022-01-15,8.45
2022-01-16,8.46
2022-01-17,8.469999999999999
2022-01-18,8.48
2022-01-19,8.49
2022-01-20,8.5
2022-01-21,8.51
2022-01-22,8.52
2022-01-23,8.530000000000001
2022-01-24,8.54
2022-01-25,8.55
2022-01-26,8.56
2022-01-27,8.57
2022-01-28,8.58
2022-01-29,8.59
2022-01-30,8.600000000000001
2022-01-31,8.61
2022-02-01,8.620000000000001
2022-02-02,8.629999999999999
2022-02-03,8.64
2022-02-04,8.65
2022-02-05,8.66
2022-02-06,8.67
2022-02-07,8.68
2022-02-08,8.690000000000001
2022-02-09,8.7
2022-02-10,8.71
2022-02-11,8.719999999999999
2022-02-12,8.73
2022-02-13,8.74
2022-02-14,8.75
2022-02-15,8.76
2022-02-16,8.77
2022-02-17,8.780000000000001
2022-02-18,8.79
2022-02-19,8.8
2022-02-20,8.81
2022-02-21,8.82
2022-02-22,8.83
2022-02-23,8.84
2022-02-24,8.850000000000001
2022-02-25,8.86
2022-02-26,8.870000000000001
2022-02-27,8.879999999999999
2022-02-28,8.89
2022-03-01,8.9
2022-03-02,8.91
2022-03-03,8.92
2022-03-04,8.93
2022-03-05,8.940000000000001
2022-03-06,8.95
2022-03-07,8.96
2022-03-08,8.969999999999999
2022-03-09,8.98
2022-03-10,8.99
2022-03-11,9.0
2022-03-12,9.01
2022-03-13,9.02
2022-03-14,9.03
2022-03-15,9.040000000000001
2022-03-16,9.05
2022-03-17,9.06
2022-03-18,9.07
2022-03-19,9.08
2022-03-20,9.09
2022-03-21,9.1
2022-03-22,9.11
2022-03-23,9.120000000000001
2022-03-24,9.13
2022-03-25,9.14
2022-03-26,9.15
2022-03-27,9.16
2022-03-28,9.17
2022-03-29,9.18
2022-03-30,9.19
2022-03-31,9.2
2022-04-01,9.21
2022-04-02,9.22
2022-04-03,9.23
2022-04-04,9.24
2022-04-05,9.25
2022-04-06,9.26
2022-04-07,9.27
2022-04-08,9.28
2022-04-09,9.290000000000001
2022-04-10,9.3
2022-04-11,9.31
2022-04-12,9.32
2022-04-13,9.33
2022-04-14,9.34
2022-04-15,9.35
2022-04-16,9.36
2022-04-17,9.370000000000001
2022-04-18,9.38
2022-04-19,9.39
2022-04-20,9.4
2022-04-21,9.41
2022-04-22,9.42
2022-04-23,9.43
2022-04-24,9.44
2022-04-25,9.45
2022-04-26,9.46
2022-04-27,9.47
2022-04-28,9.48
2022-04-29,9.49
2022-04-30,9.5
2022-05-01,9.51
2022-05-02,9.52
2022-05-03,9.53
2022-05-04,9.540000000000001
2022-05-05,9.55
2022-05-06,9.56
2022-05-07,9.57
2022-05-08,9.58
2022-05-09,9.59
2022-05-10,9.6
2022-05-11,9.61
2022-05-12,9.620000000000001
2022-05-13,9.63
2022-05-14,9.64
2022-05-15,9.65
2022-05-16,9.66
2022-05-17,9.67
2022-05-18,9.68
2022-05-19,9.69
2022-05-20,9.700000000000001
2022-05-21,9.71
2022-05-22,9.72
2022-05-23,9.73
2022-05-24,9.74
2022-05-25,9.75
2022-05-26,9.76
2022-05-27,9.77
2022-05-28,9.78
2022-05-29,9.790000000000001
2022-05-30,9.8
2022-05-31,9.81
2022-06-01,9.82
2022-06-02,9.83
2022-06-03,9.84
2022-06-04,9.85
2022-06-05,9.86
2022-06-06,9.870000000000001
2022-06-07,9.88
2022-06-08,9.89
2022-06-09,9.9
2022-06-10,9.91
2022-06-11,9.92
2022-06-12,9.93
2022-06-13,9.94
2022-06-14,9.950000000000001
2022-06-15,9.96
2022-06-16,9.97
2022-06-17,9.98
2022-06-18,9.99
2022-06-19,10.0
2022-06-20,10.01
2022-06-21,10.02
2022-06-22,10.03
2022-06-23,10.040000000000001
2022-06-24,10.05
2022-06-25,10.06
2022-06-26,10.07
2022-06-27,10.08
2022-06-28,10.09
2022-06-29,10.1
2022-06-30,10.11
2022-07-01,10.120000000000001
2022-07-02,10.13
2022-07-03,10.14
2022-07-04,10.15
2022-07-05,10.16
2022-07-06,10.17
2022-07-07,10.18
2022-07-08,10.19
2022-07-09,10.200000000000001
2022-07-10,10.21
2022-07-11,10.22
2022-07-12,10.23
2022-07-13,10.24
2022-07-14,10.25
2022-07-15,10.26
2022-07-16,10.27
2022-07-17,10.28
2022-07-18,10.290000000000001
2022-07-19,10.3
2022-07-20,10.31
2022-07-21,10.32
2022-07-22,10.33
2022-07-23,10.34
2022-07-24,10.35
2022-07-25,10.36
2022-07-26,10.370000000000001
2022-07-27,10.38
2022-07-28,10.39
2022-07-29,10.4
2022-07-30,10.41
2022-07-31,10.42
2022-08-01,10.43
2022-08-02,10.44
2022-08-03,10.450000000000001
2022-08-04,10.46
2022-08-05,10.47
2022-08-06,10.48
2022-08-07,10.49
2022-08-08,10.5
2022-08-09,10.51
2022-08-10,10.52
2022-08-11,10.53
2022-08-12,10.540000000000001
2022-08-13,10.55
2022-08-14,10.56
2022-08-15,10.57
2022-08-16,10.58
2022-08-17,10.59
2022-08-18,10.6
2022-08-19,10.61
2022-08-20,10.620000000000001
2022-08-21,10.63
2022-08-22,10.64
2022-08-23,10.65
2022-08-24,10.66
2022-08-25,10.67
2022-08-26,10.68
2022-08-27,10.69
2022-08-28,10.700000000000001
2022-08-29,10.71
2022-08-30,10.72
2022-08-31,10.73
2022-09-01,10.74
2022-09-02,10.75
2022-09-03,10.76
2022-09-04,10.77
2022-09-05,10.78
2022-09-06,10.790000000000001
2022-09-07,10.8
2022-09-08,10.81
2022-09-09,10.82
2022-09-10,10.83
2022-09-11,10.84
2022-09-12,10.85
2022-09-13,10.86
2022-09-14,10.870000000000001
2022-09-15,10.88
2022-09-16,10.89
2022-09-17,10.9
2022-09-18,10.91
2022-09-19,10.92
2022-09-20,10.93
2022-09-21,10.94
2022-09-22,10.950000000000001
2022-09-23,10.96
2022-09-24,10.97
2022-09-25,10.98
2022-09-26,10.99
2022-09-27,11.0
2022-09-28,11.01
2022-09-29,11.02
2022-09-30,11.03
2022-10-01,11.040000000000001
2022-10-02,11.05
2022-10-03,11.06
2022-10-04,11.07
2022-10-05,11.08
2022-10-06,11.09
2022-10-07,11.1
2022-10-08,11.11
2022-10-09,11.120000000000001
2022-10-10,11.13
2022-10-11,11.14
2022-10-12,11.15
2022-10-13,11.16
2022-10-14,11.17
2022-10-15,11.18
2022-10-16,11.19
2022-10-17,11.200000000000001
2022-10-18,11.21
2022-10-19,11.22
2022-10-20,11.23
2022-10-21,11.24
2022-10-22,11.25
2022-10-23,11.26
2022-10-24,11.27
2022-10-25,11.28
2022-10-26,11.290000000000001
2022-10-27,11.3
2022-10-28,11.31
2022-10-29,11.32
2022-10-30,11.33
2022-10-31,11.34
2022-11-01,11.35
2022-11-02,11.36
2022-11-03,11.370000000000001
2022-11-04,11.38
2022-11-05,11.39
2022-11-06,11.4
2022-11-07,11.41
2022-11-08,11.42
2022-11-09,11.43
2022-11-10,11.44
2022-11-11,11.450000000000001
2022-11-12,11.46
2022-11-13,11.47
2022-11-14,11.48
2022-11-15,11.49
2022-11-16,11.5
2022-11-17,11.51
2022-11-18,11.52
2022-11-19,11.53
2022-11-20,11.540000000000001
2022-11-21,11.55
2022-11-22,11.56
2022-11-23,11.57
2022-11-24,11.58
2022-11-25,11.59
2022-11-26,11.6
2022-11-27,11.61
2022-11-28,11.620000000000001
2022-11-29,11.63
2022-11-30,11.64
2022-12-01,11.65
2022-12-02,11.66
2022-12-03,11.67
2022-12-04,11.68
2022-12-05,11.69
2022-12-06,11.700000000000001
2022-12-07,11.71
2022-12-08,11.72
2022-12-09,11.73
2022-12-10,11.74
2022-12-11,11.75
2022-12-12,11.76
2022-12-13,11.77
2022-12-14,11.78
2022-12-15,11.790000000000001
2022-12-16,11.8
2022-12-17,11.81
2022-12-18,11.82
2022-12-19,11.83
2022-12-20,11.84
2022-12-21,11.85
2022-12-22,11.86
2022-12-23,11.870000000000001
2022-12-24,11.88
2022-12-25,11.89
2022-12-26,11.9
2022-12-27,11.91
2022-12-28,11.92
2022-12-29,11.93
2022-12-30,11.94
2022-12-31,11.950000000000001
2023-01-01,11.96
2023-01-02,11.97
2023-01-03,11.98
2023-01-04,11.99
2023-01-05,12.0
2023-01-06,12.01
2023-01-07,12.02
2023-01-08,12.03
2023-01-09,12.040000000000001
2023-01-10,12.05
2023-01-11,12.06
2023-01-12,12.07
2023-01-13,12.08
2023-01-14,12.09
2023-01-15,12.1
2023-01-16,12.11
2023-01-17,12.120000000000001
2023-01-18,12.13
2023-01-19,12.14
2023-01-20,12.15
2023-01-21,12.16
2023-01-22,12.17
2023-01-23,12.18
2023-01-24,12.19
2023-01-25,12.200000000000001
2023-01-26,12.21
2023-01-27,12.22
2023-01-28,12.23
2023-01-29,12.24
2023-01-30,12.25
2023-01-31,12.26
2023-02-01,12.27
2023-02-02,12.28
2023-02-03,12.290000000000001
2023-02-04,12.3
2023-02-05,12.31
2023-02-06,12.32
2023-02-07,12.33
2023-02-08,12.34
2023-02-09,12.35
2023-02-10,12.36
2023-02-11,12.370000000000001
2023-02-12,12.38
2023-02-13,12.39
2023-02-14,12.4
2023-02-15,12.41
2023-02-16,12.42
2023-02-17,12.43
2023-02-18,12.44
2023-02-19,12.450000000000001
2023-02-20,12.46
2023-02-21,12.47
2023-02-22,12.48
2023-02-23,12.49
2023-02-24,12.5
2023-02-25,12.51
2023-02-26,12.52
2023-02-27,12.53
2023-02-28,12.540000000000001
2023-03-01,12.55
2023-03-02,12.56
2023-03-03,12.57
2023-03-04,12.58
2023-03-05,12.59
2023-03-06,12.6
2023-03-07,12.61
2023-03-08,12.620000000000001
2023-03-09,12.63
2023-03-10,12.64
2023-03-11,12.65
2023-03-12,12.66
2023-03-13,12.67
2023-03-14,12.68
2023-03-15,12.69
2023-03-16,12.700000000000001
2023-03-17,12.71
2023-03-18,12.72
2023-03-19,12.73
2023-03-20,12.74
2023-03-21,12.75
2023-03-22,12.76
2023-03-23,12.77
2023-03-24,12.78
2023-03-25,12.790000000000001
2023-03-26,12.8
2023-03-27,12.81
2023-03-28,12.82
2023-03-29,12.83
2023-03-30,12.84
2023-03-31,12.85
2023-04-01,12.86
2023-04-02,12.870000000000001
2023-04-03,12.88
2023-04-04,12.89
2023-04-05,12.9
2023-04-06,12.91
2023-04-07,12.92
2023-04-08,12.93
2023-04-09,12.94
2023-04-10,12.950000000000001
2023-04-11,12.96
2023-04-12,12.97
2023-04-13,12.98
2023-04-14,12.99
2023-04-15,13.0
2023-04-16,13.01
2023-04-17,13.02
2023-04-18,13.030000000000001
2023-04-19,13.040000000000001
2023-04-20,13.05
2023-04-21,13.06
2023-04-22,13.07
2023-04-23,13.08
2023-04-24,13.09
2023-04-25,13.1
2023-04-26,13.11
2023-04-27,13.120000000000001
2023-04-28,13.13
2023-04-29,13.14
2023-04-30,13.15
2023-05-01,13.16
2023-05-02,13.17
2023-05-03,13.18
2023-05-04,13.19
2023-05-05,13.200000000000001
2023-05-06,13.21
2023-05-07,13.22
2023-05-08,13.23
2023-05-09,13.24
2023-05-10,13.25
2023-05-11,13.26
2023-05-12,13.27
2023-05-13,13.280000000000001
2023-05-14,13.290000000000001
2023-05-15,13.3
2023-05-16,13.31
2023-05-17,13.32
2023-05-18,13.33
2023-05-19,13.34
2023-05-20,13.35
2023-05-21,13.36
2023-05-22,13.370000000000001
2023-05-23,13.38
2023-05-24,13.39
2023-05-25,13.4
2023-05-26,13.41
2023-05-27,13.42
2023-05-28,13.43
2023-05-29,13.44
2023-05-30,13.450000000000001
2023-05-31,13.46
2023-06-01,13.47
2023-06-02,13.48
2023-06-03,13.49
2023-06-04,13.5
2023-06-05,13.51
2023-06-06,13.52
2023-06-07,13.530000000000001
2023-06-08,13.540000000000001
2023-06-09,13.55
2023-06-10,13.56
2023-06-11,13.57
2023-06-12,13.58
2023-06-13,13.59
2023-06-14,13.6
2023-06-15,13.61
2023-06-16,13.620000000000001
2023-06-17,13.63
2023-06-18,13.64
2023-06-19,13.65
2023-06-20,13.66
2023-06-21,13.67
2023-06-22,13.68
2023-06-23,13.69
2023-06-24,13.700000000000001
2023-06-25,13.71
2023-06-26,13.72
2023-06-27,13.73
2023-06-28,13.74
2023-06-29,13.75
2023-06-30,13.76
2023-07-01,13.77
2023-07-02,13.780000000000001
2023-07-03,13.790000000000001
2023-07-04,13.8
2023-07-05,13.81
2023-07-06,13.82
2023-07-07,13.83
2023-07-08,13.84
2023-07-09,13.85
2023-07-10,13.86
2023-07-11,13.870000000000001
2023-07-12,13.88
2023-07-13,13.89
2023-07-14,13.9
2023-07-15,13.91
2023-07-16,13.92
2023-07-17,13.93
2023-07-18,13.94
2023-07-19,13.950000000000001
2023-07-20,13.96
2023-07-21,13.97
2023-07-22,13.98
2023-07-23,13.99
2023-07-24,14.0
2023-07-25,14.01
2023-07-26,14.02
2023-07-27,14.030000000000001
2023-07-28,14.040000000000001
2023-07-29,14.05
2023-07-30,14.06
2023-07-31,14.07
2023-08-01,14.08
2023-08-02,14.09
2023-08-03,14.1
2023-08-04,14.11
2023-08-05,14.120000000000001
2023-08-06,14.13
2023-08-07,14.14
2023-08-08,14.15
2023-08-09,14.16
2023-08-10,14.17
2023-08-11,14.18
2023-08-12,14.19
2023-08-13,14.200000000000001
2023-08-14,14.21
2023-08-15,14.22
2023-08-16,14.23
2023-08-17,14.24
2023-08-18,14.25
2023-08-19,14.26
2023-08-20,14.27
2023-08-21,14.280000000000001
2023-08-22,14.290000000000001
2023-08-23,14.3
2023-08-24,14.31
2023-08-25,14.32
2023-08-26,14.33
2023-08-27,14.34
2023-08-28,14.35
2023-08-29,14.36
2023-08-30,14.370000000000001
2023-08-31,14.38
2023-09-01,14.39
2023-09-02,14.4
2023-09-03,14.41
2023-09-04,14.42
2023-09-05,14.43
2023-09-06,14.44
2023-09-07,14.450000000000001
2023-09-08,14.46
2023-09-09,14.47
2023-09-10,14.48
2023-09-11,14.49
2023-09-12,14.5
2023-09-13,14.51
2023-09-14,14.52
2023-09-15,14.530000000000001
2023-09-16,14.540000000000001
2023-09-17,14.55
2023-09-18,14.56
2023-09-19,14.57
2023-09-20,14.58
2023-09-21,14.59
2023-09-22,14.6
2023-09-23,14.61
2023-09-24,14.620000000000001
2023-09-25,14.63
2023-09-26,14.64
2023-09-27,14.65
2023-09-28,14.66
2023-09-29,14.67
2023-09-30,14.68
2023-10-01,14.69
2023-10-02,14.700000000000001
2023-10-03,14.71
2023-10-04,14.72
2023-10-05,14.73
2023-10-06,14.74
2023-10-07,14.75
2023-10-08,14.76
2023-10-09,14.77
2023-10-10,14.780000000000001
2023-10-11,14.790000000000001
2023-10-12,14.8
2023-10-13,14.81
2023-10-14,14.82
2023-10-15,14.83
2023-10-16,14.84
2023-10-17,14.85
2023-10-18,14.86
2023-10-19,14.870000000000001
2023-10-20,14.88
2023-10-21,14.89
2023-10-22,14.9
2023-10-23,14.91
2023-10-24,14.92
2023-10-25,14.93
2023-10-26,14.94
2023-10-27,14.950000000000001
2023-10-28,14.96
2023-10-29,14.97
2023-10-30,14.98
2023-10-31,14.99
2023-11-01,15.0
2023-11-02,15.01
2023-11-03,15.02
2023-11-04,15.030000000000001
2023-11-05,15.040000000000001
2023-11-06,15.05
2023-11-07,15.06
2023-11-08,15.07
2023-11-09,15.08
2023-11-10,15.09
2023-11-11,15.1
2023-11-12,15.11
2023-11-13,15.120000000000001
2023-11-14,15.13
2023-11-15,15.14
2023-11-16,15.15
2023-11-17,15.16
2023-11-18,15.17
2023-11-19,15.18
2023-11-20,15.19
2023-11-21,15.200000000000001
2023-11-22,15.21
2023-11-23,15.22
2023-11-24,15.23
2023-11-25,15.24
2023-11-26,15.25
2023-11-27,15.26
2023-11-28,15.27
2023-11-29,15.280000000000001
2023-11-30,15.290000000000001
2023-12-01,15.3
2023-12-02,15.31
2023-12-03,15.32
2023-12-04,15.33
2023-12-05,15.34
2023-12-06,15.35
2023-12-07,15.36
2023-12-08,15.370000000000001
2023-12-09,15.38
2023-12-10,15.39
2023-12-11,15.4
2023-12-12,15.41
2023-12-13,15.42
2023-12-14,15.43
2023-12-15,15.44
2023-12-16,15.450000000000001
2023-12-17,15.46
2023-12-18,15.47
2023-12-19,15.48
2023-12-20,15.49
2023-12-21,15.5
2023-12-22,15.51
2023-12-23,15.52
2023-12-24,15.530000000000001
2023-12-25,15.540000000000001
2023-12-26,15.55
2023-12-27,15.56
2023-12-28,15.57
2023-12-29,15.58
2023-12-30,15.59
2023-12-31,15.6
2024-01-01,15.61
2024-01-02,15.620000000000001
2024-01-03,15.63
2024-01-04,15.64
2024-01-05,15.65
2024-01-06,15.66
2024-01-07,15.67
2024-01-08,15.68
2024-01-09,15.69
2024-01-10,15.700000000000001
2024-01-11,15.71
2024-01-12,15.72
2024-01-13,15.73
2024-01-14,15.74
2024-01-15,15.75
2024-01-16,15.76
2024-01-17,15.77
2024-01-18,15.780000000000001
2024-01-19,15.790000000000001
2024-01-20,15.8
2024-01-21,15.81
2024-01-22,15.82
2024-01-23,15.83
2024-01-24,15.84
2024-01-25,15.85
2024-01-26,15.86
2024-01-27,15.870000000000001
2024-01-28,15.88
2024-01-29,15.89
2024-01-30,15.9
2024-01-31,15.91
2024-02-01,15.92
2024-02-02,15.93
2024-02-03,15.94
2024-02-04,15.950000000000001
2024-02-05,15.96
2024-02-06,15.97
2024-02-07,15.98
2024-02-08,15.99
2024-02-09,16.0
2024-02-10,16.009999999999998
2024-02-11,16.02
2024-02-12,16.03
2024-02-13,16.04
2024-02-14,16.05
2024-02-15,16.060000000000002
2024-02-16,16.07
2024-02-17,16.08
2024-02-18,16.09
2024-02-19,16.1
2024-02-20,16.11
2024-02-21,16.12
2024-02-22,16.130000000000003
2024-02-23,16.14
2024-02-24,16.15
2024-02-25,16.16
2024-02-26,16.17
2024-02-27,16.18
2024-02-28,16.189999999999998
2024-02-29,16.200000000000003
2024-03-01,16.21
2024-03-02,16.22
2024-03-03,16.23
2024-03-04,16.240000000000002
2024-03-05,16.25
2024-03-06,16.259999999999998
2024-03-07,16.27
2024-03-08,16.28
2024-03-09,16.29
2024-03-10,16.3
2024-03-11,16.310000000000002
2024-03-12,16.32
2024-03-13,16.33
2024-03-14,16.34
2024-03-15,16.35
2024-03-16,16.36
2024-03-17,16.37
2024-03-18,16.380000000000003
2024-03-19,16.39
2024-03-20,16.4
2024-03-21,16.41
2024-03-22,16.42
2024-03-23,16.43
2024-03-24,16.439999999999998
2024-03-25,16.450000000000003
2024-03-26,16.46
2024-03-27,16.47
2024-03-28,16.48
2024-03-29,16.490000000000002
2024-03-30,16.5
2024-03-31,16.509999999999998
2024-04-01,16.52
2024-04-02,16.53
2024-04-03,16.54
2024-04-04,16.55
2024-04-05,16.560000000000002
2024-04-06,16.57
2024-04-07,16.58
2024-04-08,16.59
2024-04-09,16.6
2024-04-10,16.61
2024-04-11,16.62
2024-04-12,16.630000000000003
2024-04-13,16.64
2024-04-14,16.65
2024-04-15,16.66
2024-04-16,16.67
2024-04-17,16.68
2024-04-18,16.689999999999998
2024-04-19,16.700000000000003
2024-04-20,16.71
2024-04-21,16.72
2024-04-22,16.73
2024-04-23,16.740000000000002
2024-04-24,16.75
2024-04-25,16.759999999999998
2024-04-26,16.77
2024-04-27,16.78
2024-04-28,16.79
2024-04-29,16.8
2024-04-30,16.810000000000002
2024-05-01,16.82
2024-05-02,16.83
2024-05-03,16.84
2024-05-04,16.85
2024-05-05,16.86
2024-05-06,16.87
2024-05-07,16.880000000000003
2024-05-08,16.89
2024-05-09,16.9
2024-05-10,16.91
2024-05-11,16.92
2024-05-12,16.93
2024-05-13,16.939999999999998
2024-05-14,16.950000000000003
2024-05-15,16.96
2024-05-16,16.97
2024-05-17,16.98
2024-05-18,16.990000000000002
2024-05-19,17.0
2024-05-20,17.01
2024-05-21,17.02
2024-05-22,17.03
2024-05-23,17.04
2024-05-24,17.05
2024-05-25,17.06
2024-05-26,17.07
2024-05-27,17.080000000000002
2024-05-28,17.09
2024-05-29,17.1
2024-05-30,17.11
2024-05-31,17.12
2024-06-01,17.13
2024-06-02,17.14
2024-06-03,17.15
2024-06-04,17.16
2024-06-05,17.17
2024-06-06,17.18
2024-06-07,17.19
2024-06-08,17.2
2024-06-09,17.21
2024-06-10,17.22
2024-06-11,17.23
2024-06-12,17.240000000000002
2024-06-13,17.25
2024-06-14,17.26
2024-06-15,17.27
2024-06-16,17.28
2024-06-17,17.29
2024-06-18,17.3
2024-06-19,17.31
2024-06-20,17.32
2024-06-21,17.330000000000002
2024-06-22,17.34
2024-06-23,17.35
2024-06-24,17.36
2024-06-25,17.37
2024-06-26,17.38
2024-06-27,17.39
2024-06-28,17.4
2024-06-29,17.41
2024-06-30,17.42
2024-07-01,17.43
2024-07-02,17.44
2024-07-03,17.45
2024-07-04,17.46
2024-07-05,17.47
2024-07-06,17.48
2024-07-07,17.490000000000002
2024-07-08,17.5
2024-07-09,17.51
2024-07-10,17.52
2024-07-11,17.53
2024-07-12,17.54
2024-07-13,17.55
2024-07-14,17.56
2024-07-15,17.57
2024-07-16,17.580000000000002
2024-07-17,17.59
2024-07-18,17.6
2024-07-19,17.61
2024-07-20,17.62
2024-07-21,17.63
2024-07-22,17.64
2024-07-23,17.65
2024-07-24,17.66
2024-07-25,17.67
2024-07-26,17.68
2024-07-27,17.69
2024-07-28,17.7
2024-07-29,17.71
2024-07-30,17.72
2024-07-31,17.73
2024-08-01,17.740000000000002
2024-08-02,17.75
2024-08-03,17.76
2024-08-04,17.77
2024-08-05,17.78
2024-08-06,17.79
2024-08-07,17.8
2024-08-08,17.81
2024-08-09,17.82
2024-08-10,17.830000000000002
2024-08-11,17.84
2024-08-12,17.85
2024-08-13,17.86
2024-08-14,17.87
2024-08-15,17.88
2024-08-16,17.89
2024-08-17,17.9
2024-08-18,17.91
2024-08-19,17.92
2024-08-20,17.93
2024-08-21,17.94
2024-08-22,17.95
2024-08-23,17.96
2024-08-24,17.97
2024-08-25,17.98
2024-08-26,17.990000000000002
2024-08-27,18.0
2024-08-28,18.01
2024-08-29,18.02
2024-08-30,18.03
2024-08-31,18.04
2024-09-01,18.05
2024-09-02,18.06
2024-09-03,18.07
2024-09-04,18.080000000000002
2024-09-05,18.09
2024-09-06,18.1
2024-09-07,18.11
2024-09-08,18.12
2024-09-09,18.13
2024-09-10,18.14
2024-09-11,18.150000000000002
2024-09-12,18.16
2024-09-13,18.17
2024-09-14,18.18
2024-09-15,18.19
2024-09-16,18.2
2024-09-17,18.21
2024-09-18,18.22
2024-09-19,18.23
2024-09-20,18.240000000000002
2024-09-21,18.25
2024-09-22,18.26
2024-09-23,18.27
2024-09-24,18.28
2024-09-25,18.29
2024-09-26,18.3
2024-09-27,18.31
2024-09-28,18.32
2024-09-29,18.330000000000002
2024-09-30,18.34
2024-10-01,18.35
2024-10-02,18.36
2024-10-03,18.37
2024-10-04,18.38
2024-10-05,18.39
2024-10-06,18.400000000000002
2024-10-07,18.41
2024-10-08,18.42
2024-10-09,18.43
2024-10-10,18.44
2024-10-11,18.45
2024-10-12,18.46
2024-10-13,18.47
2024-10-14,18.48
2024-10-15,18.490000000000002
2024-10-16,18.5
2024-10-17,18.51
2024-10-18,18.52
2024-10-19,18.53
2024-10-20,18.54
2024-10-21,18.55
2024-10-22,18.56
2024-10-23,18.57
2024-10-24,18.580000000000002
2024-10-25,18.59
2024-10-26,18.6
2024-10-27,18.61
2024-10-28,18.62
2024-10-29,18.63
2024-10-30,18.64
2024-10-31,18.650000000000002
2024-11-01,18.66
2024-11-02,18.67
2024-11-03,18.68
2024-11-04,18.69
2024-11-05,18.7
2024-11-06,18.71
2024-11-07,18.72
2024-11-08,18.73
2024-11-09,18.740000000000002
2024-11-10,18.75
2024-11-11,18.76
2024-11-12,18.77
2024-11-13,18.78
2024-11-14,18.79
2024-11-15,18.8
2024-11-16,18.81
2024-11-17,18.82
2024-11-18,18.830000000000002
2024-11-19,18.84
2024-11-20,18.85
2024-11-21,18.86
2024-11-22,18.87
2024-11-23,18.88
2024-11-24,18.89
2024-11-25,18.900000000000002
2024-11-26,18.91
2024-11-27,18.92
2024-11-28,18.93
2024-11-29,18.94
2024-11-30,18.95
2024-12-01,18.96
2024-12-02,18.97
2024-12-03,18.98
2024-12-04,18.990000000000002
2024-12-05,19.0
2024-12-06,19.01
2024-12-07,19.02
2024-12-08,19.03
2024-12-09,19.04
2024-12-10,19.05
2024-12-11,19.06
2024-12-12,19.07
2024-12-13,19.080000000000002
2024-12-14,19.09
2024-12-15,19.1
2024-12-16,19.11
2024-12-17,19.12
2024-12-18,19.13
2024-12-19,19.14
2024-12-20,19.150000000000002
2024-12-21,19.16
2024-12-22,19.17
2024-12-23,19.18
2024-12-24,19.19
2024-12-25,19.2
2024-12-26,19.21
2024-12-27,19.22
2024-12-28,19.23
2024-12-29,19.240000000000002
2024-12-30,19.25
2024-12-31,19.26
2025-01-01,19.27
2025-01-02,19.28
2025-01-03,19.29
2025-01-04,19.3
2025-01-05,19.31
2025-01-06,19.32
2025-01-07,19.330000000000002
2025-01-08,19.34
2025-01-09,19.35
2025-01-10,19.36
2025-01-11,19.37
2025-01-12,19.38
