Date,Close,High,Low,Open,Volume,ticker,source,is_filled
2023-01-03,123.76846313476562,129.53778770648333,122.87782744316272,128.92424454671203,112117500.0,AAPL,yfinance,0
2023-01-04,125.04503631591797,127.32110440506466,123.77835783326215,125.56951966733021,89113600.0,AAPL,yfinance,0
2023-01-05,123.71897888183594,126.44036106917035,123.46169000194207,125.80702181866339,80962700.0,AAPL,yfinance,0
2023-01-06,128.27110290527344,128.93412872931725,123.59032994150238,124.6986773645302,87754700.0,AAPL,yfinance,0
2023-01-09,128.7955780029297,132.02166222689684,128.53828914886986,129.11225514638548,70790800.0,AAPL,yfinance,0
2023-01-10,129.3695526123047,129.89403595356941,126.78671300154889,128.90444246439094,63896200.0,AAPL,yfinance,0
2023-01-11,132.100830078125,132.1206110743782,129.1023632460795,129.88413539800015,69458900.0,AAPL,yfinance,0
2023-01-12,132.0216522216797,132.8627975077432,130.07215211751455,132.4867623033838,71379600.0,AAPL,yfinance,0
2023-01-13,133.35760498046875,133.5159435530184,130.28987441230564,130.656019148829,57809700.0,AAPL,yfinance,0
2023-01-17,134.52536010742188,135.86130244423947,132.73419805805875,133.42691057714939,63646600.0,AAPL,yfinance,0
2023-01-18,133.80294799804688,137.16755996413974,133.62481331043077,135.39619418728472,69672800.0,AAPL,yfinance,0
2023-01-19,133.86231994628906,134.8321173698302,132.37792966331844,132.68470123913258,58280400.0,AAPL,yfinance,0
2023-01-20,136.4352569580078,136.58370504947536,132.82324656561806,133.8722133053258,80223600.0,AAPL,yfinance,0
2023-01-23,139.64154052734375,141.82854882417135,136.4649387224491,136.68265050222374,81760300.0,AAPL,yfinance,0
2023-01-24,141.0467529296875,141.67020163390134,138.83996376873685,138.8498542672173,66435100.0,AAPL,yfinance,0
2023-01-25,140.3837432861328,140.94780376437996,137.36547990253146,139.42383632315142,65799300.0,AAPL,yfinance,0
2023-01-26,142.46189880371094,142.7488742986824,140.42332333943187,141.68011141740982,54105100.0,AAPL,yfinance,0
2023-01-27,144.41139221191406,145.69786696012557,141.5910594062202,141.6702287091871,70555800.0,AAPL,yfinance,0
2023-01-30,141.51187133789062,144.03533779783174,141.36343835201114,143.45148125337437,64015300.0,AAPL,yfinance,0
2023-01-31,142.78842163085938,142.83790431967665,140.7993443803763,141.21497178644756,65874500.0,AAPL,yfinance,0
2023-02-01,143.9165802001953,145.08430842068046,139.8493652771468,142.47178209857688,77663600.0,AAPL,yfinance,0
2023-02-02,149.25051879882812,149.60675801028222,146.62808661450947,147.35048573773668,118339000.0,AAPL,yfinance,0
2023-02-03,152.89219665527344,155.74223078414798,146.29160978319123,146.4895254643634,154357300.0,AAPL,yfinance,0
2023-02-06,150.15103149414062,151.5067849832526,149.21092060169065,150.98230158746472,69858300.0,AAPL,yfinance,0
2023-02-07,153.04061889648438,153.61458490158566,149.07235465259149,149.07235465259149,83322600.0,AAPL,yfinance,0
2023-02-08,150.33905029296875,152.97137275977542,149.5968551305232,152.2786602948261,64120100.0,AAPL,yfinance,0
2023-02-09,149.29995727539062,152.72395721753742,148.85464324794316,152.17967780621382,56007100.0,AAPL,yfinance,0
2023-02-10,149.6667022705078,149.99376860779552,147.89263166612992,148.13050221771812,57450700.0,AAPL,yfinance,0
2023-02-13,152.4814453125,152.88778669579239,149.57750103615223,149.60723296363568,62199000.0,AAPL,yfinance,0
2023-02-14,151.83721923828125,152.40215611020605,149.51803814134487,150.7668244728362,61707600.0,AAPL,yfinance,0
2023-02-15,153.94825744628906,154.11674338956908,151.52005454611242,151.74800433724963,65573800.0,AAPL,yfinance,0
2023-02-16,152.34266662597656,154.93935535973205,151.985868430853,152.14443364408874,68167900.0,AAPL,yfinance,0
2023-02-17,151.1929931640625,151.63898716051196,149.50811855355659,150.99477529042434,59144100.0,AAPL,yfinance,0
2023-02-21,147.15919494628906,149.95411695272674,147.08982549385345,148.8638959311259,58867200.0,AAPL,yfinance,0
2023-02-22,147.58535766601562,148.61609957273427,145.85092499148843,147.54570502168832,51011300.0,AAPL,yfinance,0
2023-02-23,148.0709991455078,149.00263975049123,145.9302250217555,148.7548636373809,48394200.0,AAPL,yfinance,0
2023-02-24,145.40493774414062,145.88066363662452,144.42373891303,145.80137346736828,55469600.0,AAPL,yfinance,0
2023-02-27,146.6041717529297,147.84305234351663,146.13835144102467,146.39604828262136,44998500.0,AAPL,yfinance,0
2023-02-28,146.0987091064453,147.7538517062128,145.5238667165713,145.74191090318052,50547000.0,AAPL,yfinance,0
2023-03-01,144.0173797607422,145.92029841797654,143.72004541238144,145.52386270219765,55479000.0,AAPL,yfinance,0
2023-03-02,144.61204528808594,145.40493182531964,142.61991578386647,143.0956567800384,52238100.0,AAPL,yfinance,0
2023-03-03,149.68650817871094,149.7657983517578,146.01942463285462,146.72310034368257,70732300.0,AAPL,yfinance,0
2023-03-06,152.4615936279297,154.90962273726373,152.09488983458962,152.42194098250997,87558000.0,AAPL,yfinance,0
2023-03-07,150.25146484375,152.65984178567712,149.7856444674581,152.3327754497877,56182000.0,AAPL,yfinance,0
2023-03-08,151.51014709472656,152.10481587149795,150.47940502111874,151.45068324166047,47204800.0,AAPL,yfinance,0
2023-03-09,149.2504119873047,153.16527144816123,148.89361378877035,152.1939933444496,53833600.0,AAPL,yfinance,0
2023-03-10,147.17898559570312,149.59728245884932,146.29690339133106,148.87378056882645,68572400.0,AAPL,yfinance,0
2023-03-13,149.13148498535156,151.77773200211703,146.38612147623616,146.49514356859967,84457100.0,AAPL,yfinance,0
2023-03-14,151.2326202392578,152.03541240200406,148.76477990534212,149.9342758651321,73695900.0,AAPL,yfinance,0
2023-03-15,151.62905883789062,151.88674052270053,148.586361246658,149.8450679963741,77167900.0,AAPL,yfinance,0
2023-03-16,154.46360778808594,155.06818200263717,150.291052123224,150.80643058228026,76161100.0,AAPL,yfinance,0
2023-03-17,153.62120056152344,155.34572787019124,152.90760409745778,154.69159525762194,98944600.0,AAPL,yfinance,0
2023-03-20,155.99984741210938,156.41612462417007,152.77875768053804,153.69058715899433,73641400.0,AAPL,yfinance,0
2023-03-21,157.8631134033203,157.98204109629864,155.14748180357108,155.9205571770909,73938300.0,AAPL,yfinance,0
2023-03-22,156.426025390625,160.6976833752444,156.40619906612653,157.88295021864405,75701800.0,AAPL,yfinance,0
2023-03-23,157.51622009277344,160.11292398786247,156.2773395529773,157.41711872342182,67622100.0,AAPL,yfinance,0
2023-03-24,158.82447814941406,158.9136739147859,156.44583366784832,157.44684365525544,59196500.0,AAPL,yfinance,0
2023-03-27,156.8720245361328,159.3398802717359,156.46566804738902,158.51726169320153,52390300.0,AAPL,yfinance,0
2023-03-28,156.24758911132812,157.08012822891882,154.59244672109517,156.56474975099155,45992200.0,AAPL,yfinance,0
2023-03-29,159.3398895263672,159.61739760234553,157.9325228201753,157.95233402341952,51305700.0,AAPL,yfinance,0
2023-03-30,160.91571044921875,161.0247325377752,159.83541028637475,160.09309198521143,49501700.0,AAPL,yfinance,0
2023-03-31,163.43312072753906,163.53223722356282,160.46972804690907,160.99501220511618,68749800.0,AAPL,yfinance,0
2023-04-03,164.69183349609375,164.81076119711048,162.759182739299,162.80874098907415,56976200.0,AAPL,yfinance,0
2023-04-04,164.1566162109375,165.35584399004858,163.6412377211354,165.11798862787225,46278300.0,AAPL,yfinance,0
2023-04-05,162.3032684326172,163.58180171406576,160.36071207007467,163.27456173694304,51511700.0,AAPL,yfinance,0
2023-04-06,163.19528198242188,163.4926163777719,160.55894019900367,160.98510790466275,45390100.0,AAPL,yfinance,0
2023-04-10,160.5886688232422,160.5886688232422,158.6560179778013,159.98409444358578,47716900.0,AAPL,yfinance,0
2023-04-11,159.36961364746094,160.91573431590425,159.08218486088444,160.90582871476735,47644200.0,AAPL,yfinance,0
2023-04-12,158.6758270263672,160.6183832614872,158.35866634623534,159.7858591607215,50133100.0,AAPL,yfinance,0
2023-04-13,164.08724975585938,164.32512026733755,159.98407795194623,160.19221653987137,68445600.0,AAPL,yfinance,0
2023-04-14,163.7403564453125,164.84048287959237,162.36272200266043,163.12586146415788,49386500.0,AAPL,yfinance,0
2023-04-17,163.7602081298828,163.91878849474452,162.57088563953178,163.6214540913928,41516200.0,AAPL,yfinance,0
2023-04-18,164.9891815185547,165.92082224839072,164.17646849957234,164.6224776613853,49923000.0,AAPL,yfinance,0
2023-04-19,166.1388397216797,166.6641238574634,164.06741997841854,164.32511680785814,47720200.0,AAPL,yfinance,0
2023-04-20,165.1675567626953,166.37670544707035,164.0872565010493,164.61254066948467,52456400.0,AAPL,yfinance,0
2023-04-21,163.5520477294922,164.9693197226261,163.02676362208774,163.581779650813,58337300.0,AAPL,yfinance,0
2023-04-24,163.85931396484375,164.1269164227342,162.4321210201679,163.53224765476762,41949600.0,AAPL,yfinance,0
2023-04-25,162.3131866455078,164.83058539726287,162.2735339969769,163.72055320726747,48714100.0,AAPL,yfinance,0
2023-04-26,162.3032684326172,163.80975151595447,161.3518165759181,161.6094983031377,45498800.0,AAPL,yfinance,0
2023-04-27,166.9119110107422,167.06057063521666,163.72055333888554,163.72055333888554,64902300.0,AAPL,yfinance,0
2023-04-28,168.1706085205078,168.33910959802364,166.3866324741896,166.9912068392812,55209200.0,AAPL,yfinance,0
2023-05-01,168.0814208984375,168.93377143610374,167.1398745787384,167.77418090050938,52472900.0,AAPL,yfinance,0
2023-05-02,167.04075622558594,168.8346681861752,166.04965166358446,168.57697132129934,48425700.0,AAPL,yfinance,0
2023-05-03,165.96046447753906,169.39959869563953,165.67305079381802,167.99223195947732,65136000.0,AAPL,yfinance,0
2023-05-04,164.315185546875,165.5540659995638,162.84835532534615,163.42319767016005,81235400.0,AAPL,yfinance,0
2023-05-05,172.0260009765625,172.74950296676494,169.24098486047572,169.45902904213452,113316400.0,AAPL,yfinance,0
2023-05-08,171.9566192626953,172.30351186374347,170.57898470464832,170.94568850577377,55962800.0,AAPL,yfinance,0
2023-05-09,170.2420196533203,171.99626368287582,170.0735337075861,171.51063216959898,45326900.0,AAPL,yfinance,0
2023-05-10,172.01608276367188,172.48190305646256,170.3708457773496,171.48089302464294,53724500.0,AAPL,yfinance,0
2023-05-11,172.20440673828125,173.0369308880872,170.63845981475797,172.30352323742437,49514700.0,AAPL,yfinance,0
2023-05-12,171.27146911621094,172.75024761525086,169.7132756322357,172.3135560619337,45497800.0,AAPL,yfinance,0
2023-05-15,170.7752227783203,171.9066439525377,170.17973157337624,171.85701716146394,37266700.0,AAPL,yfinance,0
2023-05-16,170.7752227783203,171.83716341624037,170.50725022169846,170.69582294139641,42110300.0,AAPL,yfinance,0
2023-05-17,171.39056396484375,171.62874834746046,169.13764076744155,170.41794239989213,57951600.0,AAPL,yfinance,0
2023-05-18,173.73281860351562,173.92139134908305,171.28140319908402,171.69824104214084,65496700.0,AAPL,yfinance,0
2023-05-19,173.84197998046875,175.06272037880413,173.62363419943688,175.06272037880413,55772400.0,AAPL,yfinance,0
2023-05-22,172.88919067382812,173.3953627585547,172.14483421414405,172.67084490080313,43570900.0,AAPL,yfinance,0
2023-05-23,170.26907348632812,172.07538594402806,169.99118159190851,171.8272670994411,50747300.0,AAPL,yfinance,0
2023-05-24,170.54696655273438,171.1226040934086,169.2369069191782,169.8026100138583,45143500.0,AAPL,yfinance,0
2023-05-25,171.6883087158203,172.59144973527793,170.39808778863198,171.11267122079872,56058300.0,AAPL,yfinance,0
2023-05-26,174.1099395751953,174.44739269623702,171.80740468839622,172.01583117068753,54835000.0,AAPL,yfinance,0
2023-05-30,175.9658660888672,177.64315169617504,175.24136339159378,175.6284281360517,55964400.0,AAPL,yfinance,0
2023-05-31,175.91627502441406,178.0004795449162,175.42995659790392,175.99567487837328,99625300.0,AAPL,yfinance,0
2023-06-01,178.73486328125,178.76463632708965,175.59863787172938,176.36284805087817,68901800.0,AAPL,yfinance,0
2023-06-02,179.58839416503906,180.41215044305542,177.91110856290692,179.66779400262783,61945900.0,AAPL,yfinance,0
2023-06-05,178.2287139892578,183.55830143833987,176.70029356551757,181.25576664565278,121946500.0,AAPL,yfinance,0
2023-06-06,177.8615264892578,178.76466761106187,176.0949063111125,178.61580235581204,64848400.0,AAPL,yfinance,0
2023-06-07,176.48199462890625,179.84648585280493,175.9857568959184,177.0973245717396,61944600.0,AAPL,yfinance,0
2023-06-08,179.21127319335938,179.47923062220013,176.12467438732125,176.56135080082998,50214900.0,AAPL,yfinance,0
2023-06-09,179.5983428955078,180.85877566456503,179.2708242183914,180.13427291189814,48870700.0,AAPL,yfinance,0
2023-06-12,182.40701293945312,182.50626651845295,179.60824071050394,179.9059863035334,54274900.0,AAPL,yfinance,0
2023-06-13,181.93064880371094,182.7643244394129,181.06720011987474,181.42449184145724,54929100.0,AAPL,yfinance,0
2023-06-14,182.56582641601562,183.00251796629055,180.6503563770028,181.99018893101425,57462900.0,AAPL,yfinance,0
2023-06-15,184.61032104492188,185.11649312894187,182.39710541486247,182.57575883980218,65433200.0,AAPL,yfinance,0
2023-06-16,183.52853393554688,185.58296511233405,182.88343103661734,185.32491183758503,101235600.0,AAPL,yfinance,0
2023-06-20,183.61785888671875,184.69966852666565,183.0223827636369,183.0223827636369,49799100.0,AAPL,yfinance,0
2023-06-21,182.5757598876953,184.01484602054117,181.21605845086614,183.50867393361597,49515700.0,AAPL,yfinance,0
2023-06-22,185.59288024902344,185.64250704259015,182.28793569790065,182.35741623768828,51245300.0,AAPL,yfinance,0
2023-06-23,185.27529907226562,186.14868226406438,183.61786698344585,184.15381217622152,53079300.0,AAPL,yfinance,0
2023-06-26,183.8759002685547,186.6349803489813,183.83619277653602,185.42415928991971,48088700.0,AAPL,yfinance,0
2023-06-27,186.64491271972656,186.9724314039452,184.2728972285419,184.491243018021,50730800.0,AAPL,yfinance,0
2023-06-28,187.8259735107422,188.4710764771,186.18839512292732,186.5158986853118,51216800.0,AAPL,yfinance,0
2023-06-29,188.1633758544922,188.63977487015424,187.51827301040888,187.65721893731777,46347300.0,AAPL,yfinance,0
2023-06-30,192.51043701171875,193.0165939677774,189.820822259396,190.188048421843,85069600.0,AAPL,yfinance,0
2023-07-03,191.0117950439453,192.4211080946957,190.3170502473471,192.32185451119005,31458200.0,AAPL,yfinance,0
2023-07-05,189.89031982421875,191.5278981742576,189.18565562789144,190.1285193717039,46920300.0,AAPL,yfinance,0
2023-07-06,190.36668395996094,190.57511043531196,187.77632283358471,188.4115064167895,45094300.0,AAPL,yfinance,0
2023-07-07,189.2451934814453,191.2202248903426,188.80851704604538,189.9697113944817,46778000.0,AAPL,yfinance,0
2023-07-10,187.19078063964844,188.56040149996468,185.63258703549474,187.83588357427638,59922200.0,AAPL,yfinance,0
2023-07-11,186.66476440429688,187.8755855347649,185.19590513637428,187.73663959244752,46638100.0,AAPL,yfinance,0
2023-07-12,188.342041015625,190.2575110663078,187.05182010303508,188.25270672963643,60750200.0,AAPL,yfinance,0
2023-07-13,189.10623168945312,189.75134970272404,188.35195593445923,189.06653934191485,41342300.0,AAPL,yfinance,0
2023-07-14,189.255126953125,189.74143018258206,188.203105504946,188.79858162868422,41573900.0,AAPL,yfinance,0
2023-07-17,192.53030395507812,192.85782264696726,190.36669975701497,190.4560189064468,50520200.0,AAPL,yfinance,0
2023-07-18,192.27223205566406,192.86772328218646,190.97209185986017,191.89510174657278,48353800.0,AAPL,yfinance,0
2023-07-19,193.63192749023438,196.73836472736357,191.20035101057832,191.64697698861832,80507300.0,AAPL,yfinance,0
2023-07-20,191.6767578125,194.9916216501567,191.05149353304836,193.6220009023945,59581200.0,AAPL,yfinance,0
2023-07-21,190.49571228027344,193.50291123999378,189.7910481510584,192.6394625715507,71917800.0,AAPL,yfinance,0
2023-07-24,191.2996368408203,193.44338737849276,190.80339913176502,191.95467425132685,45377800.0,AAPL,yfinance,0
2023-07-25,192.16305541992188,192.97689240402684,191.46832576518025,191.87524425723274,37283200.0,AAPL,yfinance,0
2023-07-26,193.0364532470703,194.16787452666702,191.86533961729995,192.21269689922778,47471900.0,AAPL,yfinance,0
2023-07-27,191.76609802246094,195.71614587462116,191.1011413216581,194.54503217158796,47460200.0,AAPL,yfinance,0
2023-07-28,194.35646057128906,195.15044392487152,192.679174712139,193.20518546579316,48291400.0,AAPL,yfinance,0
2023-07-31,194.9717559814453,195.01146347128426,193.79070803424523,194.58469124735177,38824100.0,AAPL,yfinance,0
2023-08-01,194.1381072998047,195.24967486566203,193.81058861115622,194.7633716275856,35175100.0,AAPL,yfinance,0
2023-08-02,191.1309051513672,193.71133198080406,190.40640238454526,193.57238603724957,50389300.0,AAPL,yfinance,0
2023-08-03,189.73150634765625,190.92247371064892,189.2551224312535,190.1285055646349,61235200.0,AAPL,yfinance,0
2023-08-04,180.62059020996094,185.9700316166551,180.55110966796553,184.12402690270278,115799700.0,AAPL,yfinance,0
2023-08-07,177.5042266845703,181.75202007346337,176.01551362367866,180.7595446995356,97576100.0,AAPL,yfinance,0
2023-08-08,178.4470672607422,178.91353187709316,176.2437708178845,178.33789436874574,67823000.0,AAPL,yfinance,0
2023-08-09,176.84918212890625,179.568554851008,175.67805336031552,179.50900875402357,60378500.0,AAPL,yfinance,0
2023-08-10,176.63084411621094,179.38992445369044,176.26363307266737,178.12947648415997,54686900.0,AAPL,yfinance,0
2023-08-11,176.69046020507812,177.51532893244283,175.45813862661385,176.22338084720406,51988100.0,AAPL,yfinance,0
2023-08-14,178.3501434326172,178.57871676071744,176.21343092354076,176.86935281922499,43675600.0,AAPL,yfinance,0
2023-08-15,176.35255432128906,178.36999853743362,175.9550341940922,177.77371834663836,43622600.0,AAPL,yfinance,0
2023-08-16,175.47799682617188,177.43579926165347,175.40842246751814,176.03453103772196,46964900.0,AAPL,yfinance,0
2023-08-17,172.9239044189453,176.41219151441152,172.40711609073566,176.04448461625057,66062900.0,AAPL,yfinance,0
2023-08-18,173.410888671875,174.0171167915457,170.8965364290824,171.23443009200113,61114200.0,AAPL,yfinance,0
2023-08-21,174.75253295898438,175.04074797752577,172.66552927979032,173.98730585882458,46311900.0,AAPL,yfinance,0
2023-08-22,176.13392639160156,176.58114035802282,175.15999139470742,175.96497956715007,42084200.0,AAPL,yfinance,0
2023-08-23,179.99986267089844,180.42721123128223,177.22712403410847,177.41595140978353,52722800.0,AAPL,yfinance,0
2023-08-24,175.28919982910156,179.98001065949663,174.92147774645116,179.55266206734146,54945800.0,AAPL,yfinance,0
2023-08-25,177.50540161132812,178.04205535297126,174.73266281139772,176.28301269216934,51449600.0,AAPL,yfinance,0
2023-08-28,179.07565307617188,179.47317328966272,177.44579593778087,178.97626544058713,43820700.0,AAPL,yfinance,0
2023-08-29,182.9813232421875,183.75649819628302,178.389900027249,178.58866011417203,53003900.0,AAPL,yfinance,0
2023-08-30,186.48947143554688,186.68824666593932,183.5974798721571,183.79623993812856,60813900.0,AAPL,yfinance,0
2023-08-31,186.70811462402344,187.9503840089481,186.32052718250378,186.67830137193894,60794500.0,AAPL,yfinance,0
2023-09-01,188.28831481933594,188.74546151435723,187.11560449736683,188.3181280749059,45732600.0,AAPL,yfinance,0
2023-09-05,188.52679443359375,188.80506155618394,186.44972370982364,187.11557826490886,45280000.0,AAPL,yfinance,0
2023-09-06,181.77882385253906,187.68209122918128,180.3477268928169,187.2348620559506,81755800.0,AAPL,yfinance,0
2023-09-07,176.46188354492188,177.10787273977496,172.46674085776903,174.0965977246818,112488800.0,AAPL,yfinance,0
2023-09-08,177.07806396484375,179.125336927239,176.69047647070752,177.24702596882145,65551300.0,AAPL,yfinance,0
2023-09-11,178.25074768066406,179.18493667169957,176.24323613595504,178.9563633540274,58953100.0,AAPL,yfinance,0
2023-09-12,175.20968627929688,179.0160016942275,173.73884349638047,178.37996034233754,90370200.0,AAPL,yfinance,0
2023-09-13,173.1326141357422,176.20350055461225,172.9040256402011,175.41837777577814,84267900.0,AAPL,yfinance,0
2023-09-14,174.6531524658203,175.0109266750055,172.5065072107091,172.92390792735483,60895800.0,AAPL,yfinance,0
2023-09-15,173.92764282226562,175.40843335624928,172.74501513151833,175.38855280048267,109205100.0,AAPL,yfinance,0
2023-09-18,176.86936950683594,178.27065318953,175.08049833365448,175.38857875373122,67257600.0,AAPL,yfinance,0
2023-09-19,177.96255493164062,178.51908920430856,176.034550369597,176.42213782123514,51826900.0,AAPL,yfinance,0
2023-09-20,174.40469360351562,178.5886485115626,174.3152386804528,178.1513672500879,58436200.0,AAPL,yfinance,0
2023-09-21,172.8543243408203,175.20967741085585,172.78476514063325,173.47050026870355,63047900.0,AAPL,yfinance,0
2023-09-22,173.70899963378906,175.98484555615838,172.9735858899277,173.58974662979438,56725400.0,AAPL,yfinance,0
2023-09-25,174.9910430908203,175.87553831983675,173.07297120229282,173.12266501245767,46172700.0,AAPL,yfinance,0
2023-09-26,170.8965301513672,174.11648285641874,170.5983824508641,173.7388432559087,64588900.0,AAPL,yfinance,0
2023-09-27,169.3759765625,171.9698357492923,168.00452141810098,171.5524350388733,66921800.0,AAPL,yfinance,0
2023-09-28,169.63436889648438,170.96607801740788,166.58334805459177,168.2927119154032,56294400.0,AAPL,yfinance,0
2023-09-29,170.1511688232422,171.99966637275853,169.28653897360869,170.956157001118,51814200.0,AAPL,yfinance,0
2023-10-02,172.6754608154297,173.2220624293127,169.87289353938732,170.16110855599047,52164500.0,AAPL,yfinance,0
2023-10-03,171.33380126953125,172.55620536089927,169.76358598551198,171.1946676938173,49594600.0,AAPL,yfinance,0
2023-10-04,172.58599853515625,173.13260007772962,169.9126324887325,170.03188549277738,53020300.0,AAPL,yfinance,0
2023-10-05,173.82827758789062,174.3649313004983,171.61205804275627,172.7151938850701,48527900.0,AAPL,yfinance,0
2023-10-06,176.39231872558594,176.88922647606876,172.10896117831024,172.72513710071527,57224100.0,AAPL,yfinance,0
2023-10-09,177.88304138183594,177.94266788538698,174.7127675180559,175.71651571148107,42390800.0,AAPL,yfinance,0
2023-10-10,177.28675842285156,178.60853494693302,176.84947714698436,176.99855858071479,43698000.0,AAPL,yfinance,0
2023-10-11,178.6880340576172,178.7377278666485,176.50164294003199,177.09792315514355,47551100.0,AAPL,yfinance,0
2023-10-12,179.59239196777344,181.21230079730788,177.9327068647785,178.95635070290385,56743100.0,AAPL,yfinance,0
2023-10-13,177.74392700195312,180.80486572035005,177.03831125012886,180.29802522104373,51427100.0,AAPL,yfinance,0
2023-10-16,177.61471557617188,177.97248977927228,175.41837654739012,175.65689773759766,52517000.0,AAPL,yfinance,0
2023-10-17,176.05441284179688,177.31656279493396,173.71895547455762,175.55750508309643,57549400.0,AAPL,yfinance,0
2023-10-18,174.75253295898438,176.48177757696462,174.02705181081853,174.49414635996683,54764400.0,AAPL,yfinance,0
2023-10-19,174.3748779296875,176.74014855708347,174.10654349306773,174.9512775869872,59302900.0,AAPL,yfinance,0
2023-10-20,171.81085205078125,174.33513709455804,171.57233083888437,174.22581676799155,64189300.0,AAPL,yfinance,0
2023-10-23,171.9300994873047,172.93384778812512,168.87907830418513,169.85302851446286,55980100.0,AAPL,yfinance,0
2023-10-24,172.36737060546875,172.59594393485276,170.3896722111032,171.9797831493734,43816600.0,AAPL,yfinance,0
2023-10-25,170.04185485839844,171.98972493811345,169.59462570782657,170.81702981156988,57157000.0,AAPL,yfinance,0
2023-10-26,165.85787963867188,170.32011700092076,164.64542343181446,169.31635357139493,70625300.0,AAPL,yfinance,0
2023-10-27,167.1796417236328,167.9150706400693,165.79823880916834,165.87774586751993,58499100.0,AAPL,yfinance,0
2023-10-30,169.23683166503906,170.11139414133623,167.82561550110003,167.97469692197112,51131000.0,AAPL,yfinance,0
2023-10-31,169.71388244628906,169.8430681534906,166.86162156099337,168.30266621223763,44846000.0,AAPL,yfinance,0
2023-11-01,172.89410400390625,173.15249060498644,169.0679078148722,169.94247040994804,56934900.0,AAPL,yfinance,0
2023-11-02,176.47183227539062,176.68052504619254,174.37488088465793,174.43450739060134,77334800.0,AAPL,yfinance,0
2023-11-03,175.55751037597656,175.72647236371952,172.27793120121478,173.16242643179135,79763700.0,AAPL,yfinance,0
2023-11-06,178.12155151367188,178.32031158491046,175.12023955979996,175.28918637857382,63841300.0,AAPL,yfinance,0
2023-11-07,180.695556640625,181.31171744967662,177.8631761623555,178.07186894277902,70530000.0,AAPL,yfinance,0
2023-11-08,181.75892639160156,182.31546067653568,180.466963136192,181.22227266382137,49340300.0,AAPL,yfinance,0
2023-11-09,181.2819061279297,182.98132230147056,180.6856107058037,181.82850773747478,53763500.0,AAPL,yfinance,0
2023-11-10,185.49127197265625,185.66045656490678,182.63526841968368,183.07312579736603,66133400.0,AAPL,yfinance,0
2023-11-13,183.89906311035156,185.12306234297503,183.31194313207843,184.91409464160964,43627500.0,AAPL,yfinance,0
2023-11-14,186.52621459960938,187.1929464637487,185.3917728154259,186.78494160849297,60108400.0,AAPL,yfinance,0
2023-11-15,187.09341430664062,188.5761557735661,186.86453984677962,186.93420587357204,53790500.0,AAPL,yfinance,0
2023-11-16,188.78515625,190.02906240656043,187.73031107433965,188.6458393678413,54412900.0,AAPL,yfinance,0
2023-11-17,188.76522827148438,189.45186682219116,187.65069333955432,189.3224957374494,50922700.0,AAPL,yfinance,0
2023-11-20,190.51666259765625,190.97442674127328,188.95432437160065,188.9642701544006,46505100.0,AAPL,yfinance,0
2023-11-21,189.71060180664062,190.586316538311,188.8149955106325,190.47685219685218,38134500.0,AAPL,yfinance,0
2023-11-22,190.37733459472656,191.98943200940647,189.89967891341405,190.55646496546896,39617700.0,AAPL,yfinance,0
2023-11-24,189.0438690185547,189.96932784078396,188.3273779116158,189.93947531002817,24048300.0,AAPL,yfinance,0
2023-11-27,188.86473083496094,189.7404455259629,187.97907036225195,188.99410191914976,40552600.0,AAPL,yfinance,0
2023-11-28,189.4717559814453,190.1484487418159,188.4766311807352,188.85478346401288,38415400.0,AAPL,yfinance,0
2023-11-29,188.44679260253906,191.15353347560767,188.04874872654685,189.96933244559008,43014200.0,AAPL,yfinance,0
2023-11-30,189.02395629882812,189.39216280718497,187.27254208408095,188.91449196138143,48794400.0,AAPL,yfinance,0
2023-12-01,190.30767822265625,190.6261102728152,188.3074675935333,189.40211098182942,45679300.0,AAPL,yfinance,0
2023-12-04,188.50648498535156,189.12347269135768,186.53614211824694,189.05380666632493,43389500.0,AAPL,yfinance,0
2023-12-05,192.47705078125,193.45226890347428,189.2528407319119,189.28270844769884,66628400.0,AAPL,yfinance,0
2023-12-06,191.38241577148438,193.81050761672594,191.17343287476277,193.50202134703213,41089700.0,AAPL,yfinance,0
2023-12-07,193.32290649414062,194.0493433741143,192.64621370853777,192.68602720531442,47477700.0,AAPL,yfinance,0
2023-12-08,194.75588989257812,195.03452363413496,192.72582670763535,193.25324166018223,53377300.0,AAPL,yfinance,0
2023-12-11,192.23822021484375,192.54672168765146,190.48680586341095,192.1685693679781,60943700.0,AAPL,yfinance,0
2023-12-12,193.7607879638672,193.770733747099,190.78535886215118,192.13872941737026,52696900.0,AAPL,yfinance,0
2023-12-13,196.9949188232422,197.03471713546693,193.90007998207173,194.13890022421998,70404200.0,AAPL,yfinance,0
2023-12-14,197.14419555664062,198.64682869695653,195.2037050285768,197.0546379594379,66831600.0,AAPL,yfinance,0
2023-12-15,196.60682678222656,197.4327670575499,196.0395983209077,196.5670132843794,128256700.0,AAPL,yfinance,0
2023-12-18,194.9350128173828,195.67141069754175,193.4423254921639,195.13403475719855,55751900.0,AAPL,yfinance,0
2023-12-19,195.97988891601562,195.98983469805682,194.9350047944863,195.20369275359957,40714100.0,AAPL,yfinance,0
2023-12-20,193.88018798828125,196.71628487042167,193.88018798828125,195.94008865557052,52242800.0,AAPL,yfinance,0
2023-12-21,193.73089599609375,196.11920471574882,192.55665597684,195.14398662703297,46482500.0,AAPL,yfinance,0
2023-12-22,192.6561737060547,194.45734722393942,192.02924020237552,194.22845757962483,37122800.0,AAPL,yfinance,0
2023-12-26,192.10887145996094,192.94477275989206,191.8899427598264,192.66613899324835,28919300.0,AAPL,yfinance,0
2023-12-27,192.20835876464844,192.5566585360189,190.15840400250286,191.55158790358445,48087700.0,AAPL,yfinance,0
2023-12-28,192.6362762451172,193.71101293849657,192.22827139973785,193.1935437488545,34049900.0,AAPL,yfinance,0
2023-12-29,191.5913848876953,193.452263485871,190.7952819760843,192.9547010641641,42628800.0,AAPL,yfinance,0
2024-01-02,184.73497009277344,187.52132261231023,182.9935016661129,186.2376030973938,82488700.0,AAPL,yfinance,0
2024-01-03,183.35174560546875,184.973803899141,182.53573597559208,183.32189307602442,58414500.0,AAPL,yfinance,0
2024-01-04,181.02316284179688,182.19740286158623,179.99818547387906,181.26198308479132,71983600.0,AAPL,yfinance,0
2024-01-05,180.29672241210938,181.86902157901608,179.29165172771755,181.10278633743064,62303300.0,AAPL,yfinance,0
2024-01-08,184.65536499023438,184.6951784875532,180.6151605231867,181.20228054123743,59144500.0,AAPL,yfinance,0
2024-01-09,184.23741149902344,184.24735728099782,181.83915700040632,183.02335798455337,42841800.0,AAPL,yfinance,0
2024-01-10,185.28231811523438,185.49128585287383,183.02338021192023,183.451291839185,46792900.0,AAPL,yfinance,0
2024-01-11,184.68521118164062,186.13810009590225,182.7248140769861,185.63057672110963,49128400.0,AAPL,yfinance,0
2024-01-12,185.01361083984375,185.8296205077815,184.2871739488164,185.1529277118819,40444700.0,AAPL,yfinance,0
2024-01-16,182.7347869873047,183.36170533773222,180.04793765769844,181.2719521956393,65603000.0,AAPL,yfinance,0
2024-01-17,181.78941345214844,182.03819468263436,179.42102646331548,180.3862988523529,47317400.0,AAPL,yfinance,0
2024-01-18,187.7104034423828,188.21791164443712,184.9240508532924,185.18277784532793,78005800.0,AAPL,yfinance,0
2024-01-19,190.62611389160156,191.01421197583775,187.89948151982946,188.4069897270921,68741000.0,AAPL,yfinance,0
2024-01-22,192.9447479248047,194.37773007418247,191.3226896328841,191.36250312836654,60133900.0,AAPL,yfinance,0
2024-01-23,194.22845458984375,194.79568302432682,192.8850451968675,194.06924615918857,42355600.0,AAPL,yfinance,0
2024-01-24,193.55178833007812,195.42262795546443,193.3925647057047,194.46730139362447,53631300.0,AAPL,yfinance,0
2024-01-25,193.223388671875,195.31315691300077,192.1685587692801,194.26827279243787,54822100.0,AAPL,yfinance,0
2024-01-26,191.48191833496094,193.8105067973861,191.00426266727368,193.32290534776368,44594000.0,AAPL,yfinance,0
2024-01-29,190.7952880859375,191.2629979920715,188.65577567784422,191.07392183626405,47145600.0,AAPL,yfinance,0
2024-01-30,187.123291015625,190.86497058760852,186.55607768365206,190.00916251363375,55859400.0,AAPL,yfinance,0
2024-01-31,183.5010223388672,186.18787167030365,183.45127824224116,186.12815142243116,55467800.0,AAPL,yfinance,0
2024-02-01,185.94903564453125,186.03859323945602,182.9238626911125,183.09303209854838,64885400.0,AAPL,yfinance,0
2024-02-02,184.94395446777344,186.41673495449575,178.3761245608121,178.9831513103476,102518000.0,AAPL,yfinance,0
2024-02-05,186.76504516601562,188.32739864140837,184.93401888424728,187.23275511187194,69668800.0,AAPL,yfinance,0
2024-02-06,188.37713623046875,188.38708201253658,185.8594715869018,185.94902917871246,43490800.0,AAPL,yfinance,0
2024-02-07,188.48660278320312,190.118606941087,187.69049986083044,189.71060210551596,53439000.0,AAPL,yfinance,0
2024-02-08,187.40191650390625,188.6159548348253,186.4366441977198,188.46669218310572,40962000.0,AAPL,yfinance,0
2024-02-09,188.1691436767578,189.30503301755343,187.3222021069975,187.96985257532495,45155200.0,AAPL,yfinance,0
2024-02-12,186.4752655029297,187.9897897322466,186.1165627960856,187.7406910525987,41781900.0,AAPL,yfinance,0
2024-02-13,184.37286376953125,185.53865891732192,182.84838113476025,185.10024282819998,56529500.0,AAPL,yfinance,0
2024-02-14,183.48606872558594,184.8610982078661,181.78224238811126,184.6518638454696,54630500.0,AAPL,yfinance,0
2024-02-15,183.19712829589844,183.82486181575325,180.69618309757163,182.88824837462906,65434500.0,AAPL,yfinance,0
2024-02-16,181.65269470214844,184.18354546694673,181.0150027746939,182.75869330174024,49701400.0,AAPL,yfinance,0
2024-02-20,180.90541076660156,181.77226924950583,179.3510375405212,181.134577279735,53665600.0,AAPL,yfinance,0
2024-02-21,181.66268920898438,182.23062628266825,180.00867035619171,181.28405435734408,41529700.0,AAPL,yfinance,0
2024-02-22,183.7052764892578,184.29316088677606,181.8021742653834,182.81848586019305,52292200.0,AAPL,yfinance,0
2024-02-23,181.86195373535156,184.37285727847149,181.57299077597804,184.3429666556088,45119700.0,AAPL,yfinance,0
2024-02-26,180.50686645507812,182.10108884357552,179.99869543060538,181.5829745492965,40867400.0,AAPL,yfinance,0
2024-02-27,181.9715576171875,183.25690001064538,178.9126187804792,180.4470750372319,54318900.0,AAPL,yfinance,0
2024-02-28,180.7659149169922,182.45978277503792,179.48057251285755,181.8519814326113,48953900.0,AAPL,yfinance,0
2024-02-29,180.09832763671875,181.91177314365308,178.88272498353265,180.6164570963822,136682600.0,AAPL,yfinance,0
2024-03-01,179.0122833251953,179.87914188711767,176.74050452556773,178.90267929522304,73488000.0,AAPL,yfinance,0
2024-03-04,174.4687042236328,176.26220237846417,173.16341449891394,175.51490641269265,81510100.0,AAPL,yfinance,0
2024-03-05,169.5066680908203,171.4197441647657,169.00847072144566,170.14436011546877,95132400.0,AAPL,yfinance,0
2024-03-06,168.51025390625,170.6226208472031,168.0718378391885,170.44326190896186,68587700.0,AAPL,yfinance,0
2024-03-07,168.3907012939453,170.1144598371159,167.8825454793763,168.5401544147667,71765100.0,AAPL,yfinance,0
2024-03-08,170.11444091796875,173.07373401132705,168.33090132482457,168.3906825665046,76114600.0,AAPL,yfinance,0
2024-03-11,172.12718200683594,173.75131021022753,171.42970876738985,172.31649942978052,60139500.0,AAPL,yfinance,0
2024-03-12,172.60543823242188,173.40255698056936,170.39344092810595,172.52572483722957,59825400.0,AAPL,yfinance,0
2024-03-13,170.51303100585938,172.56560166885345,170.14435462584885,172.14711771653415,52488700.0,AAPL,yfinance,0
2024-03-14,172.37628173828125,173.68155635236576,171.4297098215142,172.286609864896,72913500.0,AAPL,yfinance,0
2024-03-15,171.99765014648438,171.99765014648438,169.6760486454164,170.5528808562992,121664700.0,AAPL,yfinance,0
2024-03-18,173.0936737060547,177.0692936926196,172.89439782384204,174.9370098250161,75604200.0,AAPL,yfinance,0
2024-03-19,175.44517517089844,175.9732631292534,172.40616838919217,173.71144297319321,55215200.0,AAPL,yfinance,0
2024-03-20,178.02584838867188,178.02584838867188,174.45875335459758,175.08648691311953,53423100.0,AAPL,yfinance,0
2024-03-21,170.7521514892578,176.8500972709565,170.22406352502733,176.41168117904223,106181300.0,AAPL,yfinance,0
2024-03-22,171.65887451171875,172.42610267352754,169.44687710249696,171.14074502028382,71106600.0,AAPL,yfinance,0
2024-03-25,170.23403930664062,171.32010587263267,168.83907761478048,169.9550500090239,54288300.0,AAPL,yfinance,0
2024-03-26,169.09815979003906,170.80198629920847,168.96862360727067,169.3871075780101,57388400.0,AAPL,yfinance,0
2024-03-27,172.68515014648438,172.97411310204996,169.49669038501753,169.79561181348092,60273300.0,AAPL,yfinance,0
2024-03-28,170.86175537109375,171.60905138066403,169.8952513157474,171.1307861915964,65672700.0,AAPL,yfinance,0
2024-04-01,169.4169921875,170.6325949561908,168.86897205345468,170.5728137058907,46240500.0,AAPL,yfinance,0
2024-04-02,168.23126220703125,168.7294595117456,167.62346088712874,168.4704023866532,49329500.0,AAPL,yfinance,0
2024-04-03,169.03834533691406,170.0646306043195,167.97221097339488,168.1814453345995,47691700.0,AAPL,yfinance,0
2024-04-04,168.21136474609375,171.30017927084614,168.21136474609375,169.67605100414067,53704400.0,AAPL,yfinance,0
2024-04-05,168.96859741210938,169.77567460225572,168.3408639514289,168.97855588471026,42055200.0,AAPL,yfinance,0
2024-04-08,167.84268188476562,168.58997789957206,167.6334475147346,168.42059262733576,37425500.0,AAPL,yfinance,0
2024-04-09,169.0582733154297,169.46679875844995,167.74304032326918,168.09176931793073,42451200.0,AAPL,yfinance,0
2024-04-10,167.1750946044922,168.48036917466098,166.50751200767976,168.19142141332685,49709300.0,AAPL,yfinance,0
2024-04-11,174.40892028808594,174.8274194382653,167.55373514215378,167.73307888899373,91070300.0,AAPL,yfinance,0
2024-04-12,175.91348266601562,177.71695459263955,173.58192277868224,173.63173034934167,101593300.0,AAPL,yfinance,0
2024-04-15,172.0673828125,175.9931798985106,171.8780654093003,174.7277545222084,73531800.0,AAPL,yfinance,0
2024-04-16,168.7693328857422,173.13353117115574,167.6633342016507,171.1307833718662,73711200.0,AAPL,yfinance,0
2024-04-17,167.39430236816406,170.0347421275801,167.39430236816406,168.99849837401,50901200.0,AAPL,yfinance,0
2024-04-18,166.43775939941406,168.0319969568735,165.9495357403214,167.42419559851692,43122900.0,AAPL,yfinance,0
2024-04-19,164.40512084960938,165.80006730864108,163.48843957599198,165.610765092168,67772100.0,AAPL,yfinance,0
2024-04-22,165.24208068847656,166.65695922918923,164.17594634744867,164.9232423149658,48116400.0,AAPL,yfinance,0
2024-04-23,166.29824829101562,166.44771659935518,164.32539129188558,164.75384886459605,49537800.0,AAPL,yfinance,0
2024-04-24,168.41062927246094,168.68961856026672,165.61076271741103,165.93955957507254,48251800.0,AAPL,yfinance,0
2024-04-25,169.27749633789062,169.9949017439694,167.54376407257087,168.91879363485126,50558300.0,AAPL,yfinance,0
2024-04-26,168.6896209716797,170.72225941243215,168.57004327249933,169.26753170576032,44838400.0,AAPL,yfinance,0
2024-04-29,172.8744659423828,175.39534310552878,172.47591417733986,172.74492977704497,68169400.0,AAPL,yfinance,0
2024-04-30,169.71591186523438,174.3591148377481,169.38709978825105,172.7050959791447,65934800.0,AAPL,yfinance,0
2024-05-01,168.6896209716797,172.08733045132695,168.50030355143892,168.96861026347364,50383100.0,AAPL,yfinance,0
2024-05-02,172.40615844726562,172.79475173768014,170.27387458636483,171.8880289921212,94214900.0,AAPL,yfinance,0
2024-05-03,182.71884155273438,186.32578503963057,182.0014362443012,185.9770408577792,163224100.0,AAPL,yfinance,0
2024-05-06,181.0548858642578,183.5358989126904,179.76952819965473,181.6925778578994,78569700.0,AAPL,yfinance,0
2024-05-07,181.74237060546875,184.23335712804246,180.66627780703902,182.78858798570474,77305800.0,AAPL,yfinance,0
2024-05-08,182.08116149902344,182.40997355379537,180.79580390275353,182.19076551728074,45057100.0,AAPL,yfinance,0
2024-05-09,183.90457153320312,183.9942434045937,181.4534339554284,181.90180851615733,48983000.0,AAPL,yfinance,0
2024-05-10,182.63742065429688,184.67281593274453,181.71949609935797,184.4832417440643,50759500.0,AAPL,yfinance,0
2024-05-13,185.8601531982422,186.67831235597092,184.20389092118026,185.022050078909,72044800.0,AAPL,yfinance,0
2024-05-14,187.00755310058594,187.87560260141976,185.87012310151908,187.0873746193062,52393600.0,AAPL,yfinance,0
2024-05-15,189.2924041748047,190.2203008031565,186.9476945906926,187.48648604697289,70400000.0,AAPL,yfinance,0
2024-05-16,189.41212463378906,190.66929452090585,189.23253763528552,190.04070957734746,52845200.0,AAPL,yfinance,0
2024-05-17,189.4420623779297,190.3799462232965,188.75361507763282,189.082873144053,41282900.0,AAPL,yfinance,0
2024-05-20,190.6094207763672,191.48744227389747,188.58399727816297,188.90328335886426,44361300.0,AAPL,yfinance,0
2024-05-21,191.91647338867188,192.295606563888,190.48968851208156,190.65930352654095,42309400.0,AAPL,yfinance,0
2024-05-22,190.46974182128906,192.3854279059742,189.84117207338795,191.83666445590288,34648500.0,AAPL,yfinance,0
2024-05-23,186.45880126953125,190.5695104450197,186.20936473753514,190.54955125962866,51005900.0,AAPL,yfinance,0
2024-05-24,189.5518035888672,190.15045735054443,187.61617368042806,188.3944296603675,36294600.0,AAPL,yfinance,0
2024-05-28,189.56179809570312,192.5650085513949,188.67380462379438,191.07836129474845,52280100.0,AAPL,yfinance,0
2024-05-29,189.86111450195312,191.81670371975596,189.0828736970108,189.18265440509,53068000.0,AAPL,yfinance,0
2024-05-30,190.85885620117188,191.74684967437963,190.2003553062749,190.33005195445256,49947900.0,AAPL,yfinance,0
2024-05-31,191.8166961669922,192.13598224075488,189.4819738440947,191.00852422632752,75158300.0,AAPL,yfinance,0
2024-06-03,193.59266662597656,194.55050954143104,192.0860755575436,192.46520870740554,50080500.0,AAPL,yfinance,0
2024-06-04,193.91195678710938,194.87977170290745,192.59492465346364,194.20129645164835,47471400.0,AAPL,yfinance,0
2024-06-05,195.42852783203125,196.45620511862302,194.43078171111515,194.95958593724887,54156800.0,AAPL,yfinance,0
2024-06-06,194.04165649414062,196.05710787096342,193.7323576402732,195.24893596907827,41181800.0,AAPL,yfinance,0
2024-06-07,196.4462432861328,196.49613363963536,193.70244131187536,194.21128637904513,53103900.0,AAPL,yfinance,0
2024-06-10,192.68472290039062,196.85530953542744,191.7169079607164,196.45620195884163,97262100.0,AAPL,yfinance,0
2024-06-11,206.68310546875,206.6930926736998,193.1935887051364,193.21353266624035,172373300.0,AAPL,yfinance,0
2024-06-12,212.58978271484375,219.7037025197263,206.43367547843766,206.902617394007,198134300.0,AAPL,yfinance,0
2024-06-13,213.75714111328125,216.2614784743462,211.12309188063193,214.25601418934664,97862700.0,AAPL,yfinance,0
2024-06-14,212.01107788085938,214.68503016669274,210.8237575657328,213.36801320894725,70122700.0,AAPL,yfinance,0
2024-06-17,216.18165588378906,218.45651588142053,212.2405616472853,212.88909055319678,93728300.0,AAPL,yfinance,0
2024-06-18,213.8070068359375,218.13723651623954,212.5199210550432,217.09957203800778,79943300.0,AAPL,yfinance,0
2024-06-20,209.20741271972656,213.75714811087835,208.37929678381894,213.44783400509766,86172500.0,AAPL,yfinance,0
2024-06-21,207.02235412597656,211.41243109582913,206.64320571720273,209.91581187096148,246421400.0,AAPL,yfinance,0
2024-06-24,207.67086791992188,212.22058759649926,206.1243584552299,207.25181639438415,80727000.0,AAPL,yfinance,0
2024-06-25,208.59878540039062,210.90357646615678,208.13981549353107,208.67859169129048,56713900.0,AAPL,yfinance,0
2024-06-26,212.7693634033203,214.37573529051122,210.16524538059215,211.0233076661301,66213200.0,AAPL,yfinance,0
2024-06-27,213.61746215820312,215.25376527623442,211.8714063519454,214.2061287476001,49772700.0,AAPL,yfinance,0
2024-06-28,210.14527893066406,215.58300736088682,209.8260080950157,215.28368048569334,82542700.0,AAPL,yfinance,0
2024-07-01,216.261474609375,217.01975619065925,211.4423589537816,211.61197396968475,60402900.0,AAPL,yfinance,0
2024-07-02,219.77354431152344,219.88329699479613,214.61519864650157,215.66281990345283,58046200.0,AAPL,yfinance,0
2024-07-03,221.0506591796875,221.0506591796875,218.53633465750286,219.50414962607874,37369800.0,AAPL,yfinance,0
2024-07-05,225.82984924316406,225.93960192344272,221.15041758535088,221.15041758535088,60412400.0,AAPL,yfinance,0
2024-07-08,227.30653381347656,227.33646497984205,222.74682662809306,226.57816816685514,59085900.0,AAPL,yfinance,0
2024-07-09,228.16458129882812,228.8829597417087,225.85979013808537,227.41627168952732,48076100.0,AAPL,yfinance,0
2024-07-10,232.4548797607422,232.55466045949046,228.73329110826765,228.78318145764177,62627700.0,AAPL,yfinance,0
2024-07-11,227.05709838867188,231.86622690917008,225.26115227596378,230.86848076037649,64710600.0,AAPL,yfinance,0
2024-07-12,230.0203857421875,232.11565870158282,228.1645773343909,228.40404188598967,53046500.0,AAPL,yfinance,0
2024-07-15,233.87168884277344,236.69531224247876,232.5646438368613,235.94700263838575,62631300.0,AAPL,yfinance,0
2024-07-16,234.29075622558594,235.73748508570134,231.80636285277686,234.4703432233226,43234300.0,AAPL,yfinance,0
2024-07-17,228.3641357421875,230.93832254659503,226.12917896312734,228.9328431112231,57345900.0,AAPL,yfinance,0
2024-07-18,223.67471313476562,229.92061345724463,221.7690296564846,229.76097042757166,66034600.0,AAPL,yfinance,0
2024-07-19,223.80442810058594,226.28882140195597,222.77675082247163,224.31328836166992,49151500.0,AAPL,yfinance,0
2024-07-22,223.45523071289062,227.26661302541467,222.58718122432802,226.4983442399413,48201800.0,AAPL,yfinance,0
2024-07-23,224.5028533935547,226.42851135969482,222.1781030613285,223.86429647317826,39960300.0,AAPL,yfinance,0
2024-07-24,218.04742431640625,224.29332459793014,216.64061389677994,223.4951246791964,61777600.0,AAPL,yfinance,0
2024-07-25,216.99981689453125,220.35224458682225,214.13627507494223,218.4365585703147,51391200.0,AAPL,yfinance,0
2024-07-26,217.46875,218.99530033853074,215.52313289555326,218.20707238174316,41601300.0,AAPL,yfinance,0
2024-07-29,217.7481231689453,218.80573164190093,215.26372979848315,216.47100932714253,36311800.0,AAPL,yfinance,0
2024-07-30,218.30685424804688,219.8334045947242,215.63288672795753,218.6959746261333,41643800.0,AAPL,yfinance,0
2024-07-31,221.5794677734375,223.3155515626994,220.13273889458495,220.94091084366266,50036300.0,AAPL,yfinance,0
2024-08-01,217.8678436279297,223.9740450176905,216.53086747941563,223.86429233538576,62501000.0,AAPL,yfinance,0
2024-08-02,219.3644561767578,225.0915242198944,217.21930817086155,218.65604975341137,105568600.0,AAPL,yfinance,0
2024-08-05,208.79833984375,213.0188017705649,195.55824424838744,198.64127617987643,119548600.0,AAPL,yfinance,0
2024-08-06,206.76292419433594,209.51671322927783,200.6168196653937,204.83728149035767,69660500.0,AAPL,yfinance,0
2024-08-07,209.34710693359375,213.15848935419993,205.9248296826355,206.43367474426563,63516400.0,AAPL,yfinance,0
2024-08-08,212.8292236328125,213.71721707569145,208.35932525259923,212.6296774525561,47161100.0,AAPL,yfinance,0
2024-08-09,215.7526397705078,216.29141600978787,211.4922593126285,211.62197118803232,42201600.0,AAPL,yfinance,0
2024-08-12,217.2909393310547,219.26875909808805,215.36306766380915,215.83255236617862,38028100.0,AAPL,yfinance,0
2024-08-13,221.02682495117188,221.646138683676,218.76929897291208,218.76929897291208,44155300.0,AAPL,yfinance,0
2024-08-14,221.47633361816406,222.7848915052682,219.45854930599305,220.3276035510778,41960600.0,AAPL,yfinance,0
2024-08-15,224.47303771972656,225.10235023777113,222.5151850202656,224.35317447515422,46414000.0,AAPL,yfinance,0
2024-08-16,225.80157470703125,226.5807162697698,223.40420315535758,223.67391069385005,44340200.0,AAPL,yfinance,0
2024-08-19,225.64175415039062,225.74165035068273,222.79488010428776,225.4719428035102,40687800.0,AAPL,yfinance,0
2024-08-20,226.2610626220703,226.92034094772856,225.20222998863,225.52188562847152,30299000.0,AAPL,yfinance,0
2024-08-21,226.15118408203125,227.7294495174454,224.80267685471037,226.2710625686077,34765500.0,AAPL,yfinance,0
2024-08-22,224.2832489013672,228.08905941841815,223.65393636981634,227.53966079897057,43695300.0,AAPL,yfinance,0
2024-08-23,226.5906982421875,227.96918649391685,224.0834622297127,225.41200238324527,38677300.0,AAPL,yfinance,0
2024-08-26,226.93032836914062,227.03022456881217,223.64395069142014,226.5107917661563,30602200.0,AAPL,yfinance,0
2024-08-27,227.77938842773438,228.5984945445466,224.64283997153836,225.75162066501636,35934600.0,AAPL,yfinance,0
2024-08-28,226.2410888671875,229.6073802985885,225.4319662685897,227.6695099550691,38052200.0,AAPL,yfinance,0
2024-08-29,229.53746032714844,232.66402541964027,228.62847197635801,229.8471324488683,51906300.0,AAPL,yfinance,0
2024-08-30,228.7483367919922,230.14679214282077,227.23000295250677,229.93703146120657,52990800.0,AAPL,yfinance,0
2024-09-03,222.52517700195312,228.74832587928796,220.92692932694945,228.29882348382426,50190600.0,AAPL,yfinance,0
2024-09-04,220.6072998046875,221.53627045160738,217.24099295020864,221.4164072047842,43840200.0,AAPL,yfinance,0
2024-09-05,222.13560485839844,225.23218875186365,221.2765494057299,221.38642912323468,36615400.0,AAPL,yfinance,0
2024-09-06,220.57733154296875,224.99247224215048,219.5284824188554,223.7038813850335,48423000.0,AAPL,yfinance,0
2024-09-09,220.66722106933594,221.0268260349447,216.47183996524672,220.57732363843863,67180000.0,AAPL,yfinance,0
2024-09-10,219.86810302734375,221.23659254048482,216.49181271910507,218.67940838073807,51591000.0,AAPL,yfinance,0
2024-09-11,222.41529846191406,222.84481857216005,217.65053646391294,221.21662032032157,44587100.0,AAPL,yfinance,0
2024-09-12,222.52517700195312,223.30431855196207,219.57842214055833,222.25546946786713,37498200.0,AAPL,yfinance,0
2024-09-13,222.25547790527344,223.7937787761964,221.66612995902517,223.33429284055268,36766600.0,AAPL,yfinance,0
2024-09-16,216.082275390625,216.98128020943747,213.6849038037586,216.302019591785,59357400.0,AAPL,yfinance,0
2024-09-17,216.55174255371094,216.6616222741377,214.26426595466958,215.51289221314667,45519300.0,AAPL,yfinance,0
2024-09-18,220.4474639892578,222.46524827574677,217.30091669603667,217.31091546092293,59894900.0,AAPL,yfinance,0
2024-09-19,228.61846923828125,229.56743739121873,224.38313871157,224.74274368478322,66781300.0,AAPL,yfinance,0
2024-09-20,227.94920349121094,232.83382873595048,227.36983908638868,229.7172625160979,318679900.0,AAPL,yfinance,0
2024-09-23,226.2211151123047,229.19783588273827,225.56183678133013,227.09015412184934,54146000.0,AAPL,yfinance,0
2024-09-24,227.1201171875,229.09795215651428,225.48192014495527,228.39870925768025,43556100.0,AAPL,yfinance,0
2024-09-25,226.1212158203125,227.04020291666632,223.77380760174057,224.6827959331431,42308700.0,AAPL,yfinance,0
2024-09-26,227.26995849609375,228.24887720276465,225.16227678839184,227.05019905798116,36636700.0,AAPL,yfinance,0
2024-09-27,227.53965759277344,229.26776733886913,227.05020584581527,228.20893469195548,34026000.0,AAPL,yfinance,0
2024-09-30,232.7439422607422,232.7439422607422,229.39761768078608,229.78718847660608,54541900.0,AAPL,yfinance,0
2024-10-01,225.96141052246094,229.3976172900359,223.49412373913023,229.2677705196639,63285000.0,AAPL,yfinance,0
2024-10-02,226.53077697753906,227.12012493395358,222.77491454853467,225.64175566026316,32880600.0,AAPL,yfinance,0
2024-10-03,225.42198181152344,226.56072831643584,223.0745736591087,224.8925655126969,34044200.0,AAPL,yfinance,0
2024-10-04,226.55075073242188,227.74942888869526,223.88368688105714,227.6495326914976,37245100.0,AAPL,yfinance,0
2024-10-07,221.4463653564453,225.44196936055414,221.08676038639473,224.25327473060864,39505400.0,AAPL,yfinance,0
2024-10-08,225.52188110351562,225.73164177618557,223.0046463373399,224.05349542674807,31855700.0,AAPL,yfinance,0
2024-10-09,229.28773498535156,229.49751090746852,224.58291968465133,224.9824739985636,33591100.0,AAPL,yfinance,0
2024-10-10,228.7882843017578,229.24778548023318,226.9203442604764,227.5296744960524,28183500.0,AAPL,yfinance,0
2024-10-11,227.2999267578125,229.15788323697032,227.09015084025384,229.04800351672907,31759200.0,AAPL,yfinance,0
2024-10-14,231.04580688476562,231.47532700331138,228.34877720356226,228.44865815944695,39882100.0,AAPL,yfinance,0
2024-10-15,233.59300231933594,237.22900130875718,232.11461788171079,233.3532605949055,64751400.0,AAPL,yfinance,0
2024-10-16,231.5252685546875,231.86489123072647,229.5873982094942,231.34547369396782,34082200.0,AAPL,yfinance,0
2024-10-17,231.89486694335938,233.59301088010824,230.26666863657624,233.17345903647427,32993800.0,AAPL,yfinance,0
2024-10-18,234.74172973632812,235.9204255737285,233.75281228137578,235.9204255737285,46431500.0,AAPL,yfinance,0
2024-10-21,236.22010803222656,236.5897117727769,234.19234018879644,234.19234018879644,36254500.0,AAPL,yfinance,0
2024-10-22,235.60079956054688,235.96040454410334,232.3443876620224,233.6329632952546,38846600.0,AAPL,yfinance,0
2024-10-23,230.5063934326172,234.88158476901867,227.50969037853835,233.822752128634,52287000.0,AAPL,yfinance,0
2024-10-24,230.31661987304688,230.56634513279107,228.15898997077215,229.7272566761152,31109500.0,AAPL,yfinance,0
2024-10-25,231.1556854248047,232.96369380669327,229.3177112321018,229.4875225740561,38802300.0,AAPL,yfinance,0
2024-10-28,233.14349365234375,234.472033847566,232.29443692443334,233.06359498314518,36087100.0,AAPL,yfinance,0
2024-10-29,233.41319274902344,234.07247106119948,232.06468555632105,232.84382710997653,35417200.0,AAPL,yfinance,0
2024-10-30,229.8471221923828,233.21341362628857,229.29772360355057,232.35435817157438,47070900.0,AAPL,yfinance,0
2024-10-31,225.66172790527344,229.57741798472995,225.1223128313268,229.08795100904055,64370100.0,AAPL,yfinance,0
2024-11-01,222.66502380371094,225.10234466312102,220.02792579428782,220.72715344034327,65276700.0,AAPL,yfinance,0
2024-11-04,221.76600646972656,222.54514803369162,219.46854635353304,220.74713841963055,44944500.0,AAPL,yfinance,0
2024-11-05,223.2044219970703,223.70387248945224,220.896963160989,221.5562414690178,28111300.0,AAPL,yfinance,0
2024-11-06,222.47523498535156,225.82155947797517,220.94691765378838,222.36535526416637,54561100.0,AAPL,yfinance,0
2024-11-07,227.22999572753906,227.629565273657,224.32320539488208,224.38313701629485,42137700.0,AAPL,yfinance,0
2024-11-08,226.9600067138672,228.66000366210938,226.41000366210938,227.1699981689453,38328800.0,AAPL,yfinance,0
2024-11-11,224.22999572753906,225.6999969482422,221.5,225.0,42005600.0,AAPL,yfinance,0
2024-11-12,224.22999572753906,225.58999633789062,223.36000061035156,224.5500030517578,40398300.0,AAPL,yfinance,0
2024-11-13,225.1199951171875,226.64999389648438,222.75999450683594,224.00999450683594,48566200.0,AAPL,yfinance,0
2024-11-14,228.22000122070312,228.8699951171875,225.0,225.02000427246094,44923900.0,AAPL,yfinance,0
2024-11-15,225.0,226.9199981689453,224.27000427246094,226.39999389648438,47923700.0,AAPL,yfinance,0
2024-11-18,228.02000427246094,229.74000549316406,225.1699981689453,225.25,44686000.0,AAPL,yfinance,0
2024-11-19,228.27999877929688,230.16000366210938,226.66000366210938,226.97999572753906,36211800.0,AAPL,yfinance,0
2024-11-20,229.0,229.92999267578125,225.88999938964844,228.05999755859375,35169600.0,AAPL,yfinance,0
2024-11-21,228.52000427246094,230.16000366210938,225.7100067138672,228.8800048828125,42108300.0,AAPL,yfinance,0
2024-11-22,229.8699951171875,230.72000122070312,228.05999755859375,228.05999755859375,38168300.0,AAPL,yfinance,0
2024-11-25,232.8699951171875,233.25,229.74000549316406,231.4600067138672,90152800.0,AAPL,yfinance,0
2024-11-26,235.05999755859375,235.57000732421875,233.3300018310547,233.3300018310547,45986200.0,AAPL,yfinance,0
2024-11-27,234.92999267578125,235.69000244140625,233.80999755859375,234.47000122070312,33498400.0,AAPL,yfinance,0
2024-11-29,237.3300018310547,237.80999755859375,233.97000122070312,234.80999755859375,28481400.0,AAPL,yfinance,0
2024-12-02,239.58999633789062,240.7899932861328,237.16000366210938,237.27000427246094,48137100.0,AAPL,yfinance,0
2024-12-03,242.64999389648438,242.75999450683594,238.89999389648438,239.80999755859375,38861000.0,AAPL,yfinance,0
2024-12-04,243.00999450683594,244.11000061035156,241.25,242.8699951171875,44383900.0,AAPL,yfinance,0
2024-12-05,243.0399932861328,244.5399932861328,242.1300048828125,243.99000549316406,40033900.0,AAPL,yfinance,0
2024-12-06,242.83999633789062,244.6300048828125,242.0800018310547,242.91000366210938,36870600.0,AAPL,yfinance,0
2024-12-09,246.75,247.24000549316406,241.75,241.8300018310547,44649200.0,AAPL,yfinance,0
2024-12-10,247.77000427246094,248.2100067138672,245.33999633789062,246.88999938964844,36914800.0,AAPL,yfinance,0
2024-12-11,246.49000549316406,250.8000030517578,246.25999450683594,247.9600067138672,45205800.0,AAPL,yfinance,0
2024-12-12,247.9600067138672,248.74000549316406,245.67999267578125,246.88999938964844,32777500.0,AAPL,yfinance,0
2024-12-13,248.1300048828125,249.2899932861328,246.24000549316406,247.82000732421875,33155300.0,AAPL,yfinance,0
2024-12-16,251.0399932861328,251.3800048828125,247.64999389648438,247.99000549316406,51694800.0,AAPL,yfinance,0
2024-12-17,253.47999572753906,253.8300018310547,249.77999877929688,250.0800018310547,51356400.0,AAPL,yfinance,0
2024-12-18,248.0500030517578,254.27999877929688,247.74000549316406,252.16000366210938,56774100.0,AAPL,yfinance,0
2024-12-19,249.7899932861328,252.0,247.08999633789062,247.5,60882300.0,AAPL,yfinance,0
2024-12-20,254.49000549316406,255.0,245.69000244140625,248.0399932861328,147495300.0,AAPL,yfinance,0
2024-12-23,255.27000427246094,255.64999389648438,253.4499969482422,254.77000427246094,40858800.0,AAPL,yfinance,0
2024-12-24,258.20001220703125,258.2099914550781,255.2899932861328,255.49000549316406,23234700.0,AAPL,yfinance,0
2024-12-26,259.0199890136719,260.1000061035156,257.6300048828125,258.19000244140625,27237100.0,AAPL,yfinance,0
2024-12-27,255.58999633789062,258.70001220703125,253.05999755859375,257.8299865722656,42355300.0,AAPL,yfinance,0
2024-12-30,252.1999969482422,253.5,250.75,252.22999572753906,35557500.0,AAPL,yfinance,0
2024-12-31,250.4199981689453,253.27999877929688,249.42999267578125,252.44000244140625,39480700.0,AAPL,yfinance,0
2025-01-02,243.85000610351562,249.10000610351562,241.82000732421875,248.92999267578125,55740700.0,AAPL,yfinance,0
2025-01-03,243.36000061035156,244.17999267578125,241.88999938964844,243.36000061035156,40244100.0,AAPL,yfinance,0
2025-01-06,245.0,247.3300018310547,243.1999969482422,244.30999755859375,45045600.0,AAPL,yfinance,0
2025-01-07,242.2100067138672,245.5500030517578,241.35000610351562,242.97999572753906,40856000.0,AAPL,yfinance,0
2025-01-08,242.6999969482422,243.7100067138672,240.0500030517578,241.9199981689453,37628900.0,AAPL,yfinance,0
2025-01-10,236.85000610351562,240.16000366210938,233.0,240.00999450683594,61710900.0,AAPL,yfinance,0
2025-01-13,234.39999389648438,234.6699981689453,229.72000122070312,233.52999877929688,49630700.0,AAPL,yfinance,0
2025-01-14,233.27999877929688,236.1199951171875,232.47000122070312,234.75,39435300.0,AAPL,yfinance,0
2025-01-15,237.8699951171875,238.9600067138672,234.42999267578125,234.63999938964844,39832000.0,AAPL,yfinance,0
2025-01-16,228.25999450683594,238.00999450683594,228.02999877929688,237.35000610351562,71759100.0,AAPL,yfinance,0
2025-01-17,228.25999450683594,238.00999450683594,228.02999877929688,237.35000610351562,71759100.0,AAPL,yfinance,0
