Date,Close AAPL,High AAPL,Low AAPL,Open AAPL,Volume AAPL,ticker,source,is_filled
2023-01-03,123.7684555053711,129.53777972145332,122.87781986866916,128.92423659950236,112117500.0,AAPL,yfinance,0
2023-01-04,125.04503631591797,127.32110440506466,123.77835783326215,125.56951966733021,89113600.0,AAPL,yfinance,0
2023-01-05,123.7189712524414,126.44035327195598,123.4616823884138,125.80701406050522,80962700.0,AAPL,yfinance,0
2023-01-06,128.2711181640625,128.93414406697812,123.59034464347916,124.69869219835303,87754700.0,AAPL,yfinance,0
2023-01-09,128.7956085205078,132.02169350888224,128.53831960548445,129.11228573899893,70790800.0,AAPL,yfinance,0
2023-01-10,129.36956787109375,129.8940512742199,126.786727955699,128.9044576683215,63896200.0,AAPL,yfinance,0
2023-01-11,132.100830078125,132.1206110743782,129.1023632460795,129.88413539800015,69458900.0,AAPL,yfinance,0
2023-01-12,132.02166748046875,132.86281286375012,130.07216715098443,132.48677761592936,71379600.0,AAPL,yfinance,0
2023-01-13,133.3576202392578,133.51595882992456,130.28988932008468,130.65603409850235,57809700.0,AAPL,yfinance,0
2023-01-17,134.52532958984375,135.86127162359787,132.7341679468124,133.42688030875863,63646600.0,AAPL,yfinance,0
2023-01-18,133.80296325683594,137.16757560662668,133.62482854890547,135.3962096277664,69672800.0,AAPL,yfinance,0
2023-01-19,133.86231994628906,134.8321173698302,132.37792966331844,132.68470123913258,58280400.0,AAPL,yfinance,0
2023-01-20,136.4352264404297,136.58367449869263,132.82321685596753,133.8721833610444,80223600.0,AAPL,yfinance,0
2023-01-23,139.6415557861328,141.82856432193728,136.46495363412728,136.68266543769153,81760300.0,AAPL,yfinance,0
2023-01-24,141.04676818847656,141.67021696013663,138.83997878878998,138.8498692883404,66435100.0,AAPL,yfinance,0
2023-01-25,140.38372802734375,140.94778844428123,137.36546497180777,139.4238211686979,65799300.0,AAPL,yfinance,0
2023-01-26,142.46188354492188,142.748859009156,140.42330829899026,141.6800962423563,54105100.0,AAPL,yfinance,0
2023-01-27,144.41139221191406,145.69786696012557,141.5910594062202,141.6702287091871,70555800.0,AAPL,yfinance,0
2023-01-30,141.5118408203125,144.0353067360584,141.36340786644317,143.45145031751193,64015300.0,AAPL,yfinance,0
2023-01-31,142.78843688964844,142.83791958375357,140.79935942660674,141.21498687709317,65874500.0,AAPL,yfinance,0
2023-02-01,143.91659545898438,145.08432380327815,139.84938010470844,142.4717972041809,77663600.0,AAPL,yfinance,0
2023-02-02,149.25050354003906,149.60674271507267,146.62807162382762,147.35047067319957,118339000.0,AAPL,yfinance,0
2023-02-03,152.89218139648438,155.74221524092275,146.29159518314714,146.48951084456712,154357300.0,AAPL,yfinance,0
2023-02-06,150.15101623535156,151.50676958668788,149.2109054384384,150.98228624419954,69858300.0,AAPL,yfinance,0
2023-02-07,153.0406494140625,153.6146155336174,149.07238437886454,149.07238437886454,83322600.0,AAPL,yfinance,0
2023-02-08,150.3390350341797,152.97135723381655,149.59683994706387,152.27864483917466,64120100.0,AAPL,yfinance,0
2023-02-09,149.29995727539062,152.72395721753742,148.85464324794316,152.17967780621382,56007100.0,AAPL,yfinance,0
2023-02-10,149.66668701171875,149.99375331566142,147.89261658821053,148.1304871155474,57450700.0,AAPL,yfinance,0
2023-02-13,152.48143005371094,152.88777139634084,149.5774860679603,149.6072179924685,62199000.0,AAPL,yfinance,0
2023-02-14,151.83721923828125,152.40215611020605,149.51803814134487,150.7668244728362,61707600.0,AAPL,yfinance,0
2023-02-15,153.9482879638672,154.1167739405466,151.52008458234133,151.74803441866564,65573800.0,AAPL,yfinance,0
2023-02-16,152.34266662597656,154.93935535973205,151.985868430853,152.14443364408874,68167900.0,AAPL,yfinance,0
2023-02-17,151.1929931640625,151.63898716051196,149.50811855355659,150.99477529042434,59144100.0,AAPL,yfinance,0
2023-02-21,147.15919494628906,149.95411695272674,147.08982549385345,148.8638959311259,58867200.0,AAPL,yfinance,0
2023-02-22,147.5853729248047,148.61611493809133,145.8509400709552,147.54572027637772,51011300.0,AAPL,yfinance,0
2023-02-23,148.0709991455078,149.00263975049123,145.9302250217555,148.7548636373809,48394200.0,AAPL,yfinance,0
2023-02-24,145.40493774414062,145.88066363662452,144.42373891303,145.80137346736828,55469600.0,AAPL,yfinance,0
2023-02-27,146.6041717529297,147.84305234351663,146.13835144102467,146.39604828262136,44998500.0,AAPL,yfinance,0
2023-02-28,146.09872436523438,147.75386713786767,145.52388191532287,145.741926124705,50547000.0,AAPL,yfinance,0
2023-03-01,144.0173797607422,145.92029841797654,143.72004541238144,145.52386270219765,55479000.0,AAPL,yfinance,0
2023-03-02,144.61204528808594,145.40493182531964,142.61991578386647,143.0956567800384,52238100.0,AAPL,yfinance,0
2023-03-03,149.6865234375,149.76581361862958,146.0194395178274,146.72311530038687,70732300.0,AAPL,yfinance,0
2023-03-06,152.46160888671875,154.9096382410585,152.09490505667793,152.42195623733048,87558000.0,AAPL,yfinance,0
2023-03-07,150.25144958496094,152.65982628230532,149.7856292559754,152.33275997963113,56182000.0,AAPL,yfinance,0
2023-03-08,151.51016235351562,152.1048311901769,150.47942017610038,151.45069849446085,47204800.0,AAPL,yfinance,0
2023-03-09,149.2504119873047,153.16527144816123,148.89361378877035,152.1939933444496,53833600.0,AAPL,yfinance,0
2023-03-10,147.17901611328125,149.59731347786158,146.29693372600934,148.8738114378205,68572400.0,AAPL,yfinance,0
2023-03-13,149.13150024414062,151.77774753166398,146.38613645412596,146.49515855764437,84457100.0,AAPL,yfinance,0
2023-03-14,151.23263549804688,152.03542774179175,148.7647949151356,149.93429099292322,73695900.0,AAPL,yfinance,0
2023-03-15,151.6290740966797,151.8867558074207,148.5863761992532,149.84508307563596,77167900.0,AAPL,yfinance,0
2023-03-16,154.463623046875,155.06819732114948,150.2910669698244,150.80644547979264,76161100.0,AAPL,yfinance,0
2023-03-17,153.62118530273438,155.34571244010942,152.90758890954837,154.69157989251337,98944600.0,AAPL,yfinance,0
2023-03-20,155.99984741210938,156.41612462417007,152.77875768053804,153.69058715899433,73641400.0,AAPL,yfinance,0
2023-03-21,157.86309814453125,157.98202582601422,155.1474668072705,155.9205421060661,73938300.0,AAPL,yfinance,0
2023-03-22,156.42604064941406,160.69769905071811,156.4062143229816,157.88296561955082,75701800.0,AAPL,yfinance,0
2023-03-23,157.51620483398438,160.11290847752753,156.2773244142001,157.41710347423285,67622100.0,AAPL,yfinance,0
2023-03-24,158.82449340820312,158.91368918214428,156.4458486981132,157.44685878169065,59196500.0,AAPL,yfinance,0
2023-03-27,156.87200927734375,159.3398647729009,156.46565282812585,158.51724627438185,52390300.0,AAPL,yfinance,0
2023-03-28,156.2476043701172,157.0801435690118,154.59246181824673,156.56476504075383,45992200.0,AAPL,yfinance,0
2023-03-29,159.33985900878906,159.61736703161768,157.93249257214313,157.95230377159302,51305700.0,AAPL,yfinance,0
2023-03-30,160.91571044921875,161.0247325377752,159.83541028637475,160.09309198521143,49501700.0,AAPL,yfinance,0
2023-03-31,163.43310546875,163.53222195551984,160.46971306479455,160.99499717395898,68749800.0,AAPL,yfinance,0
2023-04-03,164.6918182373047,164.81074592730272,162.75916765957112,162.80872590475465,56976200.0,AAPL,yfinance,0
2023-04-04,164.15664672851562,165.35587473056947,163.64126814290196,165.11801932417455,46278300.0,AAPL,yfinance,0
2023-04-05,162.30323791503906,163.5817709560874,160.36068191775178,163.27453103673446,51511700.0,AAPL,yfinance,0
2023-04-06,163.1952667236328,163.492601091182,160.55892518671305,160.98509285252538,45390100.0,AAPL,yfinance,0
2023-04-10,160.58863830566406,160.58863830566406,158.65598782749578,159.98406404089835,47716900.0,AAPL,yfinance,0
2023-04-11,159.36959838867188,160.9157189090824,159.08216962961518,160.90581330889393,47644200.0,AAPL,yfinance,0
2023-04-12,158.67581176757812,160.61836781589554,158.3586511179455,159.78584379518807,50133100.0,AAPL,yfinance,0
2023-04-13,164.08724975585938,164.32512026733755,159.98407795194623,160.19221653987137,68445600.0,AAPL,yfinance,0
2023-04-14,163.74038696289062,164.8405136022097,162.362752263478,163.12589186720774,49386500.0,AAPL,yfinance,0
2023-04-17,163.7602081298828,163.91878849474452,162.57088563953178,163.6214540913928,41516200.0,AAPL,yfinance,0
2023-04-18,164.9891815185547,165.92082224839072,164.17646849957234,164.6224776613853,49923000.0,AAPL,yfinance,0
2023-04-19,166.1388397216797,166.6641238574634,164.06741997841854,164.32511680785814,47720200.0,AAPL,yfinance,0
2023-04-20,165.1675567626953,166.37670544707035,164.0872565010493,164.61254066948467,52456400.0,AAPL,yfinance,0
2023-04-21,163.55206298828125,164.9693351136413,163.0267788318698,163.58179491237593,58337300.0,AAPL,yfinance,0
2023-04-24,163.85931396484375,164.1269164227342,162.4321210201679,163.53224765476762,41949600.0,AAPL,yfinance,0
2023-04-25,162.3131866455078,164.83058539726287,162.2735339969769,163.72055320726747,48714100.0,AAPL,yfinance,0
2023-04-26,162.30323791503906,163.80972071511513,161.35178623723965,161.60946791600787,45498800.0,AAPL,yfinance,0
2023-04-27,166.91192626953125,167.06058590759594,163.72056830592638,163.72056830592638,64902300.0,AAPL,yfinance,0
2023-04-28,168.17059326171875,168.3390943239458,166.3866173772678,166.99119168750394,55209200.0,AAPL,yfinance,0
2023-05-01,168.08139038085938,168.9337407637692,167.13984423211144,167.77415043871505,52472900.0,AAPL,yfinance,0
2023-05-02,167.0407257080078,168.83463734085763,166.04962132707658,168.57694052306178,48425700.0,AAPL,yfinance,0
2023-05-03,165.96044921875,169.39958312064851,165.67303556145444,167.99221651388285,65136000.0,AAPL,yfinance,0
2023-05-04,164.315185546875,165.5540659995638,162.84835532534615,163.42319767016005,81235400.0,AAPL,yfinance,0
2023-05-05,172.0260009765625,172.74950296676494,169.24098486047572,169.45902904213452,113316400.0,AAPL,yfinance,0
2023-05-08,171.9566192626953,172.30351186374347,170.57898470464832,170.94568850577377,55962800.0,AAPL,yfinance,0
2023-05-09,170.2420196533203,171.99626368287582,170.0735337075861,171.51063216959898,45326900.0,AAPL,yfinance,0
2023-05-10,172.01609802246094,172.4819183565725,170.37086089019692,171.48090823595766,53724500.0,AAPL,yfinance,0
2023-05-11,172.2043914794922,173.03691555552936,170.63844469472525,172.30350796985275,49514700.0,AAPL,yfinance,0
2023-05-12,171.271484375,172.7502630057861,169.71329075220336,172.31357141356355,45497800.0,AAPL,yfinance,0
2023-05-15,170.77523803710938,171.9066593124194,170.1797467789581,171.8570325169115,37266700.0,AAPL,yfinance,0
2023-05-16,170.77523803710938,171.83717876991398,170.50726545654413,170.69583819309108,42110300.0,AAPL,yfinance,0
2023-05-17,171.3905487060547,171.62873306746602,169.1376257092288,170.41792722769495,57951600.0,AAPL,yfinance,0
2023-05-18,173.73281860351562,173.92139134908305,171.28140319908402,171.69824104214084,65496700.0,AAPL,yfinance,0
2023-05-19,173.8419647216797,175.0627050128659,173.62361895981286,175.0627050128659,55772400.0,AAPL,yfinance,0
2023-05-22,172.8892059326172,173.3953780620173,172.14484940723798,172.6708601403215,43570900.0,AAPL,yfinance,0
2023-05-23,170.26905822753906,172.07537052336497,169.99116635802292,171.82725170101335,50747300.0,AAPL,yfinance,0
2023-05-24,170.54696655273438,171.1226040934086,169.2369069191782,169.8026100138583,45143500.0,AAPL,yfinance,0
2023-05-25,171.68832397460938,172.5914650743336,170.39810293275275,171.11268642842802,56058300.0,AAPL,yfinance,0
2023-05-26,174.1099395751953,174.44739269623702,171.80740468839622,172.01583117068753,54835000.0,AAPL,yfinance,0
2023-05-30,175.9658660888672,177.64315169617504,175.24136339159378,175.6284281360517,55964400.0,AAPL,yfinance,0
2023-05-31,175.91627502441406,178.0004795449162,175.42995659790392,175.99567487837328,99625300.0,AAPL,yfinance,0
2023-06-01,178.73486328125,178.76463632708965,175.59863787172938,176.36284805087817,68901800.0,AAPL,yfinance,0
2023-06-02,179.58840942382812,180.41216577183522,177.91112367918484,179.6678092681631,61945900.0,AAPL,yfinance,0
2023-06-05,178.22872924804688,183.55831715341373,176.70030869345317,181.2557821635985,121946500.0,AAPL,yfinance,0
2023-06-06,177.8615264892578,178.76466761106187,176.0949063111125,178.61580235581204,64848400.0,AAPL,yfinance,0
2023-06-07,176.4819793701172,179.84647030311896,175.9857416800345,177.09730925974853,61944600.0,AAPL,yfinance,0
2023-06-08,179.21128845214844,179.4792459038042,176.1246893833045,176.5613658339937,50214900.0,AAPL,yfinance,0
2023-06-09,179.59835815429688,180.85879103044124,179.27083944935424,180.13428821622014,48870700.0,AAPL,yfinance,0
2023-06-12,182.4070281982422,182.5062817855448,179.60825573516888,179.90600135310552,54274900.0,AAPL,yfinance,0
2023-06-13,181.93064880371094,182.7643244394129,181.06720011987474,181.42449184145724,54929100.0,AAPL,yfinance,0
2023-06-14,182.56582641601562,183.00251796629055,180.6503563770028,181.99018893101425,57462900.0,AAPL,yfinance,0
2023-06-15,184.61033630371094,185.1165084295681,182.39712049072034,182.57577393042644,65433200.0,AAPL,yfinance,0
2023-06-16,183.52853393554688,185.58296511233405,182.88343103661734,185.32491183758503,101235600.0,AAPL,yfinance,0
2023-06-20,183.61785888671875,184.69966852666565,183.0223827636369,183.0223827636369,49799100.0,AAPL,yfinance,0
2023-06-21,182.57577514648438,184.014861399602,181.21607359601802,183.50868927037342,49515700.0,AAPL,yfinance,0
2023-06-22,185.59288024902344,185.64250704259015,182.28793569790065,182.35741623768828,51245300.0,AAPL,yfinance,0
2023-06-23,185.27529907226562,186.14868226406438,183.61786698344585,184.15381217622152,53079300.0,AAPL,yfinance,0
2023-06-26,183.87591552734375,186.6349958367303,183.83620803203,185.42417467718977,48088700.0,AAPL,yfinance,0
2023-06-27,186.6448974609375,186.9724161183805,184.27288216367234,184.491227935301,50730800.0,AAPL,yfinance,0
2023-06-28,187.8259735107422,188.4710764771,186.18839512292732,186.5158986853118,51216800.0,AAPL,yfinance,0
2023-06-29,188.1634063720703,188.63980546499792,187.51830342335998,187.65724937280402,46347300.0,AAPL,yfinance,0
2023-06-30,192.51043701171875,193.0165939677774,189.820822259396,190.188048421843,85069600.0,AAPL,yfinance,0
2023-07-03,191.01181030273438,192.42112346606635,190.31706545063716,192.32186987463191,31458200.0,AAPL,yfinance,0
2023-07-05,189.89031982421875,191.5278981742576,189.18565562789144,190.1285193717039,46920300.0,AAPL,yfinance,0
2023-07-06,190.36669921875,190.57512571080738,187.7763378847441,188.41152151886186,45094300.0,AAPL,yfinance,0
2023-07-07,189.2451934814453,191.2202248903426,188.80851704604538,189.9697113944817,46778000.0,AAPL,yfinance,0
2023-07-10,187.19078063964844,188.56040149996468,185.63258703549474,187.83588357427638,59922200.0,AAPL,yfinance,0
2023-07-11,186.66476440429688,187.8755855347649,185.19590513637428,187.73663959244752,46638100.0,AAPL,yfinance,0
2023-07-12,188.34205627441406,190.2575264802813,187.05183525729512,188.25272198118796,60750200.0,AAPL,yfinance,0
2023-07-13,189.10623168945312,189.75134970272404,188.35195593445923,189.06653934191485,41342300.0,AAPL,yfinance,0
2023-07-14,189.255126953125,189.74143018258206,188.203105504946,188.79858162868422,41573900.0,AAPL,yfinance,0
2023-07-17,192.53028869628906,192.85780736222108,190.3666846697001,190.45600381205304,50520200.0,AAPL,yfinance,0
2023-07-18,192.27224731445312,192.8677385882339,190.97210701546965,191.89511697543264,48353800.0,AAPL,yfinance,0
2023-07-19,193.63194274902344,196.7383802309494,191.20036607775168,191.6469920909872,80507300.0,AAPL,yfinance,0
2023-07-20,191.67677307128906,194.99163717283173,191.05150874206208,193.6220163160383,59581200.0,AAPL,yfinance,0
2023-07-21,190.49569702148438,193.50289574032678,189.79103294871322,192.6394471410463,71917800.0,AAPL,yfinance,0
2023-07-24,191.2996063232422,193.44335651892717,190.8033686933505,191.95464362925216,45377800.0,AAPL,yfinance,0
2023-07-25,192.16305541992188,192.97689240402684,191.46832576518025,191.87524425723274,37283200.0,AAPL,yfinance,0
2023-07-26,193.0364532470703,194.16787452666702,191.86533961729995,192.21269689922778,47471900.0,AAPL,yfinance,0
2023-07-27,191.76611328125,195.7161614477147,191.10115652753672,194.54504765149625,47460200.0,AAPL,yfinance,0
2023-07-28,194.3564453125,195.15042860374737,192.6791595850325,193.20517029738988,48291400.0,AAPL,yfinance,0
2023-07-31,194.97177124023438,195.01147873318087,193.79072320060368,194.58470647584855,38824100.0,AAPL,yfinance,0
2023-08-01,194.13809204101562,195.24965951950642,193.81057337810935,194.76335631965225,35175100.0,AAPL,yfinance,0
2023-08-02,191.1309051513672,193.71133198080406,190.40640238454526,193.57238603724957,50389300.0,AAPL,yfinance,0
2023-08-03,189.73150634765625,190.92247371064892,189.2551224312535,190.1285055646349,61235200.0,AAPL,yfinance,0
2023-08-04,180.62059020996094,185.9700316166551,180.55110966796553,184.12402690270278,115799700.0,AAPL,yfinance,0
2023-08-07,177.5042266845703,181.75202007346337,176.01551362367866,180.7595446995356,97576100.0,AAPL,yfinance,0
2023-08-08,178.4470672607422,178.91353187709316,176.2437708178845,178.33789436874574,67823000.0,AAPL,yfinance,0
2023-08-09,176.84918212890625,179.568554851008,175.67805336031552,179.50900875402357,60378500.0,AAPL,yfinance,0
2023-08-10,176.63082885742188,179.38990895654987,176.26361784560095,178.12946109590703,54686900.0,AAPL,yfinance,0
2023-08-11,176.6904754638672,177.5153442624666,175.458153778981,176.2233960656567,51988100.0,AAPL,yfinance,0
2023-08-14,178.35015869140625,178.57873203906215,176.2134459995229,176.86936795132465,43675600.0,AAPL,yfinance,0
2023-08-15,176.35256958007812,178.37001397078072,175.9550494184861,177.7737337283927,43622600.0,AAPL,yfinance,0
2023-08-16,175.47801208496094,177.43581469068437,175.40843772025733,176.03454634490478,46964900.0,AAPL,yfinance,0
2023-08-17,172.9239044189453,176.41219151441152,172.40711609073566,176.04448461625057,66062900.0,AAPL,yfinance,0
2023-08-18,173.410888671875,174.0171167915457,170.8965364290824,171.23443009200113,61114200.0,AAPL,yfinance,0
2023-08-21,174.7525177001953,175.0407326935708,172.66551420323125,173.98729066685254,46311900.0,AAPL,yfinance,0
2023-08-22,176.13392639160156,176.58114035802282,175.15999139470742,175.96497956715007,42084200.0,AAPL,yfinance,0
2023-08-23,179.99986267089844,180.42721123128223,177.22712403410847,177.41595140978353,52722800.0,AAPL,yfinance,0
2023-08-24,175.28921508789062,179.98002632661715,174.9214929732303,179.5526776972616,54945800.0,AAPL,yfinance,0
2023-08-25,177.50538635253906,178.04204004805015,174.73264779095993,176.28299753845974,51449600.0,AAPL,yfinance,0
2023-08-28,179.0756378173828,179.4731579970015,177.4457808178697,178.97625019026674,43820700.0,AAPL,yfinance,0
2023-08-29,182.9813232421875,183.75649819628302,178.389900027249,178.58866011417203,53003900.0,AAPL,yfinance,0
2023-08-30,186.48948669433594,186.68826194099242,183.59749489432,183.79625497655422,60813900.0,AAPL,yfinance,0
2023-08-31,186.7081298828125,187.95039936926207,186.3205424096171,186.6783166282915,60794500.0,AAPL,yfinance,0
2023-09-01,188.2882843017578,188.74543092268522,187.1155741698604,188.31809755249566,45732600.0,AAPL,yfinance,0
2023-09-05,188.5268096923828,188.8050768374951,186.44973880050088,187.11559340947835,45280000.0,AAPL,yfinance,0
2023-09-06,181.77880859375,187.68207547486304,180.34771175415628,187.23484633917346,81755800.0,AAPL,yfinance,0
2023-09-07,176.46188354492188,177.10787273977496,172.46674085776903,174.0965977246818,112488800.0,AAPL,yfinance,0
2023-09-08,177.07803344726562,179.1253060568345,176.6904460199261,177.24699542212446,65551300.0,AAPL,yfinance,0
2023-09-11,178.25076293945312,179.18495201045798,176.2432512228952,178.9563786732192,58953100.0,AAPL,yfinance,0
2023-09-12,175.20968627929688,179.0160016942275,173.73884349638047,178.37996034233754,90370200.0,AAPL,yfinance,0
2023-09-13,173.13262939453125,176.20351608404937,172.90404087884383,175.41839323601963,84267900.0,AAPL,yfinance,0
2023-09-14,174.6531524658203,175.0109266750055,172.5065072107091,172.92390792735483,60895800.0,AAPL,yfinance,0
2023-09-15,173.9276580810547,175.40844874494908,172.74503028655468,175.38856818743835,109205100.0,AAPL,yfinance,0
2023-09-18,176.86935424804688,178.27063780985006,175.08048322919404,175.38856362269223,67257600.0,AAPL,yfinance,0
2023-09-19,177.9625701904297,178.51910451081574,176.03456546307592,176.42215294794642,51826900.0,AAPL,yfinance,0
2023-09-20,174.4047088623047,178.58866413640885,174.31525393141538,178.15138283667608,58436200.0,AAPL,yfinance,0
2023-09-21,172.85433959960938,175.20969287756472,172.78478039328195,173.47051558188582,63047900.0,AAPL,yfinance,0
2023-09-22,173.70901489257812,175.98486101486026,172.97360108411723,173.58976187810813,56725400.0,AAPL,yfinance,0
2023-09-25,174.9910430908203,175.87553831983675,173.07297120229282,173.12266501245767,46172700.0,AAPL,yfinance,0
2023-09-26,170.89654541015625,174.1164984027068,170.59839768303257,173.73885876847856,64588900.0,AAPL,yfinance,0
2023-09-27,169.3759765625,171.9698357492923,168.00452141810098,171.5524350388733,66921800.0,AAPL,yfinance,0
2023-09-28,169.63438415527344,170.96609339598558,166.5833630389383,168.29272705350883,56294400.0,AAPL,yfinance,0
2023-09-29,170.15115356445312,171.9996509482002,169.28652379235777,170.95614167013932,51814200.0,AAPL,yfinance,0
2023-10-02,172.67544555664062,173.22204712222216,169.87287852825236,170.16109351938684,52164500.0,AAPL,yfinance,0
2023-10-03,171.3337860107422,172.55618999324432,169.76357086656446,171.19465244741932,49594600.0,AAPL,yfinance,0
2023-10-04,172.58599853515625,173.13260007772962,169.9126324887325,170.03188549277738,53020300.0,AAPL,yfinance,0
2023-10-05,173.82827758789062,174.3649313004983,171.61205804275627,172.7151938850701,48527900.0,AAPL,yfinance,0
2023-10-06,176.39234924316406,176.88925707961673,172.10899095482606,172.7251669838355,57224100.0,AAPL,yfinance,0
2023-10-09,177.88307189941406,177.94269841319462,174.7127974917425,175.71654585737048,42390800.0,AAPL,yfinance,0
2023-10-10,177.28677368164062,178.6085503194853,176.8494923681373,176.99857381469894,43698000.0,AAPL,yfinance,0
2023-10-11,178.6880340576172,178.7377278666485,176.50164294003199,177.09792315514355,47551100.0,AAPL,yfinance,0
2023-10-12,179.59242248535156,181.21233159015208,177.9327371003315,178.95638111240146,56743100.0,AAPL,yfinance,0
2023-10-13,177.74392700195312,180.80486572035005,177.03831125012886,180.29802522104373,51427100.0,AAPL,yfinance,0
2023-10-16,177.61473083496094,177.97250506879755,175.41839161749283,175.6569128281916,52517000.0,AAPL,yfinance,0
2023-10-17,176.05441284179688,177.31656279493396,173.71895547455762,175.55750508309643,57549400.0,AAPL,yfinance,0
2023-10-18,174.7525177001953,176.48176216718392,174.027036615376,174.4941311237392,54764400.0,AAPL,yfinance,0
2023-10-19,174.3748779296875,176.74014855708347,174.10654349306773,174.9512775869872,59302900.0,AAPL,yfinance,0
2023-10-20,171.8108367919922,174.3351216115833,171.57231560127875,174.2258012947257,64189300.0,AAPL,yfinance,0
2023-10-23,171.9300994873047,172.93384778812512,168.87907830418513,169.85302851446286,55980100.0,AAPL,yfinance,0
2023-10-24,172.3673858642578,172.59595921387623,170.38968729481687,171.97979837385134,43816600.0,AAPL,yfinance,0
2023-10-25,170.04185485839844,171.98972493811345,169.59462570782657,170.81702981156988,57157000.0,AAPL,yfinance,0
2023-10-26,165.85789489746094,170.320132670232,164.64543857905852,169.31636914836076,70625300.0,AAPL,yfinance,0
2023-10-27,167.17965698242188,167.91508596598229,165.79825394187426,165.8777610074826,58499100.0,AAPL,yfinance,0
2023-10-30,169.23684692382812,170.11140947897792,167.82563063265053,167.97471206696315,51131000.0,AAPL,yfinance,0
2023-10-31,169.71389770507812,169.84308342389463,166.86163656333878,168.30268134414578,44846000.0,AAPL,yfinance,0
2023-11-01,172.8940887451172,173.15247532339345,169.0678928937645,169.94245541165574,56934900.0,AAPL,yfinance,0
2023-11-02,176.4718475341797,176.68054032302643,174.3748959621323,174.43452247323137,77334800.0,AAPL,yfinance,0
2023-11-03,175.5574951171875,175.72645709024493,172.27791622747424,173.16241138117383,79763700.0,AAPL,yfinance,0
2023-11-06,178.12155151367188,178.32031158491046,175.12023955979996,175.28918637857382,63841300.0,AAPL,yfinance,0
2023-11-07,180.695556640625,181.31171744967662,177.8631761623555,178.07186894277902,70530000.0,AAPL,yfinance,0
2023-11-08,181.75892639160156,182.31546067653568,180.466963136192,181.22227266382137,49340300.0,AAPL,yfinance,0
2023-11-09,181.28189086914062,182.9813068996389,180.68559549720575,181.8284924326774,53763500.0,AAPL,yfinance,0
2023-11-10,185.49127197265625,185.66045656490678,182.63526841968368,183.07312579736603,66133400.0,AAPL,yfinance,0
2023-11-13,183.89906311035156,185.12306234297503,183.31194313207843,184.91409464160964,43627500.0,AAPL,yfinance,0
2023-11-14,186.52621459960938,187.1929464637487,185.3917728154259,186.78494160849297,60108400.0,AAPL,yfinance,0
2023-11-15,187.0934295654297,188.57617115328318,186.86455508690236,186.93422111937653,53790500.0,AAPL,yfinance,0
2023-11-16,188.78514099121094,190.02904704723116,187.73029590080972,188.64582412031268,54412900.0,AAPL,yfinance,0
2023-11-17,188.76524353027344,189.45188213648447,187.65070850825023,189.32251104128505,50922700.0,AAPL,yfinance,0
2023-11-20,190.5166473388672,190.97441144582112,188.9543092379418,188.96425501994514,46505100.0,AAPL,yfinance,0
2023-11-21,189.71060180664062,190.586316538311,188.8149955106325,190.47685219685218,38134500.0,AAPL,yfinance,0
2023-11-22,190.3773193359375,191.98941662140743,189.89966369290923,190.55644969232256,39617700.0,AAPL,yfinance,0
2023-11-24,189.0438690185547,189.96932784078396,188.3273779116158,189.93947531002817,24048300.0,AAPL,yfinance,0
2023-11-27,188.86474609375,189.74046085550287,187.9790855494866,188.994117188391,40552600.0,AAPL,yfinance,0
2023-11-28,189.47177124023438,190.14846405510127,188.47664635938358,188.85479867311508,38415400.0,AAPL,yfinance,0
2023-11-29,188.44679260253906,191.15353347560767,188.04874872654685,189.96933244559008,43014200.0,AAPL,yfinance,0
2023-11-30,189.0239715576172,189.39217809569718,187.27255720148867,188.9145072113341,48794400.0,AAPL,yfinance,0
2023-12-01,190.3076629638672,190.62609498849437,188.30745249512026,189.40209579564836,45679300.0,AAPL,yfinance,0
2023-12-04,188.50650024414062,189.12348800008925,186.53615721754525,189.05382196941733,43389500.0,AAPL,yfinance,0
2023-12-05,192.47705078125,193.45226890347428,189.2528407319119,189.28270844769884,66628400.0,AAPL,yfinance,0
2023-12-06,191.38241577148438,193.81050761672594,191.17343287476277,193.50202134703213,41089700.0,AAPL,yfinance,0
2023-12-07,193.32290649414062,194.0493433741143,192.64621370853777,192.68602720531442,47477700.0,AAPL,yfinance,0
2023-12-08,194.75588989257812,195.03452363413496,192.72582670763535,193.25324166018223,53377300.0,AAPL,yfinance,0
2023-12-11,192.23822021484375,192.54672168765146,190.48680586341095,192.1685693679781,60943700.0,AAPL,yfinance,0
2023-12-12,193.76077270507812,193.77071848752672,190.7853438376791,192.13871428631938,52696900.0,AAPL,yfinance,0
2023-12-13,196.99490356445312,197.03470187359517,193.90006496300202,194.13888518665178,70404200.0,AAPL,yfinance,0
2023-12-14,197.14418029785156,198.64681332186495,195.20368991997998,197.05462270758053,66831600.0,AAPL,yfinance,0
2023-12-15,196.60682678222656,197.4327670575499,196.0395983209077,196.5670132843794,128256700.0,AAPL,yfinance,0
2023-12-18,194.93499755859375,195.6713953811102,193.44231035021684,195.13401948283078,55751900.0,AAPL,yfinance,0
2023-12-19,195.9799041748047,195.98984995762027,194.93501997192175,195.20370795195478,40714100.0,AAPL,yfinance,0
2023-12-20,193.88018798828125,196.71628487042167,193.88018798828125,195.94008865557052,52242800.0,AAPL,yfinance,0
2023-12-21,193.7308807373047,196.11918926884985,192.55664081053737,195.14397125694492,46482500.0,AAPL,yfinance,0
2023-12-22,192.6561737060547,194.45734722393942,192.02924020237552,194.22845757962483,37122800.0,AAPL,yfinance,0
2023-12-26,192.10887145996094,192.94477275989206,191.8899427598264,192.66613899324835,28919300.0,AAPL,yfinance,0
2023-12-27,192.20835876464844,192.5566585360189,190.15840400250286,191.55158790358445,48087700.0,AAPL,yfinance,0
2023-12-28,192.6362762451172,193.71101293849657,192.22827139973785,193.1935437488545,34049900.0,AAPL,yfinance,0
2023-12-29,191.5913848876953,193.452263485871,190.7952819760843,192.9547010641641,42628800.0,AAPL,yfinance,0
2024-01-02,184.7349853515625,187.52133810124718,182.9935167810597,186.23761848029775,82488700.0,AAPL,yfinance,0
2024-01-03,183.3517608642578,184.97381929292,182.53575116647167,183.32190833232914,58414500.0,AAPL,yfinance,0
2024-01-04,181.02317810058594,182.19741821935423,179.99820064627082,181.261998363711,71983600.0,AAPL,yfinance,0
2024-01-05,180.2967071533203,181.8690061871609,179.29163655398915,181.10277101042314,62303300.0,AAPL,yfinance,0
2024-01-08,184.65536499023438,184.6951784875532,180.6151605231867,181.20228054123743,59144500.0,AAPL,yfinance,0
2024-01-09,184.23741149902344,184.24735728099782,181.83915700040632,183.02335798455337,42841800.0,AAPL,yfinance,0
2024-01-10,185.2823028564453,185.49127057687537,183.02336513916433,183.45127673118873,46792900.0,AAPL,yfinance,0
2024-01-11,184.68519592285156,186.13808471707472,182.72479898016607,185.630561384214,49128400.0,AAPL,yfinance,0
2024-01-12,185.0135955810547,185.82960518169298,184.2871587499394,185.1529124416028,40444700.0,AAPL,yfinance,0
2024-01-16,182.7347869873047,183.36170533773222,180.04793765769844,181.2719521956393,65603000.0,AAPL,yfinance,0
2024-01-17,181.78939819335938,182.03817940296344,179.42101140332082,180.38628371133655,47317400.0,AAPL,yfinance,0
2024-01-18,187.71041870117188,188.217926944481,184.92406588558168,185.18279289864887,78005800.0,AAPL,yfinance,0
2024-01-19,190.62611389160156,191.01421197583775,187.89948151982946,188.4069897270921,68741000.0,AAPL,yfinance,0
2024-01-22,192.9447479248047,194.37773007418247,191.3226896328841,191.36250312836654,60133900.0,AAPL,yfinance,0
2024-01-23,194.22845458984375,194.79568302432682,192.8850451968675,194.06924615918857,42355600.0,AAPL,yfinance,0
2024-01-24,193.55177307128906,195.42261254918643,193.39254945946814,194.4672860626603,53631300.0,AAPL,yfinance,0
2024-01-25,193.223388671875,195.31315691300077,192.1685587692801,194.26827279243787,54822100.0,AAPL,yfinance,0
2024-01-26,191.48191833496094,193.8105067973861,191.00426266727368,193.32290534776368,44594000.0,AAPL,yfinance,0
2024-01-29,190.7952880859375,191.2629979920715,188.65577567784422,191.07392183626405,47145600.0,AAPL,yfinance,0
2024-01-30,187.12327575683594,190.86495502370778,186.55606247111587,190.00914701951908,55859400.0,AAPL,yfinance,0
2024-01-31,183.5010223388672,186.18787167030365,183.45127824224116,186.12815142243116,55467800.0,AAPL,yfinance,0
2024-02-01,185.94903564453125,186.03859323945602,182.9238626911125,183.09303209854838,64885400.0,AAPL,yfinance,0
2024-02-02,184.94395446777344,186.41673495449575,178.3761245608121,178.9831513103476,102518000.0,AAPL,yfinance,0
2024-02-05,186.76502990722656,188.3273832549743,184.9340037750539,187.23273981487074,69668800.0,AAPL,yfinance,0
2024-02-06,188.37713623046875,188.38708201253658,185.8594715869018,185.94902917871246,43490800.0,AAPL,yfinance,0
2024-02-07,188.4866180419922,190.1186223319937,187.6905150551716,189.71061746339294,53439000.0,AAPL,yfinance,0
2024-02-08,187.40191650390625,188.6159548348253,186.4366441977198,188.46669218310572,40962000.0,AAPL,yfinance,0
2024-02-09,188.16912841796875,189.30501766665418,187.32218691688763,187.96983733269659,45155200.0,AAPL,yfinance,0
2024-02-12,186.4752655029297,187.9897897322466,186.1165627960856,187.7406910525987,41781900.0,AAPL,yfinance,0
2024-02-13,184.37286376953125,185.53865891732192,182.84838113476025,185.10024282819998,56529500.0,AAPL,yfinance,0
2024-02-14,183.48606872558594,184.8610982078661,181.78224238811126,184.6518638454696,54630500.0,AAPL,yfinance,0
2024-02-15,183.19712829589844,183.82486181575325,180.69618309757163,182.88824837462906,65434500.0,AAPL,yfinance,0
2024-02-16,181.65269470214844,184.18354546694673,181.0150027746939,182.75869330174024,49701400.0,AAPL,yfinance,0
2024-02-20,180.90541076660156,181.77226924950583,179.3510375405212,181.134577279735,53665600.0,AAPL,yfinance,0
2024-02-21,181.66268920898438,182.23062628266825,180.00867035619171,181.28405435734408,41529700.0,AAPL,yfinance,0
2024-02-22,183.70529174804688,184.29317619439553,181.80218936609842,182.81850104532418,52292200.0,AAPL,yfinance,0
2024-02-23,181.86195373535156,184.37285727847149,181.57299077597804,184.3429666556088,45119700.0,AAPL,yfinance,0
2024-02-26,180.50685119628906,182.10107345002203,179.99868021477354,181.5829591995408,40867400.0,AAPL,yfinance,0
2024-02-27,181.9715576171875,183.25690001064538,178.9126187804792,180.4470750372319,54318900.0,AAPL,yfinance,0
2024-02-28,180.76593017578125,182.45979817680953,179.48058766314844,181.85199678307725,48953900.0,AAPL,yfinance,0
2024-02-29,180.0983428955078,181.91178855608587,178.88274013933005,180.61647239906964,136682600.0,AAPL,yfinance,0
2024-03-01,179.01226806640625,179.87912655443867,176.74048946042234,178.9026640457765,73488000.0,AAPL,yfinance,0
2024-03-04,174.46871948242188,176.26221779411006,173.1634296435442,175.5149217629811,81510100.0,AAPL,yfinance,0
2024-03-05,169.50665283203125,171.4197287337638,169.00845550750375,170.14434479927544,95132400.0,AAPL,yfinance,0
2024-03-06,168.51025390625,170.6226208472031,168.0718378391885,170.44326190896186,68587700.0,AAPL,yfinance,0
2024-03-07,168.39068603515625,170.1144444221278,167.88253026663398,168.5401391424349,71765100.0,AAPL,yfinance,0
2024-03-08,170.1144561767578,173.0737495355564,168.33091642363513,168.39069767067738,76114600.0,AAPL,yfinance,0
2024-03-11,172.12718200683594,173.75131021022753,171.42970876738985,172.31649942978052,60139500.0,AAPL,yfinance,0
2024-03-12,172.60543823242188,173.40255698056936,170.39344092810595,172.52572483722957,59825400.0,AAPL,yfinance,0
2024-03-13,170.51303100585938,172.56560166885345,170.14435462584885,172.14711771653415,52488700.0,AAPL,yfinance,0
2024-03-14,172.37628173828125,173.68155635236576,171.4297098215142,172.286609864896,72913500.0,AAPL,yfinance,0
2024-03-15,171.9976348876953,171.9976348876953,169.67603359258842,170.55286572568298,121664700.0,AAPL,yfinance,0
2024-03-18,173.09368896484375,177.06930930187292,172.89441306506424,174.93702524630143,75604200.0,AAPL,yfinance,0
2024-03-19,175.44517517089844,175.9732631292534,172.40616838919217,173.71144297319321,55215200.0,AAPL,yfinance,0
2024-03-20,178.0258331298828,178.0258331298828,174.45873840154812,175.08647190626633,53423100.0,AAPL,yfinance,0
2024-03-21,170.75213623046875,176.85008146724155,170.2240483134294,176.41166541450514,106181300.0,AAPL,yfinance,0
2024-03-22,171.65887451171875,172.42610267352754,169.44687710249696,171.14074502028382,71106600.0,AAPL,yfinance,0
2024-03-25,170.23403930664062,171.32010587263267,168.83907761478048,169.9550500090239,54288300.0,AAPL,yfinance,0
2024-03-26,169.09814453125,170.80197088667242,168.96860836017046,169.38709229314748,57388400.0,AAPL,yfinance,0
2024-03-27,172.68516540527344,172.97412838637234,169.4967053620682,169.79562681694486,60273300.0,AAPL,yfinance,0
2024-03-28,170.86175537109375,171.60905138066403,169.8952513157474,171.1307861915964,65672700.0,AAPL,yfinance,0
2024-04-01,169.41697692871094,170.63257958791667,168.86895684402387,170.5727983430009,46240500.0,AAPL,yfinance,0
2024-04-02,168.2312774658203,168.72947481572177,167.62347609078947,168.47041766713258,49329500.0,AAPL,yfinance,0
2024-04-03,169.03834533691406,170.0646306043195,167.97221097339488,168.1814453345995,47691700.0,AAPL,yfinance,0
2024-04-04,168.2113494873047,171.30016373186453,168.2113494873047,169.676035612487,53704400.0,AAPL,yfinance,0
2024-04-05,168.96861267089844,169.77568993392828,168.3408791535302,168.97857114439864,42055200.0,AAPL,yfinance,0
2024-04-08,167.84268188476562,168.58997789957206,167.6334475147346,168.42059262733576,37425500.0,AAPL,yfinance,0
2024-04-09,169.05828857421875,169.46681405411152,167.7430554633485,168.09178448948546,42451200.0,AAPL,yfinance,0
2024-04-10,167.17510986328125,168.48038455258805,166.5075272055357,168.1914367648804,49709300.0,AAPL,yfinance,0
2024-04-11,174.40892028808594,174.8274194382653,167.55373514215378,167.73307888899373,91070300.0,AAPL,yfinance,0
2024-04-12,175.91348266601562,177.71695459263955,173.58192277868224,173.63173034934167,101593300.0,AAPL,yfinance,0
2024-04-15,172.0673828125,175.9931798985106,171.8780654093003,174.7277545222084,73531800.0,AAPL,yfinance,0
2024-04-16,168.76934814453125,173.13354682452112,167.6633493604441,171.13079884415893,73711200.0,AAPL,yfinance,0
2024-04-17,167.39430236816406,170.0347421275801,167.39430236816406,168.99849837401,50901200.0,AAPL,yfinance,0
2024-04-18,166.437744140625,168.0319815519269,165.94952052629202,167.4241802492927,43122900.0,AAPL,yfinance,0
2024-04-19,164.40512084960938,165.80006730864108,163.48843957599198,165.610765092168,67772100.0,AAPL,yfinance,0
2024-04-22,165.24209594726562,166.65697461863107,164.17596150778874,164.92325754431266,48116400.0,AAPL,yfinance,0
2024-04-23,166.2982635498047,166.44773187185876,164.32540636965405,164.75386398167788,49537800.0,AAPL,yfinance,0
2024-04-24,168.41064453125,168.68963384433354,165.61077772251915,165.93957460997115,48251800.0,AAPL,yfinance,0
2024-04-25,169.27749633789062,169.9949017439694,167.54376407257087,168.91879363485126,50558300.0,AAPL,yfinance,0
2024-04-26,168.6896209716797,170.72225941243215,168.57004327249933,169.26753170576032,44838400.0,AAPL,yfinance,0
2024-04-29,172.8744659423828,175.39534310552878,172.47591417733986,172.74492977704497,68169400.0,AAPL,yfinance,0
2024-04-30,169.71591186523438,174.3591148377481,169.38709978825105,172.7050959791447,65934800.0,AAPL,yfinance,0
2024-05-01,168.6896209716797,172.08733045132695,168.50030355143892,168.96861026347364,50383100.0,AAPL,yfinance,0
2024-05-02,172.4061737060547,172.7947670308616,170.27388965643632,171.8880442050533,94214900.0,AAPL,yfinance,0
2024-05-03,182.71884155273438,186.32578503963057,182.0014362443012,185.9770408577792,163224100.0,AAPL,yfinance,0
2024-05-06,181.0548858642578,183.5358989126904,179.76952819965473,181.6925778578994,78569700.0,AAPL,yfinance,0
2024-05-07,181.7423858642578,184.23337259597065,180.66629297548113,182.78860333233249,77305800.0,AAPL,yfinance,0
2024-05-08,182.08116149902344,182.40997355379537,180.79580390275353,182.19076551728074,45057100.0,AAPL,yfinance,0
2024-05-09,183.9045867919922,183.99425867082294,181.45344901084354,181.90182360877466,48983000.0,AAPL,yfinance,0
2024-05-10,182.63743591308594,184.67283136158454,181.7195112814573,184.48325715706596,50759500.0,AAPL,yfinance,0
2024-05-13,185.86013793945312,186.67829703001243,184.2038757983674,185.0220348889267,72044800.0,AAPL,yfinance,0
2024-05-14,187.00755310058594,187.87560260141976,185.87012310151908,187.0873746193062,52393600.0,AAPL,yfinance,0
2024-05-15,189.2924041748047,190.2203008031565,186.9476945906926,187.48648604697289,70400000.0,AAPL,yfinance,0
2024-05-16,189.41212463378906,190.66929452090585,189.23253763528552,190.04070957734746,52845200.0,AAPL,yfinance,0
2024-05-17,189.44204711914062,190.3799308889647,188.7535998742954,189.08285791419516,41282900.0,AAPL,yfinance,0
2024-05-20,190.6094207763672,191.48744227389747,188.58399727816297,188.90328335886426,44361300.0,AAPL,yfinance,0
2024-05-21,191.91647338867188,192.295606563888,190.48968851208156,190.65930352654095,42309400.0,AAPL,yfinance,0
2024-05-22,190.4697265625,192.38541249371693,189.84115686495446,191.83664908760778,34648500.0,AAPL,yfinance,0
2024-05-23,186.45880126953125,190.5695104450197,186.20936473753514,190.54955125962866,51005900.0,AAPL,yfinance,0
2024-05-24,189.5518035888672,190.15045735054443,187.61617368042806,188.3944296603675,36294600.0,AAPL,yfinance,0
2024-05-28,189.56178283691406,192.56499305086223,188.6737894364844,191.07834591388357,52280100.0,AAPL,yfinance,0
2024-05-29,189.86111450195312,191.81670371975596,189.0828736970108,189.18265440509,53068000.0,AAPL,yfinance,0
2024-05-30,190.85885620117188,191.74684967437963,190.2003553062749,190.33005195445256,49947900.0,AAPL,yfinance,0
2024-05-31,191.81668090820312,192.13596695656702,189.48195877103,191.00850903182757,75158300.0,AAPL,yfinance,0
2024-06-03,193.59268188476562,194.55052487571635,192.08609069758458,192.46522387732944,50080500.0,AAPL,yfinance,0
2024-06-04,193.91195678710938,194.87977170290745,192.59492465346364,194.20129645164835,47471400.0,AAPL,yfinance,0
2024-06-05,195.42852783203125,196.45620511862302,194.43078171111515,194.95958593724887,54156800.0,AAPL,yfinance,0
2024-06-06,194.0416717529297,196.05712328824086,193.73237287474004,195.24895132280378,41181800.0,AAPL,yfinance,0
2024-06-07,196.44622802734375,196.4961183769711,193.7024262662087,194.2112712938544,53103900.0,AAPL,yfinance,0
2024-06-10,192.68472290039062,196.85530953542744,191.7169079607164,196.45620195884163,97262100.0,AAPL,yfinance,0
2024-06-11,206.68310546875,206.6930926736998,193.1935887051364,193.21353266624035,172373300.0,AAPL,yfinance,0
2024-06-12,212.58978271484375,219.7037025197263,206.43367547843766,206.902617394007,198134300.0,AAPL,yfinance,0
2024-06-13,213.75714111328125,216.2614784743462,211.12309188063193,214.25601418934664,97862700.0,AAPL,yfinance,0
2024-06-14,212.01107788085938,214.68503016669274,210.8237575657328,213.36801320894725,70122700.0,AAPL,yfinance,0
2024-06-17,216.18165588378906,218.45651588142053,212.2405616472853,212.88909055319678,93728300.0,AAPL,yfinance,0
2024-06-18,213.8070068359375,218.13723651623954,212.5199210550432,217.09957203800778,79943300.0,AAPL,yfinance,0
2024-06-20,209.2073974609375,213.75713252024897,208.3792815854295,213.44781843702847,86172500.0,AAPL,yfinance,0
2024-06-21,207.02235412597656,211.41243109582913,206.64320571720273,209.91581187096148,246421400.0,AAPL,yfinance,0
2024-06-24,207.67088317871094,212.22060318958276,206.1243736003879,207.25183162238307,80727000.0,AAPL,yfinance,0
2024-06-25,208.59878540039062,210.90357646615678,208.13981549353107,208.67859169129048,56713900.0,AAPL,yfinance,0
2024-06-26,212.7693634033203,214.37573529051122,210.16524538059215,211.0233076661301,66213200.0,AAPL,yfinance,0
2024-06-27,213.61746215820312,215.25376527623442,211.8714063519454,214.2061287476001,49772700.0,AAPL,yfinance,0
2024-06-28,210.14527893066406,215.58300736088682,209.8260080950157,215.28368048569334,82542700.0,AAPL,yfinance,0
2024-07-01,216.261474609375,217.01975619065925,211.4423589537816,211.61197396968475,60402900.0,AAPL,yfinance,0
2024-07-02,219.77354431152344,219.88329699479613,214.61519864650157,215.66281990345283,58046200.0,AAPL,yfinance,0
2024-07-03,221.0506591796875,221.0506591796875,218.53633465750286,219.50414962607874,37369800.0,AAPL,yfinance,0
2024-07-05,225.82984924316406,225.93960192344272,221.15041758535088,221.15041758535088,60412400.0,AAPL,yfinance,0
2024-07-08,227.30653381347656,227.33646497984205,222.74682662809306,226.57816816685514,59085900.0,AAPL,yfinance,0
2024-07-09,228.16458129882812,228.8829597417087,225.85979013808537,227.41627168952732,48076100.0,AAPL,yfinance,0
2024-07-10,232.45489501953125,232.55467572482934,228.73330612276442,228.78319647541346,62627700.0,AAPL,yfinance,0
2024-07-11,227.05709838867188,231.86622690917008,225.26115227596378,230.86848076037649,64710600.0,AAPL,yfinance,0
2024-07-12,230.0203857421875,232.11565870158282,228.1645773343909,228.40404188598967,53046500.0,AAPL,yfinance,0
2024-07-15,233.87168884277344,236.69531224247876,232.5646438368613,235.94700263838575,62631300.0,AAPL,yfinance,0
2024-07-16,234.29074096679688,235.73746973269033,231.8063477557903,234.47032795283747,43234300.0,AAPL,yfinance,0
2024-07-17,228.3641357421875,230.93832254659503,226.12917896312734,228.9328431112231,57345900.0,AAPL,yfinance,0
2024-07-18,223.6747283935547,229.92062914212065,221.7690447852705,229.76098610155705,66034600.0,AAPL,yfinance,0
2024-07-19,223.80442810058594,226.28882140195597,222.77675082247163,224.31328836166992,49151500.0,AAPL,yfinance,0
2024-07-22,223.45523071289062,227.26661302541467,222.58718122432802,226.4983442399413,48201800.0,AAPL,yfinance,0
2024-07-23,224.5028533935547,226.42851135969482,222.1781030613285,223.86429647317826,39960300.0,AAPL,yfinance,0
2024-07-24,218.0474395751953,224.29334029380243,216.64062905712152,223.49514031921132,61777600.0,AAPL,yfinance,0
2024-07-25,216.99981689453125,220.35224458682225,214.13627507494223,218.4365585703147,51391200.0,AAPL,yfinance,0
2024-07-26,217.46875,218.99530033853074,215.52313289555326,218.20707238174316,41601300.0,AAPL,yfinance,0
2024-07-29,217.7481231689453,218.80573164190093,215.26372979848315,216.47100932714253,36311800.0,AAPL,yfinance,0
2024-07-30,218.30685424804688,219.8334045947242,215.63288672795753,218.6959746261333,41643800.0,AAPL,yfinance,0
2024-07-31,221.5794677734375,223.3155515626994,220.13273889458495,220.94091084366266,50036300.0,AAPL,yfinance,0
2024-08-01,217.8678436279297,223.9740450176905,216.53086747941563,223.86429233538576,62501000.0,AAPL,yfinance,0
2024-08-02,219.36447143554688,225.09153987705304,217.2193232804361,218.65606496292435,105568600.0,AAPL,yfinance,0
2024-08-05,208.79833984375,213.0188017705649,195.55824424838744,198.64127617987643,119548600.0,AAPL,yfinance,0
2024-08-06,206.762939453125,209.51672869129231,200.6168344706096,204.83729660703725,69660500.0,AAPL,yfinance,0
2024-08-07,209.34710693359375,213.15848935419993,205.9248296826355,206.43367474426563,63516400.0,AAPL,yfinance,0
2024-08-08,212.8292236328125,213.71721707569145,208.35932525259923,212.6296774525561,47161100.0,AAPL,yfinance,0
2024-08-09,215.7526397705078,216.29141600978787,211.4922593126285,211.62197118803232,42201600.0,AAPL,yfinance,0
2024-08-12,217.2909393310547,219.26875909808805,215.36306766380915,215.83255236617862,38028100.0,AAPL,yfinance,0
2024-08-13,221.02682495117188,221.646138683676,218.76929897291208,218.76929897291208,44155300.0,AAPL,yfinance,0
2024-08-14,221.47633361816406,222.7848915052682,219.45854930599305,220.3276035510778,41960600.0,AAPL,yfinance,0
2024-08-15,224.47303771972656,225.10235023777113,222.5151850202656,224.35317447515422,46414000.0,AAPL,yfinance,0
2024-08-16,225.80157470703125,226.5807162697698,223.40420315535758,223.67391069385005,44340200.0,AAPL,yfinance,0
2024-08-19,225.64175415039062,225.74165035068273,222.79488010428776,225.4719428035102,40687800.0,AAPL,yfinance,0
2024-08-20,226.2610626220703,226.92034094772856,225.20222998863,225.52188562847152,30299000.0,AAPL,yfinance,0
2024-08-21,226.15118408203125,227.7294495174454,224.80267685471037,226.2710625686077,34765500.0,AAPL,yfinance,0
2024-08-22,224.2832489013672,228.08905941841815,223.65393636981634,227.53966079897057,43695300.0,AAPL,yfinance,0
2024-08-23,226.5906982421875,227.96918649391685,224.0834622297127,225.41200238324527,38677300.0,AAPL,yfinance,0
2024-08-26,226.93032836914062,227.03022456881217,223.64395069142014,226.5107917661563,30602200.0,AAPL,yfinance,0
2024-08-27,227.77938842773438,228.5984945445466,224.64283997153836,225.75162066501636,35934600.0,AAPL,yfinance,0
2024-08-28,226.2410888671875,229.6073802985885,225.4319662685897,227.6695099550691,38052200.0,AAPL,yfinance,0
2024-08-29,229.53746032714844,232.66402541964027,228.62847197635801,229.8471324488683,51906300.0,AAPL,yfinance,0
2024-08-30,228.7483367919922,230.14679214282077,227.23000295250677,229.93703146120657,52990800.0,AAPL,yfinance,0
2024-09-03,222.52517700195312,228.74832587928796,220.92692932694945,228.29882348382426,50190600.0,AAPL,yfinance,0
2024-09-04,220.6072998046875,221.53627045160738,217.24099295020864,221.4164072047842,43840200.0,AAPL,yfinance,0
2024-09-05,222.13560485839844,225.23218875186365,221.2765494057299,221.38642912323468,36615400.0,AAPL,yfinance,0
2024-09-06,220.57733154296875,224.99247224215048,219.5284824188554,223.7038813850335,48423000.0,AAPL,yfinance,0
2024-09-09,220.66722106933594,221.0268260349447,216.47183996524672,220.57732363843863,67180000.0,AAPL,yfinance,0
2024-09-10,219.86810302734375,221.23659254048482,216.49181271910507,218.67940838073807,51591000.0,AAPL,yfinance,0
2024-09-11,222.41529846191406,222.84481857216005,217.65053646391294,221.21662032032157,44587100.0,AAPL,yfinance,0
2024-09-12,222.52517700195312,223.30431855196207,219.57842214055833,222.25546946786713,37498200.0,AAPL,yfinance,0
2024-09-13,222.25547790527344,223.7937787761964,221.66612995902517,223.33429284055268,36766600.0,AAPL,yfinance,0
2024-09-16,216.082275390625,216.98128020943747,213.6849038037586,216.302019591785,59357400.0,AAPL,yfinance,0
2024-09-17,216.55174255371094,216.6616222741377,214.26426595466958,215.51289221314667,45519300.0,AAPL,yfinance,0
2024-09-18,220.4474639892578,222.46524827574677,217.30091669603667,217.31091546092293,59894900.0,AAPL,yfinance,0
2024-09-19,228.61846923828125,229.56743739121873,224.38313871157,224.74274368478322,66781300.0,AAPL,yfinance,0
2024-09-20,227.94920349121094,232.83382873595048,227.36983908638868,229.7172625160979,318679900.0,AAPL,yfinance,0
2024-09-23,226.2211151123047,229.19783588273827,225.56183678133013,227.09015412184934,54146000.0,AAPL,yfinance,0
2024-09-24,227.1201171875,229.09795215651428,225.48192014495527,228.39870925768025,43556100.0,AAPL,yfinance,0
2024-09-25,226.1212158203125,227.04020291666632,223.77380760174057,224.6827959331431,42308700.0,AAPL,yfinance,0
2024-09-26,227.26995849609375,228.24887720276465,225.16227678839184,227.05019905798116,36636700.0,AAPL,yfinance,0
2024-09-27,227.53965759277344,229.26776733886913,227.05020584581527,228.20893469195548,34026000.0,AAPL,yfinance,0
2024-09-30,232.7439422607422,232.7439422607422,229.39761768078608,229.78718847660608,54541900.0,AAPL,yfinance,0
2024-10-01,225.96141052246094,229.3976172900359,223.49412373913023,229.2677705196639,63285000.0,AAPL,yfinance,0
2024-10-02,226.53077697753906,227.12012493395358,222.77491454853467,225.64175566026316,32880600.0,AAPL,yfinance,0
2024-10-03,225.42198181152344,226.56072831643584,223.0745736591087,224.8925655126969,34044200.0,AAPL,yfinance,0
2024-10-04,226.55075073242188,227.74942888869526,223.88368688105714,227.6495326914976,37245100.0,AAPL,yfinance,0
2024-10-07,221.4463653564453,225.44196936055414,221.08676038639473,224.25327473060864,39505400.0,AAPL,yfinance,0
2024-10-08,225.52188110351562,225.73164177618557,223.0046463373399,224.05349542674807,31855700.0,AAPL,yfinance,0
2024-10-09,229.28773498535156,229.49751090746852,224.58291968465133,224.9824739985636,33591100.0,AAPL,yfinance,0
2024-10-10,228.7882843017578,229.24778548023318,226.9203442604764,227.5296744960524,28183500.0,AAPL,yfinance,0
2024-10-11,227.2999267578125,229.15788323697032,227.09015084025384,229.04800351672907,31759200.0,AAPL,yfinance,0
2024-10-14,231.04580688476562,231.47532700331138,228.34877720356226,228.44865815944695,39882100.0,AAPL,yfinance,0
2024-10-15,233.59300231933594,237.22900130875718,232.11461788171079,233.3532605949055,64751400.0,AAPL,yfinance,0
2024-10-16,231.5252685546875,231.86489123072647,229.5873982094942,231.34547369396782,34082200.0,AAPL,yfinance,0
2024-10-17,231.89486694335938,233.59301088010824,230.26666863657624,233.17345903647427,32993800.0,AAPL,yfinance,0
2024-10-18,234.74172973632812,235.9204255737285,233.75281228137578,235.9204255737285,46431500.0,AAPL,yfinance,0
2024-10-21,236.22010803222656,236.5897117727769,234.19234018879644,234.19234018879644,36254500.0,AAPL,yfinance,0
2024-10-22,235.60079956054688,235.96040454410334,232.3443876620224,233.6329632952546,38846600.0,AAPL,yfinance,0
2024-10-23,230.5063934326172,234.88158476901867,227.50969037853835,233.822752128634,52287000.0,AAPL,yfinance,0
2024-10-24,230.31661987304688,230.56634513279107,228.15898997077215,229.7272566761152,31109500.0,AAPL,yfinance,0
2024-10-25,231.1556854248047,232.96369380669327,229.3177112321018,229.4875225740561,38802300.0,AAPL,yfinance,0
2024-10-28,233.14349365234375,234.472033847566,232.29443692443334,233.06359498314518,36087100.0,AAPL,yfinance,0
2024-10-29,233.41319274902344,234.07247106119948,232.06468555632105,232.84382710997653,35417200.0,AAPL,yfinance,0
2024-10-30,229.8471221923828,233.21341362628857,229.29772360355057,232.35435817157438,47070900.0,AAPL,yfinance,0
2024-10-31,225.66172790527344,229.57741798472995,225.1223128313268,229.08795100904055,64370100.0,AAPL,yfinance,0
2024-11-01,222.66502380371094,225.10234466312102,220.02792579428782,220.72715344034327,65276700.0,AAPL,yfinance,0
2024-11-04,221.76600646972656,222.54514803369162,219.46854635353304,220.74713841963055,44944500.0,AAPL,yfinance,0
2024-11-05,223.2044219970703,223.70387248945224,220.896963160989,221.5562414690178,28111300.0,AAPL,yfinance,0
2024-11-06,222.47523498535156,225.82155947797517,220.94691765378838,222.36535526416637,54561100.0,AAPL,yfinance,0
2024-11-07,227.22999572753906,227.629565273657,224.32320539488208,224.38313701629485,42137700.0,AAPL,yfinance,0
2024-11-08,226.9600067138672,228.66000366210938,226.41000366210938,227.1699981689453,38328800.0,AAPL,yfinance,0
2024-11-11,224.22999572753906,225.6999969482422,221.5,225.0,42005600.0,AAPL,yfinance,0
2024-11-12,224.22999572753906,225.58999633789062,223.36000061035156,224.5500030517578,40398300.0,AAPL,yfinance,0
2024-11-13,225.1199951171875,226.64999389648438,222.75999450683594,224.00999450683594,48566200.0,AAPL,yfinance,0
2024-11-14,228.22000122070312,228.8699951171875,225.0,225.02000427246094,44923900.0,AAPL,yfinance,0
2024-11-15,225.0,226.9199981689453,224.27000427246094,226.39999389648438,47923700.0,AAPL,yfinance,0
2024-11-18,228.02000427246094,229.74000549316406,225.1699981689453,225.25,44686000.0,AAPL,yfinance,0
2024-11-19,228.27999877929688,230.16000366210938,226.66000366210938,226.97999572753906,36211800.0,AAPL,yfinance,0
2024-11-20,229.0,229.92999267578125,225.88999938964844,228.05999755859375,35169600.0,AAPL,yfinance,0
2024-11-21,228.52000427246094,230.16000366210938,225.7100067138672,228.8800048828125,42108300.0,AAPL,yfinance,0
2024-11-22,229.8699951171875,230.72000122070312,228.05999755859375,228.05999755859375,38168300.0,AAPL,yfinance,0
2024-11-25,232.8699951171875,233.25,229.74000549316406,231.4600067138672,90152800.0,AAPL,yfinance,0
2024-11-26,235.05999755859375,235.57000732421875,233.3300018310547,233.3300018310547,45986200.0,AAPL,yfinance,0
2024-11-27,234.92999267578125,235.69000244140625,233.80999755859375,234.47000122070312,33498400.0,AAPL,yfinance,0
2024-11-29,237.3300018310547,237.80999755859375,233.97000122070312,234.80999755859375,28481400.0,AAPL,yfinance,0
2024-12-02,239.58999633789062,240.7899932861328,237.16000366210938,237.27000427246094,48137100.0,AAPL,yfinance,0
2024-12-03,242.64999389648438,242.75999450683594,238.89999389648438,239.80999755859375,38861000.0,AAPL,yfinance,0
2024-12-04,243.00999450683594,244.11000061035156,241.25,242.8699951171875,44383900.0,AAPL,yfinance,0
2024-12-05,243.0399932861328,244.5399932861328,242.1300048828125,243.99000549316406,40033900.0,AAPL,yfinance,0
2024-12-06,242.83999633789062,244.6300048828125,242.0800018310547,242.91000366210938,36870600.0,AAPL,yfinance,0
2024-12-09,246.75,247.24000549316406,241.75,241.8300018310547,44649200.0,AAPL,yfinance,0
2024-12-10,247.77000427246094,248.2100067138672,245.33999633789062,246.88999938964844,36914800.0,AAPL,yfinance,0
2024-12-11,246.49000549316406,250.8000030517578,246.25999450683594,247.9600067138672,45205800.0,AAPL,yfinance,0
2024-12-12,247.9600067138672,248.74000549316406,245.67999267578125,246.88999938964844,32777500.0,AAPL,yfinance,0
2024-12-13,248.1300048828125,249.2899932861328,246.24000549316406,247.82000732421875,33155300.0,AAPL,yfinance,0
2024-12-16,251.0399932861328,251.3800048828125,247.64999389648438,247.99000549316406,51694800.0,AAPL,yfinance,0
2024-12-17,253.47999572753906,253.8300018310547,249.77999877929688,250.0800018310547,51356400.0,AAPL,yfinance,0
2024-12-18,248.0500030517578,254.27999877929688,247.74000549316406,252.16000366210938,56774100.0,AAPL,yfinance,0
2024-12-19,249.7899932861328,252.0,247.08999633789062,247.5,60882300.0,AAPL,yfinance,0
2024-12-20,254.49000549316406,255.0,245.69000244140625,248.0399932861328,147495300.0,AAPL,yfinance,0
2024-12-23,255.27000427246094,255.64999389648438,253.4499969482422,254.77000427246094,40858800.0,AAPL,yfinance,0
2024-12-24,258.20001220703125,258.2099914550781,255.2899932861328,255.49000549316406,23234700.0,AAPL,yfinance,0
2024-12-26,259.0199890136719,260.1000061035156,257.6300048828125,258.19000244140625,27237100.0,AAPL,yfinance,0
2024-12-27,255.58999633789062,258.70001220703125,253.05999755859375,257.8299865722656,42355300.0,AAPL,yfinance,0
2024-12-30,252.1999969482422,253.5,250.75,252.22999572753906,35557500.0,AAPL,yfinance,0
2024-12-31,250.4199981689453,253.27999877929688,249.42999267578125,252.44000244140625,39480700.0,AAPL,yfinance,0
2025-01-02,243.85000610351562,249.10000610351562,241.82000732421875,248.92999267578125,55740700.0,AAPL,yfinance,0
2025-01-03,243.36000061035156,244.17999267578125,241.88999938964844,243.36000061035156,40244100.0,AAPL,yfinance,0
2025-01-06,245.0,247.3300018310547,243.1999969482422,244.30999755859375,45045600.0,AAPL,yfinance,0
2025-01-07,242.2100067138672,245.5500030517578,241.35000610351562,242.97999572753906,40856000.0,AAPL,yfinance,0
2025-01-08,242.6999969482422,243.7100067138672,240.0500030517578,241.9199981689453,37628900.0,AAPL,yfinance,0
2025-01-10,236.85000610351562,240.16000366210938,233.0,240.00999450683594,61710900.0,AAPL,yfinance,0
2025-01-13,234.39999389648438,234.6699981689453,229.72000122070312,233.52999877929688,49630700.0,AAPL,yfinance,0
2025-01-14,233.27999877929688,236.1199951171875,232.47000122070312,234.75,39435300.0,AAPL,yfinance,0
2025-01-15,237.8699951171875,238.9600067138672,234.42999267578125,234.63999938964844,39832000.0,AAPL,yfinance,0
2025-01-16,228.25999450683594,238.00999450683594,228.02999877929688,237.35000610351562,71759100.0,AAPL,yfinance,0
2025-01-17,228.25999450683594,238.00999450683594,228.02999877929688,237.35000610351562,71759100.0,AAPL,yfinance,0
