Date,Close MSFT,High MSFT,Low MSFT,Open MSFT,Volume MSFT,ticker,source,is_filled
2023-01-03,235.7117156982422,241.78209237051,233.56690642131554,239.15520429761872,25740000.0,MSFT,yfinance,0
2023-01-04,225.40093994140625,229.11005842508914,222.3116392212552,228.52958821304364,50623400.0,MSFT,yfinance,0
2023-01-05,218.72056579589844,223.87596581760184,218.17944312939204,223.53161093552876,39585600.0,MSFT,yfinance,0
2023-01-06,221.29824829101562,222.11484882127704,215.80835679526612,219.39941748911133,43613600.0,MSFT,yfinance,0
2023-01-09,223.452880859375,227.50636891623878,222.75435303516963,222.7937005835737,27369800.0,MSFT,yfinance,0
2023-01-10,225.1549530029297,227.57522499630332,223.65949099112012,224.08254092830623,27033900.0,MSFT,yfinance,0
2023-01-11,231.96324157714844,232.14032807576052,227.37847873354642,227.55556523215847,28669300.0,MSFT,yfinance,0
2023-01-12,234.6589813232422,236.0265376031761,229.78890766519942,231.46145624309852,27269500.0,MSFT,yfinance,0
2023-01-13,235.36734008789062,235.50507901922853,231.12693261696938,233.17335032000213,21333300.0,MSFT,yfinance,0
2023-01-17,236.4692840576172,237.02023982375786,233.2619108280689,234.12770703910064,29831300.0,MSFT,yfinance,0
2023-01-18,232.0025634765625,238.46649018475813,231.71725247842687,237.66957100427763,30028700.0,MSFT,yfinance,0
2023-01-19,228.1852264404297,231.71727332949797,226.95540907287057,230.0053621493848,28623000.0,MSFT,yfinance,0
2023-01-20,236.3413848876953,236.85299311880186,230.72357251730264,231.06792738702072,35389800.0,MSFT,yfinance,0
2023-01-23,238.6632843017578,241.2114623364872,235.78058452677067,237.20718471225808,31934000.0,MSFT,yfinance,0
2023-01-24,238.13198852539062,240.01115305507722,236.55783131151753,238.58456791948572,40234400.0,MSFT,yfinance,0
2023-01-25,236.72509765625,239.37166716301243,227.17186927109466,230.69406818600342,66526600.0,MSFT,yfinance,0
2023-01-26,243.99574279785156,244.30073507436205,238.09261998822612,239.71597275590608,33454500.0,MSFT,yfinance,0
2023-01-27,244.15316772460938,245.79620180353155,242.84464034171302,244.96976819720265,26498900.0,MSFT,yfinance,0
2023-01-30,238.79116821289062,241.63450516356798,238.28939315473593,240.56209308604045,25867400.0,MSFT,yfinance,0
2023-01-31,243.80882263183594,243.94656157173196,239.02729227198978,239.51921920196398,26541100.0,MSFT,yfinance,0
2023-02-01,248.66905212402344,251.05980969219294,241.50659754079177,243.99574649557985,31259900.0,MSFT,yfinance,0
2023-02-02,260.3277587890625,260.41630204077023,253.09642631786974,254.64108421117447,39940400.0,MSFT,yfinance,0
2023-02-03,254.17864990234375,259.9342009694348,252.94883258137716,255.3494383938909,29077300.0,MSFT,yfinance,0
2023-02-06,252.6241455078125,254.129440716698,250.666285929055,253.28334080672707,22518000.0,MSFT,yfinance,0
2023-02-07,263.2399597167969,264.43041458598066,255.88072138263217,256.32346766881807,50841400.0,MSFT,yfinance,0
2023-02-08,262.42333984375,272.2913924433007,261.9117166421838,268.7888752510765,54686000.0,MSFT,yfinance,0
2023-02-09,259.3635559082031,269.5562977519744,258.55678851794653,269.379181234106,42375100.0,MSFT,yfinance,0
2023-02-10,258.8519592285156,259.8259649519676,256.45135338348246,257.30730144649624,25818500.0,MSFT,yfinance,0
2023-02-13,266.93927001953125,270.1663098845427,262.83658569724724,263.3186945660727,44630900.0,MSFT,yfinance,0
2023-02-14,267.7755432128906,270.53032226738316,264.9321908808967,268.2674701886814,37047900.0,MSFT,yfinance,0
2023-02-15,265.6352233886719,267.02593565503673,262.5381698096659,264.6489051940905,28922400.0,MSFT,yfinance,0
2023-02-16,258.5633239746094,263.0905211433605,258.31674441138733,260.40773429150306,29603600.0,MSFT,yfinance,0
2023-02-17,254.52926635742188,256.5314910527994,252.49745332073493,255.84108638890078,30000100.0,MSFT,yfinance,0
2023-02-21,249.2130126953125,251.99443718648416,248.1477872550779,250.9982461928277,28397400.0,MSFT,yfinance,0
2023-02-22,248.06887817382812,250.86016040830225,246.914887717883,250.61358086515105,22491100.0,MSFT,yfinance,0
2023-02-23,251.28428649902344,253.32595730208965,247.05297308611262,252.0634712378697,29219100.0,MSFT,yfinance,0
2023-02-24,245.81021118164062,247.56585628917176,244.70553966679515,246.54009203253247,24990900.0,MSFT,yfinance,0
2023-02-27,246.73733520507812,249.36094491732896,245.97786606731717,249.00586980552043,21190000.0,MSFT,yfinance,0
2023-02-28,246.00746154785156,248.04914726252943,245.32689964295895,245.6622592388617,22491000.0,MSFT,yfinance,0
2023-03-01,242.90057373046875,247.4968048471562,242.42713018495667,247.32913256854502,27565300.0,MSFT,yfinance,0
2023-03-02,247.67434692382812,247.96037256032474,242.24959719355036,243.17673864636473,24808200.0,MSFT,yfinance,0
2023-03-03,251.79713439941406,252.12262116972,247.95049993219732,248.73955740111904,30760100.0,MSFT,yfinance,0
2023-03-06,253.35556030273438,256.56109456767734,252.47773767525854,252.92157787116935,24109800.0,MSFT,yfinance,0
2023-03-07,250.67274475097656,254.16431933176884,249.92314839607042,252.7933226938157,21473200.0,MSFT,yfinance,0
2023-03-08,250.22889709472656,251.05740068054592,247.3784384089754,250.56424163422204,17340200.0,MSFT,yfinance,0
2023-03-09,248.86781311035156,256.00874717926183,248.13793223119978,252.31992677792528,26653400.0,MSFT,yfinance,0
2023-03-10,245.18881225585938,249.3313452555301,244.21236697130587,247.64474973674507,28333900.0,MSFT,yfinance,0
2023-03-13,250.44589233398438,254.38130700537275,242.3679446164093,244.015094051797,33339700.0,MSFT,yfinance,0
2023-03-14,257.221923828125,257.4980917115578,252.3593674269289,253.23718999570187,33620300.0,MSFT,yfinance,0
2023-03-15,261.8083190917969,262.83409850139134,255.6635455488037,256.42302986650344,46028000.0,MSFT,yfinance,0
2023-03-16,272.4211120605469,272.77617218170525,259.6778670559726,261.5814540500635,54768800.0,MSFT,yfinance,0
2023-03-17,275.60687255859375,279.4535073114165,272.53943756981755,274.4528971827675,69527400.0,MSFT,yfinance,0
2023-03-20,268.5054016113281,273.6835719142719,266.1579595913203,273.1904128378011,43466600.0,MSFT,yfinance,0
2023-03-21,270.0341491699219,271.2374583710604,265.8324247282345,271.1191050234136,34558700.0,MSFT,yfinance,0
2023-03-22,268.5646057128906,277.19489043228054,268.45609505296665,269.6594045264148,34873300.0,MSFT,yfinance,0
2023-03-23,273.8611145019531,277.21459035555193,271.4347801625903,274.137282393425,36610900.0,MSFT,yfinance,0
2023-03-24,276.7312927246094,276.7904694060669,271.5136612424645,273.446836403508,28172000.0,MSFT,yfinance,0
2023-03-27,272.5986022949219,277.60908501730165,271.7503530737867,276.66222806583613,26840200.0,MSFT,yfinance,0
2023-03-28,271.46435546875,272.36190859794345,268.32784087331277,272.0166912251704,21878600.0,MSFT,yfinance,0
2023-03-29,276.6720886230469,277.29347381680907,274.60081467718567,275.1432775701319,25087000.0,MSFT,yfinance,0
2023-03-30,280.1636657714844,280.56805983553204,277.62885093593184,280.34122591914473,25053400.0,MSFT,yfinance,0
2023-03-31,284.35546875,285.31219841867824,279.1279953644612,279.84801834399406,32766000.0,MSFT,yfinance,0
2023-04-03,283.3001708984375,284.32592009457954,280.0650485951288,282.5998633452524,24883300.0,MSFT,yfinance,0
2023-04-04,283.2508239746094,286.47610341698794,281.7615041156291,283.30015793950093,25824300.0,MSFT,yfinance,0
2023-04-05,280.4496765136719,283.22122788337555,279.0491217097848,281.9390264319253,22064800.0,MSFT,yfinance,0
2023-04-06,287.6103515625,288.0837649660351,278.1712805290201,279.3351286127617,29770300.0,MSFT,yfinance,0
2023-04-10,285.4306335449219,285.6377519354261,280.8146415705329,285.2530733958761,23103000.0,MSFT,yfinance,0
2023-04-11,278.9603576660156,282.06728401372465,277.78666672359924,281.84041999626015,27276600.0,MSFT,yfinance,0
2023-04-12,279.611328125,283.0831873442445,278.10226253028486,280.8935598048498,27403400.0,MSFT,yfinance,0
2023-04-13,285.87445068359375,285.93362736494225,279.29572544000456,279.70996220944426,24222700.0,MSFT,yfinance,0
2023-04-14,282.2250671386719,284.5330478116191,279.80857582595036,283.0732862312766,20987900.0,MSFT,yfinance,0
2023-04-17,284.8486633300781,287.61037214853826,282.24479912414546,285.9632076307391,23836200.0,MSFT,yfinance,0
2023-04-18,284.4245300292969,287.768162652318,283.08315193513107,287.58075981562746,20161800.0,MSFT,yfinance,0
2023-04-19,284.50347900390625,285.0952458067938,280.646971471538,282.077114711904,17150300.0,MSFT,yfinance,0
2023-04-20,282.1954650878906,285.0755272649931,281.1795586202905,281.347245946029,23244400.0,MSFT,yfinance,0
2023-04-21,281.8502502441406,282.35325197205634,279.1871795197305,281.1105117206975,21676400.0,MSFT,yfinance,0
2023-04-24,277.9148254394531,281.0513397068863,274.90656743425353,278.2304544386979,26611000.0,MSFT,yfinance,0
2023-04-25,271.6517028808594,277.7471405844368,271.602368923366,275.68573968209563,45772200.0,MSFT,yfinance,0
2023-04-26,291.3287658691406,295.47131383656125,288.7249017953635,292.6405857688407,64599200.0,MSFT,yfinance,0
2023-04-27,300.65936279296875,301.0243258099498,291.21044770829826,291.9205980142474,46462600.0,MSFT,yfinance,0
2023-04-28,303.0561218261719,304.7032562666543,299.16015312675654,299.8505878659069,36446700.0,MSFT,yfinance,0
2023-05-01,301.37933349609375,304.37774872194575,300.9749394935909,302.7700455242024,21294100.0,MSFT,yfinance,0
2023-05-02,301.2314453125,304.9498540934286,299.75196801132864,303.5492991043437,26404400.0,MSFT,yfinance,0
2023-05-03,300.2352294921875,304.38762034639154,299.9294732832105,302.42485692101525,22360800.0,MSFT,yfinance,0
2023-05-04,301.2314453125,303.5492991043437,299.24893609691674,302.05007617512933,22519900.0,MSFT,yfinance,0
2023-05-05,306.3996887207031,307.70163573887834,300.1069748995604,301.5371480771064,28181200.0,MSFT,yfinance,0
2023-05-08,304.4270935058594,305.95590471108136,301.9021214288919,305.886855215998,21318600.0,MSFT,yfinance,0
2023-05-09,302.7996520996094,305.798067506066,302.1190902129459,303.7859701846244,21340800.0,MSFT,yfinance,0
2023-05-10,308.0370178222656,308.71757975112604,303.4605172760594,304.39750145489603,30078000.0,MSFT,yfinance,0
2023-05-11,305.86712646484375,306.86331749159484,302.06982542632505,305.85728375074694,31680200.0,MSFT,yfinance,0
2023-05-12,304.74267578125,306.39968280875354,302.4051069210152,306.30104498806094,19758100.0,MSFT,yfinance,0
2023-05-15,305.2259826660156,305.6599650264564,303.3815726841616,304.8709226074943,16336500.0,MSFT,yfinance,0
2023-05-16,307.4748229980469,309.4178710368507,305.59095164265494,305.59095164265494,26730300.0,MSFT,yfinance,0
2023-05-17,310.3808898925781,310.805926546579,307.15845443998836,308.69060750552126,24315000.0,MSFT,yfinance,0
2023-05-18,314.8488464355469,315.36287241565884,310.1041815113746,310.9048433402556,27276000.0,MSFT,yfinance,0
2023-05-19,314.6709289550781,315.07620706877765,312.7236332294624,313.089363921721,27529500.0,MSFT,yfinance,0
2023-05-22,317.4781799316406,318.8719323650163,314.3447331800345,314.9279294182539,24115700.0,MSFT,yfinance,0
2023-05-23,311.62640380859375,319.00041331686316,311.6165094129582,316.34141515317293,30797200.0,MSFT,yfinance,0
2023-05-24,310.2326354980469,312.85208611003424,309.00690697018507,311.10249762561375,23384900.0,MSFT,yfinance,0
2023-05-25,322.16357421875,323.1322597779971,316.31179277936076,319.514440028182,43301700.0,MSFT,yfinance,0
2023-05-26,329.05322265625,329.5573240341025,320.1470596021426,320.285430317253,36630600.0,MSFT,yfinance,0
2023-05-30,327.3925476074219,331.8703347493405,326.710497962256,331.3662333950562,29503100.0,MSFT,yfinance,0
2023-05-31,324.6050720214844,332.068040510102,323.557261568481,328.4601155465043,45950600.0,MSFT,yfinance,0
2023-06-01,328.74676513671875,329.6858277758173,320.97737171957544,322.1734171605526,26773900.0,MSFT,yfinance,0
2023-06-02,331.5342712402344,333.6100732849535,328.71711347710425,330.3975318385058,25864000.0,MSFT,yfinance,0
2023-06-05,332.06805419921875,334.6578520031515,330.80280831921186,331.3563515063498,21307100.0,MSFT,yfinance,0
2023-06-06,329.8340759277344,331.50459980034327,328.34150034369713,331.46505238445627,20396200.0,MSFT,yfinance,0
2023-06-07,319.6528015136719,330.6347357358875,318.7829393642212,327.8274725409219,40717100.0,MSFT,yfinance,0
2023-06-08,321.5111389160156,322.87523818509703,319.62314950969096,320.20634568769077,23277700.0,MSFT,yfinance,0
2023-06-09,323.0235290527344,326.1866287534683,320.6709553622718,321.2442571905946,22514900.0,MSFT,yfinance,0
2023-06-12,328.02520751953125,328.2723260983216,321.41231193783307,324.792877202814,24260300.0,MSFT,yfinance,0
2023-06-13,330.4371032714844,333.0961017213649,326.58205928874565,330.61502141703147,22951300.0,MSFT,yfinance,0
2023-06-14,333.4519348144531,335.1323532818647,328.97414719940065,330.4865117537338,26003800.0,MSFT,yfinance,0
2023-06-15,344.087890625,345.80782615776803,333.31352739056973,333.5902989724616,38899100.0,MSFT,yfinance,0
2023-06-16,338.3843688964844,347.4190378119498,338.0087740294845,347.2707727110499,46533600.0,MSFT,yfinance,0
2023-06-20,334.1537170410156,338.1372671679203,331.9889559626245,335.39920428223814,26375400.0,MSFT,yfinance,0
2023-06-21,329.7154846191406,333.83743571716536,328.2426675673344,332.4930949848668,25117800.0,MSFT,yfinance,0
2023-06-22,335.7945861816406,336.1998642526837,329.4980099014051,330.2690186262127,23556800.0,MSFT,yfinance,0
2023-06-23,331.1586608886719,334.06477784716117,329.6067791085905,330.5062642075985,23084700.0,MSFT,yfinance,0
2023-06-26,324.8126220703125,332.2360426605218,324.70387422411295,329.8736050529999,21520600.0,MSFT,yfinance,0
2023-06-27,330.7138366699219,332.2756127100992,325.5045580724648,328.0350497361953,24354100.0,MSFT,yfinance,0
2023-06-28,331.9790954589844,334.084550517697,329.96259946623746,330.8028086437021,20259500.0,MSFT,yfinance,0
2023-06-29,331.18829345703125,332.2360737742662,328.7863082108704,330.8522158237522,16997000.0,MSFT,yfinance,0
2023-06-30,336.61505126953125,338.7798124300312,333.3135506813242,333.85719948758003,26823800.0,MSFT,yfinance,0
2023-07-03,334.094482421875,336.9709468007876,332.69086554231126,335.2806638733731,12508700.0,MSFT,yfinance,0
2023-07-05,334.2525329589844,337.7121925374925,330.8719682065683,331.22780442646996,18172400.0,MSFT,yfinance,0
2023-07-06,337.3366394042969,339.0368165374817,331.63315311504743,333.41239492533305,28161200.0,MSFT,yfinance,0
2023-07-07,333.3333435058594,337.8506788232005,333.115877927878,335.4091458109825,21185300.0,MSFT,yfinance,0
2023-07-10,328.0054016113281,331.3662382401782,323.81428038681094,330.74349462758727,32791400.0,MSFT,yfinance,0
2023-07-11,328.6380615234375,329.0235508256902,323.2311057346372,327.2443090989925,26698200.0,MSFT,yfinance,0
2023-07-12,333.31353759765625,337.71223002191914,331.8011731635339,332.7204469994857,29995300.0,MSFT,yfinance,0
2023-07-13,338.7106018066406,339.7781407604892,335.1125409329444,335.64632549278923,20567200.0,MSFT,yfinance,0
2023-07-14,341.2608642578125,347.3795227060363,340.3415903808926,343.5837849407625,28302200.0,MSFT,yfinance,0
2023-07-17,341.7452087402344,342.990665765801,338.2558958910491,341.69576692889177,20363900.0,MSFT,yfinance,0
2023-07-18,355.3465881347656,362.55257365392396,338.2262375492029,341.84402665294436,64872700.0,MSFT,yfinance,0
2023-07-19,350.9874267578125,358.28237161878195,348.37787039921096,357.5805633410372,39732900.0,MSFT,yfinance,0
2023-07-20,342.8720703125,353.8441409060029,341.3893588854277,349.4948600864259,33778400.0,MSFT,yfinance,0
2023-07-21,339.80780029296875,346.2625362851219,335.91320912576265,345.1257968698056,69368900.0,MSFT,yfinance,0
2023-07-24,341.1323547363281,342.9215209904844,338.36463873391983,341.8638462386976,26678100.0,MSFT,yfinance,0
2023-07-25,346.9347229003906,347.83423813906484,341.09283612999536,343.1093019955314,41637700.0,MSFT,yfinance,0
2023-07-26,333.876953125,340.6974499210077,329.2706592716007,337.504667075425,58383700.0,MSFT,yfinance,0
2023-07-27,326.908203125,337.3959003723981,325.25743786483986,336.5557213978174,39635300.0,MSFT,yfinance,0
2023-07-28,334.4700622558594,336.09117467563357,329.3300137158038,329.8242508926847,28484900.0,MSFT,yfinance,0
2023-07-31,332.0483093261719,333.80779242227305,329.5177872955062,333.036783653551,25446000.0,MSFT,yfinance,0
2023-08-01,332.4634704589844,334.6381261685805,329.8539137733132,331.326730951359,18311900.0,MSFT,yfinance,0
2023-08-02,323.72528076171875,329.78463206480023,322.5984057628244,329.78463206480023,27761300.0,MSFT,yfinance,0
2023-08-03,322.8949890136719,326.07787717606357,322.1931807711042,322.2425924152618,18253700.0,MSFT,yfinance,0
2023-08-04,324.0021057128906,331.2772922665629,323.468321143029,328.05485638688526,23727700.0,MSFT,yfinance,0
2023-08-07,326.30523681640625,327.29371111677887,323.74509199834216,324.5853011868272,17741500.0,MSFT,yfinance,0
2023-08-08,322.2919921875,324.96088452215395,319.2771580248083,323.1915073052413,22327600.0,MSFT,yfinance,0
2023-08-09,318.5160217285156,323.3397500218357,317.3495993585268,322.70714228084114,22373300.0,MSFT,yfinance,0
2023-08-10,319.20794677734375,324.4765308361969,317.4781170324145,322.2623282499184,20113700.0,MSFT,yfinance,0
2023-08-11,317.3101806640625,318.6940388077584,315.53090862287206,316.56882485502774,24342600.0,MSFT,yfinance,0
2023-08-14,320.30523681640625,320.32499544370245,316.3908566710484,317.68578582210785,18836100.0,MSFT,yfinance,0
2023-08-15,318.15032958984375,321.3431124974694,317.20140269076705,319.27720479224416,16966300.0,MSFT,yfinance,0
2023-08-16,317.3777160644531,321.35981544543756,316.7833697149334,317.77393688756257,20698900.0,MSFT,yfinance,0
2023-08-17,313.8908996582031,318.8338196904496,313.22720641667973,317.5163787813706,21257200.0,MSFT,yfinance,0
2023-08-18,313.49468994140625,315.3767614049802,308.61117111318896,311.5234408357638,24744800.0,MSFT,yfinance,0
2023-08-21,318.84375,319.72533901894826,314.04940875807927,314.9309977770275,24040000.0,MSFT,yfinance,0
2023-08-22,319.41827392578125,323.004122163059,318.42770677825877,322.4296065185685,16102000.0,MSFT,yfinance,0
2023-08-23,323.9154357910156,326.0946954631443,320.4088198566661,320.76543972560916,21166400.0,MSFT,yfinance,0
2023-08-24,316.9517517089844,329.8390391710411,316.9418363646179,329.71026061311085,23281400.0,MSFT,yfinance,0
2023-08-25,319.9333801269531,322.29090448568866,315.7927865800753,318.4376140983813,21684100.0,MSFT,yfinance,0
2023-08-28,320.6465759277344,323.07344713621103,318.68524222639564,322.58807894045736,14808500.0,MSFT,yfinance,0
2023-08-29,325.3121643066406,325.87679484238714,318.8437619677204,318.8437619677204,19284600.0,MSFT,yfinance,0
2023-08-30,325.6885681152344,326.6989356833555,323.37064470857354,325.5697048989506,15222100.0,MSFT,yfinance,0
2023-08-31,324.6683044433594,327.7885849745621,323.6975377366628,326.0947235827168,26411000.0,MSFT,yfinance,0
2023-09-01,325.5597839355469,328.85835904932804,323.6975129666843,328.1847806822059,14931200.0,MSFT,yfinance,0
2023-09-05,330.4036560058594,331.6914114200369,325.55979843195536,325.89658763051284,18553900.0,MSFT,yfinance,0
2023-09-06,329.739990234375,331.305072994731,327.06544689827825,330.2352737981181,17535800.0,MSFT,yfinance,0
2023-09-07,326.7980041503906,329.9380850110211,325.9263002427993,328.16499162095795,18381000.0,MSFT,yfinance,0
2023-09-08,331.1168518066406,332.989038125567,326.35222650031665,326.9762886066254,19530100.0,MSFT,yfinance,0
2023-09-11,334.7522888183594,335.2277719667598,332.2659554221078,334.05887967232275,16583300.0,MSFT,yfinance,0
2023-09-12,328.64044189453125,333.6131081744858,328.3531991956685,332.65225686072523,17565500.0,MSFT,yfinance,0
2023-09-13,332.8899841308594,333.672540620453,328.0461266305685,328.1847903080037,16544400.0,MSFT,yfinance,0
2023-09-14,335.50506591796875,337.64466410550597,333.39515330250424,335.9508029446612,20267000.0,MSFT,yfinance,0
2023-09-15,327.1050720214844,334.217336610677,326.540441514089,333.74188374525704,37666900.0,MSFT,yfinance,0
2023-09-18,325.9560241699219,327.28338052420895,323.2814807713204,324.7078998866131,16834200.0,MSFT,yfinance,0
2023-09-19,325.54986572265625,326.2829059201443,321.44893371923223,323.09327870427745,16505900.0,MSFT,yfinance,0
2023-09-20,317.74420166015625,326.4810108438582,317.486674767217,326.40177877596363,21436500.0,MSFT,yfinance,0
2023-09-21,316.5158996582031,322.2810073516276,312.02863196954377,316.24845742778143,35529500.0,MSFT,yfinance,0
2023-09-22,314.0196838378906,318.41780414936176,313.1677804184283,318.28902559051323,21447900.0,MSFT,yfinance,0
2023-09-25,314.544677734375,314.6734562909907,312.02862889736053,313.60362692042037,17836000.0,MSFT,yfinance,0
2023-09-26,309.1956481933594,312.9003597025738,307.09562041875256,312.15743433170707,26297600.0,MSFT,yfinance,0
2023-09-27,309.8395080566406,311.3352439005283,306.76874383832666,309.3541095957723,19410100.0,MSFT,yfinance,0
2023-09-28,310.68145751953125,312.5040972255242,306.53097924919433,308.05643070863107,19683600.0,MSFT,yfinance,0
2023-09-29,312.7715759277344,316.45648691507375,312.0088501090386,314.7527102170629,24140300.0,MSFT,yfinance,0
2023-10-02,318.7644958496094,318.8536734949948,312.2069461724641,313.2965760802322,20570000.0,MSFT,yfinance,0
2023-10-03,310.433837890625,318.3583746883624,308.2743786386628,317.8036293011886,21033500.0,MSFT,yfinance,0
2023-10-04,315.9512634277344,317.02109278941384,311.03805923659553,311.0677750394362,20720100.0,MSFT,yfinance,0
2023-10-05,316.34747314453125,316.961650097937,311.9295526417263,316.08003092831916,16965600.0,MSFT,yfinance,0
2023-10-06,324.1730041503906,326.084791429699,313.3163667904676,313.56400856953996,25645500.0,MSFT,yfinance,0
2023-10-09,326.7088623046875,327.1843151862334,320.1314819660079,321.686679635388,19891200.0,MSFT,yfinance,0
2023-10-10,325.2923583984375,327.976786889985,324.5791488467311,327.8380929797901,20557100.0,MSFT,yfinance,0
2023-10-11,329.2843322753906,329.6805530737714,326.0352733611334,328.08572430592403,20063200.0,MSFT,yfinance,0
2023-10-12,328.0362243652344,330.482926459862,325.6192380762212,327.4517933683425,19313100.0,MSFT,yfinance,0
2023-10-13,324.6385498046875,330.680984618951,323.2814475547989,329.24468053593233,21072400.0,MSFT,yfinance,0
2023-10-16,329.50225830078125,332.96924318914955,327.4814929300995,327.927229992207,22158000.0,MSFT,yfinance,0
2023-10-17,328.9277038574219,330.31449173060963,324.32157295768366,326.4810019480552,18338500.0,MSFT,yfinance,0
2023-10-18,326.99609375,332.4244123884925,325.2031697015897,329.3536483055121,23153600.0,MSFT,yfinance,0
2023-10-19,328.1947021484375,333.7022528617968,327.7885660057624,329.0168595486858,25052100.0,MSFT,yfinance,0
2023-10-20,323.58856201171875,328.78903919276047,322.38006896236453,328.5909136844565,25012600.0,MSFT,yfinance,0
2023-10-23,326.21356201171875,329.59139942320206,321.33007350300215,322.39987266135313,24374700.0,MSFT,yfinance,0
2023-10-24,327.4121398925781,328.70978036544676,324.5097855665259,328.17486567114935,31153600.0,MSFT,yfinance,0
2023-10-25,337.4565124511719,342.93434738928164,334.43526461185274,341.76545521871486,55053800.0,MSFT,yfinance,0
2023-10-26,324.79705810546875,338.40744026763304,323.8560072767667,337.3277257655851,37828500.0,MSFT,yfinance,0
2023-10-27,326.6989440917969,333.54376661625815,325.3022408050966,327.3130908782091,29856500.0,MSFT,yfinance,0
2023-10-30,334.1282043457031,336.24803256583084,328.699885458302,330.26499849048633,22828100.0,MSFT,yfinance,0
2023-10-31,334.9206237792969,335.8022429983136,331.5329012652958,335.6536639809817,20265300.0,MSFT,yfinance,0
2023-11-01,342.8055725097656,344.1428441756508,336.44611826051886,336.58481216840323,28158800.0,MSFT,yfinance,0
2023-11-02,345.0343322753906,345.53950092957126,341.5178010064738,343.96450290123875,24348100.0,MSFT,yfinance,0
2023-11-03,349.4720458984375,351.0470741224753,344.05364288310676,346.33196525386137,23624000.0,MSFT,yfinance,0
2023-11-06,353.1668701171875,354.167352513998,350.01687414448827,350.1159368957074,23828300.0,MSFT,yfinance,0
2023-11-07,357.1291198730469,359.0409069309808,354.25648161438517,356.00977432450037,25833900.0,MSFT,yfinance,0
2023-11-08,359.77398681640625,360.4376498521563,357.1489597884209,358.2683054606333,26767800.0,MSFT,yfinance,0
2023-11-09,357.2876892089844,361.34902081383194,356.9607851012141,358.8824879059999,24847300.0,MSFT,yfinance,0
2023-11-10,366.1829833984375,366.60892003148234,357.6640995889836,358.0801208767028,28042100.0,MSFT,yfinance,0
2023-11-13,363.22113037109375,364.99425391218455,362.44848925632533,364.7466121416856,19986500.0,MSFT,yfinance,0
2023-11-14,366.77728271484375,368.44145847858766,363.88484360517197,367.510322951988,27683900.0,MSFT,yfinance,0
2023-11-15,366.92620849609375,370.36051882672837,364.3851817384097,368.524244039484,26860100.0,MSFT,yfinance,0
2023-11-16,373.3779296875,373.55658638591603,367.43236925654054,368.20657857407457,27182300.0,MSFT,yfinance,0
2023-11-17,367.1048278808594,371.59126768484566,364.2759756899048,370.836899022974,40157000.0,MSFT,yfinance,0
2023-11-20,374.6384582519531,376.0578368231194,368.24625665651735,368.4646249206246,52465100.0,MSFT,yfinance,0
2023-11-21,370.30096435546875,373.4275780062099,368.36542575254623,372.88167239567645,28423100.0,MSFT,yfinance,0
2023-11-22,375.0454406738281,376.9710435818407,372.18681242725006,375.1943212510325,23345300.0,MSFT,yfinance,0
2023-11-24,374.6285705566406,375.164570962539,372.35558957569657,374.5293067346497,10176600.0,MSFT,yfinance,0
2023-11-27,375.7998352050781,377.8147970516832,373.4077495612657,373.9834313095328,22179200.0,MSFT,yfinance,0
2023-11-28,379.8594665527344,380.15722772173007,375.35315568518746,375.5417478559064,20453100.0,MSFT,yfinance,0
2023-11-29,376.0379943847656,381.4475236203958,374.63845646571406,380.91155357646585,28963400.0,MSFT,yfinance,0
2023-11-30,376.09759521484375,377.26882955398304,372.6831257280476,375.6806992801835,30554400.0,MSFT,yfinance,0
2023-12-01,371.7302551269531,375.3531573911705,368.5539946182593,373.9635547777664,33020400.0,MSFT,yfinance,0
2023-12-04,366.40008544921875,366.7772394676553,360.2063810389884,366.3603738663603,32063300.0,MSFT,yfinance,0
2023-12-05,369.7550048828125,370.3108459279077,362.90622534848177,363.7300817378277,23065000.0,MSFT,yfinance,0
2023-12-06,366.0626220703125,371.4026946281754,365.2983481911379,370.76746068896693,21182100.0,MSFT,yfinance,0
2023-12-07,368.1966552734375,368.69294404976455,363.6010163580793,365.496843118576,23118900.0,MSFT,yfinance,0
2023-12-08,371.45233154296875,371.680605008,365.4968658565483,366.4596673541622,20144800.0,MSFT,yfinance,0
2023-12-11,368.5440368652344,368.8418283086429,363.3826517145165,365.74499115999953,27708800.0,MSFT,yfinance,0
2023-12-12,371.6011962890625,371.6409078734443,367.7102788783657,368.0973986711949,24838300.0,MSFT,yfinance,0
2023-12-13,371.59124755859375,374.83699548980223,368.01796236834986,373.22899443589563,30955500.0,MSFT,yfinance,0
2023-12-14,363.21392822265625,370.9858281001623,361.4273005886206,370.5391560461205,43277500.0,MSFT,yfinance,0
2023-12-15,367.9783020019531,369.63588961946664,363.56131959614595,364.12709609407943,78478200.0,MSFT,yfinance,0
2023-12-18,369.884033203125,370.23144141816454,365.9434989554768,366.7078030867766,21802900.0,MSFT,yfinance,0
2023-12-19,370.489501953125,370.489501953125,367.0948734411933,368.73262032256434,20603700.0,MSFT,yfinance,0
2023-12-20,367.8691101074219,373.238958629029,367.77978175717385,372.2166048992151,26316700.0,MSFT,yfinance,0
2023-12-21,370.7674255371094,371.6309631567769,367.2934041212111,369.7946886358752,17708000.0,MSFT,yfinance,0
2023-12-22,371.7997131347656,372.3952657674826,369.943597824132,370.9063993312227,17091100.0,MSFT,yfinance,0
2023-12-26,371.8791198730469,374.1421955445061,370.7277262449622,372.21659261542385,12673100.0,MSFT,yfinance,0
2023-12-27,371.29351806640625,372.2761602183441,370.042860570438,370.916333723745,14905400.0,MSFT,yfinance,0
2023-12-28,372.49456787109375,373.6658023181358,371.3828856643374,372.5838962315222,14327000.0,MSFT,yfinance,0
2023-12-29,373.2489013671875,374.36058346889905,370.7079050515424,373.2091897803934,18723000.0,MSFT,yfinance,0
2024-01-02,368.11724853515625,373.1099126361841,364.0476743294386,371.08504585690326,25258600.0,MSFT,yfinance,0
2024-01-03,367.8492736816406,370.4895337976216,365.7747900814552,366.27107889368324,23083500.0,MSFT,yfinance,0
2024-01-04,365.2090148925781,370.3307190883081,364.4447410237536,367.9187627219721,20901500.0,MSFT,yfinance,0
2024-01-05,365.0204162597656,369.2984233377166,363.7796942466461,366.23136215621287,20987000.0,MSFT,yfinance,0
2024-01-08,371.9089050292969,372.41512930069973,366.2710715059576,366.5588972016775,23134000.0,MSFT,yfinance,0
2024-01-09,373.0007629394531,373.1992602944753,368.4348996990196,369.2488206404886,20830000.0,MSFT,yfinance,0
2024-01-10,379.9289245605469,381.3185574608793,373.5268170885799,373.5764338531353,25514200.0,MSFT,yfinance,0
2024-01-11,381.7751159667969,387.780198154709,377.5566612901961,383.1349423924486,27850800.0,MSFT,yfinance,0
2024-01-12,385.58660888671875,385.79504169441134,381.79495530873476,382.6287168305684,21645700.0,MSFT,yfinance,0
2024-01-16,387.3732604980469,391.10536207750914,384.74293583850687,390.73811320122354,27202300.0,MSFT,yfinance,0
2024-01-17,386.5792236328125,387.21445758579864,381.9538080881543,385.1002926080357,22234100.0,MSFT,yfinance,0
2024-01-18,390.946533203125,391.0656376681701,387.2243672151433,388.81249742822837,23392100.0,MSFT,yfinance,0
2024-01-19,395.7109069824219,395.7109069824219,390.5792676975653,392.82250266388587,29272000.0,MSFT,yfinance,0
2024-01-22,393.5669250488281,397.64640414638313,390.66858534100083,397.0508515717816,27016900.0,MSFT,yfinance,0
2024-01-23,395.9391784667969,396.41562659537493,391.0060668337723,392.8125652438518,20525900.0,MSFT,yfinance,0
2024-01-24,399.5720520019531,402.6192726240681,397.4777277230109,398.5596337147809,24867000.0,MSFT,yfinance,0
2024-01-25,401.86492919921875,403.9890600203499,399.54230101240864,401.31902357976713,21021200.0,MSFT,yfinance,0
2024-01-26,400.9318542480469,403.15524862311014,399.4429878794264,401.3685908061273,17803300.0,MSFT,yfinance,0
2024-01-29,406.6788635253906,406.9369433742504,401.32885614210204,403.046026159944,24510200.0,MSFT,yfinance,0
2024-01-30,405.5572814941406,409.984169147339,403.4331811629269,409.2000546460513,33477600.0,MSFT,yfinance,0
2024-01-31,394.6289978027344,412.2373454227937,394.261748929001,403.9393807478181,47871100.0,MSFT,yfinance,0
2024-02-01,400.7829895019531,404.97166826278436,398.8176749129533,398.8474510298594,30657700.0,MSFT,yfinance,0
2024-02-02,408.1677551269531,409.5871338016017,400.5646072018857,400.812751597778,28245000.0,MSFT,yfinance,0
2024-02-05,402.6391296386719,408.108242345963,400.9914470557423,406.8575847766276,25352300.0,MSFT,yfinance,0
2024-02-06,402.48028564453125,404.94188902369723,399.9194487371533,402.8674054523912,18382600.0,MSFT,yfinance,0
2024-02-07,410.9767150878906,411.2248594709387,404.37608055702276,404.41579213980793,22340500.0,MSFT,yfinance,0
2024-02-08,411.03631591796875,412.47556562625147,409.4680565597391,410.97676368228065,21225300.0,MSFT,yfinance,0
2024-02-09,417.4284973144531,417.6965126525744,412.0090321031855,412.16784815401843,22032800.0,MSFT,yfinance,0
2024-02-12,412.17779541015625,417.61710142417604,411.6715711268413,417.43844472102916,21202900.0,MSFT,yfinance,0
2024-02-13,403.30413818359375,407.0263041880398,400.3958930819754,401.93437624738726,27824900.0,MSFT,yfinance,0
2024-02-14,407.2022399902344,407.5502906697644,402.3097441795734,405.7901902807103,20401200.0,MSFT,yfinance,0
2024-02-15,404.2886047363281,406.844253795532,402.0312978280853,405.8597944956463,21825500.0,MSFT,yfinance,0
2024-02-16,401.8025817871094,406.00896040801706,401.1860504791686,405.68078706857665,22281100.0,MSFT,yfinance,0
2024-02-20,400.5396728515625,402.2301569631396,395.7863793073486,400.98714055150333,24307900.0,MSFT,yfinance,0
2024-02-21,399.9330749511719,400.0424761785828,395.0007942050233,397.9343251478532,18631100.0,MSFT,yfinance,0
2024-02-22,409.3501892089844,410.5235895059797,406.2874098944896,407.89835442885317,27009900.0,MSFT,yfinance,0
2024-02-23,408.0475158691406,413.5366659026631,406.68517461722695,413.3477553107278,16295900.0,MSFT,yfinance,0
2024-02-26,405.26312255859375,409.8573062169829,405.0841051371281,409.1612049093751,16193500.0,MSFT,yfinance,0
2024-02-27,405.2034912109375,406.0387946357455,401.5937665324974,405.71062129384273,14835800.0,MSFT,yfinance,0
2024-02-28,405.442138671875,407.0132981269282,403.0555531345534,405.89956023265023,13183100.0,MSFT,yfinance,0
2024-02-29,411.3291015625,411.88597054155497,403.6522302402897,406.3570354301639,31947300.0,MSFT,yfinance,0
2024-03-01,413.17864990234375,413.54657789991296,408.58446615968444,408.97227149463464,17800300.0,MSFT,yfinance,0
2024-03-04,412.6018981933594,415.0183147511929,410.01641805524184,411.1301558754575,17596000.0,MSFT,yfinance,0
2024-03-05,400.40045166015625,411.9356503526025,398.4017018502844,411.647262039844,26919200.0,MSFT,yfinance,0
2024-03-06,399.84356689453125,402.8964224494763,396.16425656691945,400.71865529372803,22344100.0,MSFT,yfinance,0
2024-03-07,406.85418701171875,407.4905956100929,399.99271239952117,403.8510400518644,18718500.0,MSFT,yfinance,0
2024-03-08,403.95050048828125,408.12704774835913,402.07104511712214,405.6807696131603,17971700.0,MSFT,yfinance,0
2024-03-11,402.260009765625,403.4135326992779,399.01824342583916,401.5042763827422,16120800.0,MSFT,yfinance,0
2024-03-12,412.9598693847656,413.2482576798519,404.5173119089149,405.3426614260634,22457000.0,MSFT,yfinance,0
2024-03-13,412.7809143066406,415.8436935276916,409.15131229350845,415.76415382654346,17115900.0,MSFT,yfinance,0
2024-03-14,422.8443603515625,425.42984060788893,415.6547423607053,417.89217194553146,34157300.0,MSFT,yfinance,0
2024-03-15,414.0935363769531,420.23900234731536,410.48381179475484,416.9474972557258,45049800.0,MSFT,yfinance,0
2024-03-18,414.9884948730469,418.3794472894522,411.4682638941532,411.93563927933707,20106000.0,MSFT,yfinance,0
2024-03-19,419.0556335449219,419.31419066533897,413.2283569229008,415.4956176064084,19837900.0,MSFT,yfinance,0
2024-03-20,422.85430908203125,423.58021124975613,418.309833763603,419.6423437252515,17860100.0,MSFT,yfinance,0
2024-03-21,426.9711608886719,428.4130720663961,424.7735163679568,427.42858243141376,21296200.0,MSFT,yfinance,0
2024-03-22,426.34466552734375,427.45840335098023,423.6895995276174,427.2993239593862,17636500.0,MSFT,yfinance,0
2024-03-25,420.4975280761719,425.0221260957636,419.2545116444842,422.8642362176382,18060500.0,MSFT,yfinance,0
2024-03-26,419.2942810058594,423.61003025382604,418.9959692122293,423.2321484171748,16725600.0,MSFT,yfinance,0
2024-03-27,419.0755310058594,422.0786781731288,416.6690681514724,422.0687243304564,16705000.0,MSFT,yfinance,0
2024-03-28,418.3694763183594,419.5130453021147,416.77840930540117,418.60812574882544,21871200.0,MSFT,yfinance,0
2024-04-01,422.1979675292969,425.49942622936265,419.8610907281335,421.581436276879,16316000.0,MSFT,yfinance,0
2024-04-02,419.0854797363281,420.02023052369515,415.5055863322716,417.76289325444293,17912000.0,MSFT,yfinance,0
2024-04-03,418.10101318359375,420.8953116547113,416.7485955445773,417.3850345151922,16502300.0,MSFT,yfinance,0
2024-04-04,415.54534912109375,426.2750749166042,415.2370834893159,422.61561166210583,19370900.0,MSFT,yfinance,0
2024-04-05,423.1426696777344,424.1271593253038,415.9829132564958,417.6634738959058,16544300.0,MSFT,yfinance,0
2024-04-08,422.2178649902344,424.89283872354207,420.9350635621418,422.7946415969465,14272400.0,MSFT,yfinance,0
2024-04-09,423.8984375,425.35027220569395,419.26446856697675,424.05754724607453,12512300.0,MSFT,yfinance,0
2024-04-10,420.89532470703125,421.661011916909,417.3552162776753,419.83129534027074,16216600.0,MSFT,yfinance,0
2024-04-11,425.5392150878906,426.9711724620608,420.00032651884925,423.4410178927454,17966400.0,MSFT,yfinance,0
2024-04-12,419.54290771484375,422.804581678046,417.42480282053265,421.68088994748047,19232100.0,MSFT,yfinance,0
2024-04-15,411.3291015625,424.4354606040379,411.1202529350419,424.2166884803318,20273500.0,MSFT,yfinance,0
2024-04-16,412.2637634277344,416.0624286957439,411.4185365831452,412.2538399328981,16765600.0,MSFT,yfinance,0
2024-04-17,409.5390625,416.5397387944749,408.0374890994589,414.9188406847397,15855500.0,MSFT,yfinance,0
2024-04-18,402.0113830566406,409.5888365595163,401.6931939204708,408.3358663111444,21029900.0,MSFT,yfinance,0
2024-04-19,396.8901672363281,403.21465058171344,395.54770342907875,401.77273939113434,30276500.0,MSFT,yfinance,0
2024-04-22,398.71990966796875,400.59936518960666,393.5390253737502,397.84482119315845,20286900.0,MSFT,yfinance,0
2024-04-23,405.29296875,405.9194538806366,400.8081557996997,401.98155601580095,15734500.0,MSFT,yfinance,0
2024-04-24,406.7746276855469,410.1655800601119,404.50736699003204,407.2718342446254,15065300.0,MSFT,yfinance,0
2024-04-25,396.8106384277344,397.6558956886126,385.8621397543202,391.828618752875,40586500.0,MSFT,yfinance,0
2024-04-26,404.0499572753906,410.6926298157454,403.49308834069507,409.8672802562405,29694700.0,MSFT,yfinance,0
2024-04-29,400.002685546875,404.04995430979096,396.95978376637936,402.98592496673984,19582100.0,MSFT,yfinance,0
2024-04-30,387.15484619140625,399.91318350003166,386.99576679782797,399.24691335771746,28781400.0,MSFT,yfinance,0
2024-05-01,392.7335510253906,399.4756712970289,388.12941306101305,390.41655127862543,23562500.0,MSFT,yfinance,0
2024-05-02,395.6173095703125,397.6956293365983,392.4451293093816,395.43832249311964,17709400.0,MSFT,yfinance,0
2024-05-03,404.3880310058594,404.87528370911673,399.61482996343045,400.03249681413615,17446700.0,MSFT,yfinance,0
2024-05-06,411.2295837402344,411.61738905165487,404.09962877487624,406.47629054568836,16996600.0,MSFT,yfinance,0
2024-05-07,407.0530700683594,412.35330908567454,406.80446678398084,412.3433552432336,20018200.0,MSFT,yfinance,0
2024-05-08,408.2463684082031,409.92692899899777,404.43774918638377,405.88961418303944,11792300.0,MSFT,yfinance,0
2024-05-09,410.01641845703125,410.41417762934384,406.8144070472337,408.2761955244691,14689700.0,MSFT,yfinance,0
2024-05-10,412.42291259765625,413.05935159951036,409.4993354204379,410.6329810123348,13402300.0,MSFT,yfinance,0
2024-05-13,411.4085998535156,416.01273748411734,408.52480785647384,415.674640662803,15440200.0,MSFT,yfinance,0
2024-05-14,414.23272705078125,415.1575239695539,409.25070760597373,409.7180829864954,15109300.0,MSFT,yfinance,0
2024-05-15,421.47515869140625,422.20240059854984,415.6871996275787,416.31481477456555,22239500.0,MSFT,yfinance,0
2024-05-16,419.39306640625,423.8062853767995,418.7555099005881,420.1999914347788,17530100.0,MSFT,yfinance,0
2024-05-17,418.61602783203125,421.31577000047076,416.4443044242217,420.93720657305465,15352200.0,MSFT,yfinance,0
2024-05-20,423.7265930175781,425.1511614328831,418.396880603077,418.61604731326383,16272100.0,MSFT,yfinance,0
2024-05-21,427.41253662109375,431.32762170640956,423.23842806183916,425.2108978962463,21453300.0,MSFT,yfinance,0
2024-05-22,428.8869323730469,430.76977778184096,425.5098071947049,428.4585707536916,18073700.0,MSFT,yfinance,0
2024-05-23,425.3802795410156,431.9552501295072,423.806286262839,431.3276350167133,17211700.0,MSFT,yfinance,0
2024-05-24,428.5283203125,429.42490035124973,422.80013121816387,425.5695849033528,11845800.0,MSFT,yfinance,0
2024-05-28,428.6877136230469,429.18581701857414,424.98182314425105,428.0003285050737,15718000.0,MSFT,yfinance,0
2024-05-29,427.5420837402344,429.3053588233618,424.0752731477367,424.0752731477367,15517100.0,MSFT,yfinance,0
2024-05-30,413.0970764160156,422.6905221136095,412.66868439774686,422.6905221136095,28424800.0,MSFT,yfinance,0
2024-05-31,413.5553283691406,415.16917849985816,402.97561715504287,415.16917849985816,47995300.0,MSFT,yfinance,0
2024-06-03,411.951416015625,414.85038138867975,407.36888915692555,413.95380136857847,17484700.0,MSFT,yfinance,0
2024-06-04,414.49176025390625,414.86035189643934,408.1259843675055,410.8655529993055,14348900.0,MSFT,yfinance,0
2024-06-05,422.4016418457031,422.47135321415044,414.72086576752366,416.22514771727197,16988000.0,MSFT,yfinance,0
2024-06-06,422.90966796875,423.69667979403914,418.9846110399524,422.40162321221555,14861300.0,MSFT,yfinance,0
2024-06-07,422.24224853515625,424.6630237069637,421.3954666942958,424.58334054159934,13621700.0,MSFT,yfinance,0
2024-06-10,426.2469787597656,426.4561736654937,422.28209533796144,423.08902037615866,14003000.0,MSFT,yfinance,0
2024-06-11,431.0387268066406,431.17821034370814,423.6369179932823,423.8660564891145,14551100.0,MSFT,yfinance,0
2024-06-12,439.386962890625,441.7180831231833,431.6065903189822,433.6687456637979,22366200.0,MSFT,yfinance,0
2024-06-13,439.9049987792969,441.70816111194614,437.7033901966821,439.1777872502892,15960600.0,MSFT,yfinance,0
2024-06-14,440.8912353515625,441.4590805041377,435.06341969503586,436.61749981653395,13582000.0,MSFT,yfinance,0
2024-06-17,446.6692199707031,449.2294786395013,439.04824433956117,440.91114611586056,20790000.0,MSFT,yfinance,0
2024-06-18,444.6469421386719,448.4325462425365,443.2024605110735,448.00415421057704,17112500.0,MSFT,yfinance,0
2024-06-20,444.0093688964844,444.836207137568,439.59614980649565,444.60706863615064,19877400.0,MSFT,yfinance,0
2024-06-21,448.0738830566406,448.87083631771554,444.8162978396789,445.68299287159783,34486200.0,MSFT,yfinance,0
2024-06-24,445.9718933105469,451.0326102709675,444.7166630652531,448.09378817031916,15913700.0,MSFT,yfinance,0
2024-06-25,449.23944091796875,449.7076593011684,445.05536045525633,446.54967056310835,16747500.0,MSFT,yfinance,0
2024-06-26,450.4448547363281,451.87939491079237,446.4899126612236,447.29683770913255,16507000.0,MSFT,yfinance,0
2024-06-27,451.13226318359375,454.4396771126521,450.0563427961558,450.46479123936655,14806300.0,MSFT,yfinance,0
2024-06-28,445.254638671875,453.65265464759193,444.7166784906869,451.3514193859445,28362300.0,MSFT,yfinance,0
2024-07-01,454.9975280761719,455.6350845987226,443.9695118583906,446.9581321622781,17662800.0,MSFT,yfinance,0
2024-07-02,457.537841796875,457.8466634618686,451.39123268024355,451.48091804269,13979800.0,MSFT,yfinance,0
2024-07-03,459.0221862792969,459.27123797386463,456.143164499039,456.4519861681576,9932800.0,MSFT,yfinance,0
2024-07-05,465.78643798828125,466.5734498542255,457.2290254263628,457.8665819543775,16000300.0,MSFT,yfinance,0
2024-07-08,464.471435546875,465.9259193229851,462.69818870917646,464.7802572139819,12962300.0,MSFT,yfinance,0
2024-07-09,457.796875,465.55730397446223,456.26270803688647,465.2285691118471,17207200.0,MSFT,yfinance,0
2024-07-10,464.4814147949219,464.6906097078431,457.1194320404737,459.4704958685422,18196100.0,MSFT,yfinance,0
2024-07-11,452.9752502441406,463.0170015470868,449.83717446026435,461.22384144357403,23111200.0,MSFT,yfinance,0
2024-07-12,451.8295593261719,454.6288978616777,448.94056583137933,452.6065993751412,16324300.0,MSFT,yfinance,0
2024-07-15,452.2380065917969,455.52550709970416,449.7176047366433,451.58050649021544,14429400.0,MSFT,yfinance,0
2024-07-16,447.8148498535156,452.57671692943273,444.96571312523935,452.4970337657807,17175700.0,MSFT,yfinance,0
2024-07-17,441.8376159667969,443.16258799675774,437.51408223046485,440.91115096654386,21778000.0,MSFT,yfinance,0
2024-07-18,438.6995849609375,442.9633488615893,432.7522291311158,442.65452718481316,20794800.0,MSFT,yfinance,0
2024-07-19,435.4519348144531,439.4666773586476,430.36133271708457,431.4571662650149,20940400.0,MSFT,yfinance,0
2024-07-22,441.2598571777344,442.9135641692446,437.24514485557467,440.1142253997938,15808800.0,MSFT,yfinance,0
2024-07-23,443.16259765625,446.6891782136702,441.4192357696415,442.2161890427922,13107100.0,MSFT,yfinance,0
2024-07-24,427.2731018066406,439.80540070906346,425.96807329606764,438.7793088938385,26805800.0,MSFT,yfinance,0
2024-07-25,416.8128967285156,428.1696475602488,415.9262885329197,427.1734408135737,29943800.0,MSFT,yfinance,0
2024-07-26,423.6568298339844,427.29300876037615,415.6871759053529,416.61367127993725,23583800.0,MSFT,yfinance,0
2024-07-29,425.111328125,430.51075182155637,423.0890295874203,429.942906663257,15125800.0,MSFT,yfinance,0
2024-07-30,421.3157958984375,427.4225180835465,415.77685808571965,426.09757640796397,32687600.0,MSFT,yfinance,0
2024-07-31,416.7630920410156,420.1800738322933,410.6463681191167,418.9049304325428,42891400.0,MSFT,yfinance,0
2024-08-01,415.52777099609375,425.8385166435875,411.52303092047094,419.193834836454,30296400.0,MSFT,yfinance,0
2024-08-02,406.9405212402344,413.42583747964204,402.80626894580195,410.92534858943577,29437900.0,MSFT,yfinance,0
2024-08-05,393.6510925292969,399.51876489974967,384.1173866027343,387.6937956010728,40709200.0,MSFT,yfinance,0
2024-08-06,398.09417724609375,404.1312183098937,396.9884023118245,398.48271248363807,24946500.0,MSFT,yfinance,0
2024-08-07,396.91864013671875,408.5244424608336,395.9622901884292,407.0899327393077,20650900.0,MSFT,yfinance,0
2024-08-08,401.1625061035156,404.32046453514727,398.42293748970286,400.9134544113508,20203000.0,MSFT,yfinance,0
2024-08-09,404.4798583984375,406.5021569084041,400.73414164807366,402.4974166714437,19276700.0,MSFT,yfinance,0
2024-08-12,405.2668762207031,407.2094915951495,402.7066175092627,405.5159279147697,16762900.0,MSFT,yfinance,0
2024-08-13,412.4395751953125,413.3760119926634,408.01641469772835,408.03632788850376,19414300.0,MSFT,yfinance,0
2024-08-14,415.27874755859375,416.13550120626286,410.88550237176327,413.22656400495976,18267000.0,MSFT,yfinance,0
2024-08-15,420.1889343261719,420.2687611144248,416.82567123071317,418.9613804533999,20752100.0,MSFT,yfinance,0
2024-08-16,417.634033203125,420.4982949962473,416.46635708464305,419.7597830235576,22775600.0,MSFT,yfinance,0
2024-08-19,420.68792724609375,420.90748898024606,415.6280480476388,418.12305390999944,15234000.0,MSFT,yfinance,0
2024-08-20,423.9513854980469,425.0092655510223,420.7977248783259,420.85760258271205,16387600.0,MSFT,yfinance,0
2024-08-21,423.292724609375,425.5481891739701,420.87754555991404,423.2328164492432,16067300.0,MSFT,yfinance,0
2024-08-22,414.7198791503906,425.93744667495105,413.78175447140427,423.51227773093285,19361900.0,MSFT,yfinance,0
2024-08-23,415.9573974609375,418.4224644213377,411.2667743519609,416.14702033916933,18493800.0,MSFT,yfinance,0
2024-08-26,412.6639709472656,416.4464082807184,410.51827204332665,415.53822251165116,13152800.0,MSFT,yfinance,0
2024-08-27,413.0132751464844,413.53222538686055,409.4304504838206,412.03522191159976,13492900.0,MSFT,yfinance,0
2024-08-28,409.77978515625,414.1709895566114,406.49634878347894,414.05123414353307,14882700.0,MSFT,yfinance,0
2024-08-29,412.29473876953125,421.2068927223571,409.77978373376925,414.11111041255606,17045200.0,MSFT,yfinance,0
2024-08-30,416.30670166015625,416.655978106258,411.3067002995332,414.76976956217663,24308300.0,MSFT,yfinance,0
2024-09-03,408.6220703125,419.04121691819955,406.2168810784247,417.07515113927735,20313600.0,MSFT,yfinance,0
2024-09-04,408.0831604003906,410.41848227651053,403.5622109113736,405.09914307922884,15135800.0,MSFT,yfinance,0
2024-09-05,407.5741882324219,412.2747707026805,405.31869320908027,406.80570694219614,14195500.0,MSFT,yfinance,0
2024-09-06,400.8975524902344,409.82965516660903,399.9993260182044,408.2428350994982,19609500.0,MSFT,yfinance,0
2024-09-09,404.9095153808594,407.83365496197575,401.34663967543116,406.42646799117773,15295100.0,MSFT,yfinance,0
2024-09-10,413.3725891113281,415.4983085515719,406.8855737804821,407.3845749597779,19594300.0,MSFT,yfinance,0
2024-09-11,422.1949157714844,423.14299971452004,408.7617824312734,414.66996964762023,19266900.0,MSFT,yfinance,0
2024-09-12,426.1470031738281,426.5162591700305,418.91148614101724,422.4643720681856,17418800.0,MSFT,yfinance,0
2024-09-13,429.7298278808594,430.9673410477323,424.61007095648097,424.97932695262114,15874600.0,MSFT,yfinance,0
2024-09-16,430.47833251953125,432.663960115382,427.36457004232324,429.7398205223156,13834700.0,MSFT,yfinance,0
2024-09-17,434.2807312011719,440.96735935499987,431.40647946288897,439.35060036636963,18874200.0,MSFT,yfinance,0
2024-09-18,429.94940185546875,435.1589754847829,429.5502069957536,434.13103425412396,18898000.0,MSFT,yfinance,0
2024-09-19,437.81365966796875,440.61804387535744,436.0272269078699,440.3485942013553,21706600.0,MSFT,yfinance,0
2024-09-20,434.4004821777344,438.3625528190564,433.35259186813613,436.34659898883444,55167100.0,MSFT,yfinance,0
2024-09-23,432.6440124511719,435.5881011366269,429.53024996375467,433.41246330331813,15128900.0,MSFT,yfinance,0
2024-09-24,428.31268310546875,432.48432563013114,425.24880857311865,432.1350187153662,17015800.0,MSFT,yfinance,0
2024-09-25,431.2467956542969,432.25478780854195,427.7138891426906,428.9713514363913,13396400.0,MSFT,yfinance,0
2024-09-26,430.4483947753906,434.4304144393862,428.27275694361356,434.2208424719693,14492000.0,MSFT,yfinance,0
2024-09-27,427.1649475097656,430.98731349999593,426.6160584093853,430.6579556744764,14896100.0,MSFT,yfinance,0
2024-09-30,429.4403991699219,429.5601850355194,424.5202548923187,427.3545779124989,16807300.0,MSFT,yfinance,0
2024-10-01,419.849609375,427.6240561781871,417.9733600914629,427.59411732607174,19092900.0,MSFT,yfinance,0
2024-10-02,416.2967224121094,421.9753581830839,415.87754802693416,421.735816910149,16582300.0,MSFT,yfinance,0
2024-10-03,415.7079162597656,418.7118826868124,413.46241092439135,416.79573518966424,13686400.0,MSFT,yfinance,0
2024-10-04,415.2288513183594,418.91148239103603,414.141032422096,417.4044891108862,19169700.0,MSFT,yfinance,0
2024-10-07,408.7218933105469,416.27674799671047,408.1829635105781,415.16898000097916,20919800.0,MSFT,yfinance,0
2024-10-08,413.8815612792969,414.8296757293512,407.3546475987459,410.0791746223265,19229300.0,MSFT,yfinance,0
2024-10-09,416.62603759765625,419.5402177563071,413.47234662969106,415.0292278034618,14974300.0,MSFT,yfinance,0
2024-10-10,415.0093078613281,416.5163012078428,412.3246790108455,414.4005410260384,13848400.0,MSFT,yfinance,0
2024-10-11,415.48834228515625,416.2967217455578,412.42446778596707,415.30870917320357,14144900.0,MSFT,yfinance,0
2024-10-14,418.302734375,423.1929399714268,416.6859449273295,416.93544552364324,16653100.0,MSFT,yfinance,0
2024-10-15,417.90350341796875,421.6360529989684,414.4304746563672,421.33663401346166,18900200.0,MSFT,yfinance,0
2024-10-16,415.2887268066406,415.5282376209468,409.66000947414466,414.34064286226896,15508900.0,MSFT,yfinance,0
2024-10-17,415.8875427246094,421.65599512005826,414.7597951900465,421.5162601711392,14820000.0,MSFT,yfinance,0
2024-10-18,417.3246765136719,418.81169030533886,415.4284780937268,416.30672505621476,17145300.0,MSFT,yfinance,0
2024-10-21,417.94342041015625,418.1230535224922,412.92346983800354,415.28873052027103,14206100.0,MSFT,yfinance,0
2024-10-22,426.656005859375,429.719850009177,417.20492213264845,417.65400492824705,25482200.0,MSFT,yfinance,0
2024-10-23,423.7518005371094,430.2188362215334,421.68592837942305,429.99927448801196,19654400.0,MSFT,yfinance,0
2024-10-24,423.8815612792969,425.1290642527003,421.55619868116815,424.48033834123805,13581600.0,MSFT,yfinance,0
2024-10-25,427.2947082519531,431.6559737319955,425.7178779096375,425.9075007963015,16899100.0,MSFT,yfinance,0
2024-10-28,425.7378234863281,431.0771422085262,425.44839427381163,430.79770276573566,14882400.0,MSFT,yfinance,0
2024-10-29,431.0871276855469,432.3046917719988,424.94938886176953,427.14500621655657,17644100.0,MSFT,yfinance,0
2024-10-30,431.66595458984375,437.6240298288107,431.2368208895649,436.566149775902,29749100.0,MSFT,yfinance,0
2024-10-31,405.53826904296875,415.3286698537771,405.4883506505116,414.53024968400064,53971000.0,MSFT,yfinance,0
2024-11-01,409.55023193359375,414.669989017628,406.6859699751707,408.1929633155515,24230400.0,MSFT,yfinance,0
2024-11-04,407.64404296875,409.6001495592508,404.75983193250556,408.98136250106245,19672300.0,MSFT,yfinance,0
2024-11-05,410.6380310058594,414.0711614645437,407.26477825056725,407.55420745470553,17626000.0,MSFT,yfinance,0
2024-11-06,419.3406066894531,419.6100868075599,409.6999006422783,411.5961294118678,26681800.0,MSFT,yfinance,0
2024-11-07,424.58013916015625,425.997315920461,419.041238212776,420.4384354335317,19901800.0,MSFT,yfinance,0
2024-11-08,421.6959228515625,425.6480036424066,420.9374313170091,424.4703681752109,16891400.0,MSFT,yfinance,0
2024-11-11,417.1749572753906,423.9613608320793,415.16896287691225,421.67592700377526,24503300.0,MSFT,yfinance,0
2024-11-12,422.1849365234375,423.59212350380113,416.3665961739424,417.41448646778457,19401200.0,MSFT,yfinance,0
2024-11-13,424.3506164550781,428.4723406260961,417.37455923502137,420.7977304833057,21502200.0,MSFT,yfinance,0
2024-11-14,426.0372314453125,427.3146732159619,419.1609807373746,424.1509924128195,30246900.0,MSFT,yfinance,0
2024-11-15,414.1709899902344,421.95539641463347,412.8137213651046,418.981368798022,28247600.0,MSFT,yfinance,0
2024-11-18,414.9294738769531,417.56418428856415,411.27678155870234,414.04123715109023,24742000.0,MSFT,yfinance,0
2024-11-19,416.9554138183594,417.10510808078726,410.727858391825,412.28473963430486,18133500.0,MSFT,yfinance,0
2024-11-20,414.65997314453125,416.4563955899673,409.7597781109004,416.0372212157148,19191700.0,MSFT,yfinance,0
2024-11-21,412.8699951171875,419.7799987792969,410.2900085449219,419.5,20780200.0,MSFT,yfinance,0
2024-11-22,417.0,417.3999938964844,411.05999755859375,411.3699951171875,24814600.0,MSFT,yfinance,0
2024-11-25,418.7900085449219,421.0799865722656,414.8500061035156,418.3800048828125,27691100.0,MSFT,yfinance,0
2024-11-26,427.989990234375,429.0400085449219,418.8500061035156,419.5899963378906,23458900.0,MSFT,yfinance,0
2024-11-27,422.989990234375,427.2300109863281,422.0199890136719,425.1099853515625,18332400.0,MSFT,yfinance,0
2024-11-29,423.4599914550781,424.8800048828125,417.79998779296875,420.0899963378906,16271900.0,MSFT,yfinance,0
2024-12-02,430.9800109863281,433.0,421.30999755859375,421.57000732421875,20207200.0,MSFT,yfinance,0
2024-12-03,431.20001220703125,432.4700012207031,427.739990234375,429.8399963378906,18302000.0,MSFT,yfinance,0
2024-12-04,437.4200134277344,439.6700134277344,432.6300048828125,433.0299987792969,26009400.0,MSFT,yfinance,0
2024-12-05,442.6199951171875,444.6600036621094,436.1700134277344,437.9200134277344,21697800.0,MSFT,yfinance,0
2024-12-06,443.57000732421875,446.1000061035156,441.7699890136719,442.29998779296875,18821000.0,MSFT,yfinance,0
2024-12-09,446.0199890136719,448.3299865722656,440.5,442.6000061035156,19144400.0,MSFT,yfinance,0
2024-12-10,443.3299865722656,449.6199951171875,441.6000061035156,444.3900146484375,18469500.0,MSFT,yfinance,0
2024-12-11,448.989990234375,450.3500061035156,444.04998779296875,444.04998779296875,19200200.0,MSFT,yfinance,0
2024-12-12,449.55999755859375,456.1600036621094,449.1099853515625,449.1099853515625,20834800.0,MSFT,yfinance,0
2024-12-13,447.2699890136719,451.42999267578125,445.5799865722656,448.44000244140625,20177800.0,MSFT,yfinance,0
2024-12-16,451.5899963378906,452.17999267578125,445.2799987792969,447.2699890136719,23598800.0,MSFT,yfinance,0
2024-12-17,454.4599914550781,455.2900085449219,449.57000732421875,451.010009765625,22733500.0,MSFT,yfinance,0
2024-12-18,437.3900146484375,452.6499938964844,437.0199890136719,451.32000732421875,24444500.0,MSFT,yfinance,0
2024-12-19,437.0299987792969,443.17999267578125,436.32000732421875,441.6199951171875,22963700.0,MSFT,yfinance,0
2024-12-20,436.6000061035156,443.739990234375,428.6300048828125,433.1099853515625,64263700.0,MSFT,yfinance,0
2024-12-23,435.25,437.6499938964844,432.8299865722656,436.739990234375,19152500.0,MSFT,yfinance,0
2024-12-24,439.3299865722656,439.6000061035156,434.19000244140625,434.6499938964844,7164500.0,MSFT,yfinance,0
2024-12-26,438.1099853515625,440.94000244140625,436.6300048828125,439.0799865722656,8194200.0,MSFT,yfinance,0
2024-12-27,430.5299987792969,435.2200012207031,426.3500061035156,434.6000061035156,18117700.0,MSFT,yfinance,0
2024-12-30,424.8299865722656,427.54998779296875,421.8999938964844,426.05999755859375,13158700.0,MSFT,yfinance,0
2024-12-31,421.5,426.7300109863281,420.6600036621094,426.1000061035156,13246500.0,MSFT,yfinance,0
2025-01-02,418.5799865722656,426.07000732421875,414.8500061035156,425.5299987792969,16896500.0,MSFT,yfinance,0
2025-01-03,423.3500061035156,424.0299987792969,419.5400085449219,421.0799865722656,16662900.0,MSFT,yfinance,0
2025-01-06,427.8500061035156,434.32000732421875,425.4800109863281,428.0,20573600.0,MSFT,yfinance,0
2025-01-07,422.3699951171875,430.6499938964844,420.79998779296875,429.0,18139100.0,MSFT,yfinance,0
2025-01-08,424.55999755859375,426.9700012207031,421.5400085449219,423.4599914550781,15054600.0,MSFT,yfinance,0
2025-01-10,418.95001220703125,424.7099914550781,415.0199890136719,424.6300048828125,20201100.0,MSFT,yfinance,0
2025-01-13,417.19000244140625,418.5,412.2900085449219,415.239990234375,17604800.0,MSFT,yfinance,0
2025-01-14,415.6700134277344,419.739990234375,410.7200012207031,417.80999755859375,16935900.0,MSFT,yfinance,0
2025-01-15,426.30999755859375,428.1499938964844,418.2699890136719,419.1300048828125,19637800.0,MSFT,yfinance,0
2025-01-16,424.5799865722656,429.489990234375,424.3900146484375,428.70001220703125,15300000.0,MSFT,yfinance,0
2025-01-17,424.5799865722656,429.489990234375,424.3900146484375,428.70001220703125,15300000.0,MSFT,yfinance,0
