Date,SPY,UPRO,SSO,TLT,GLD,^VIX,^SPX
2020-01-02 05:00:00+00:00,301.19488525390625,35.00736999511719,37.61174774169922,120.58159637451172,143.9499969482422,12.470000267028809,3257.85009765625
2020-01-02 06:00:00+00:00,301.19488525390625,35.00736999511719,37.61174774169922,120.58159637451172,143.9499969482422,12.470000267028809,3257.85009765625
2020-01-03 05:00:00+00:00,298.91424560546875,34.247825622558594,37.05326461791992,122.43867492675781,145.86000061035156,12.470000267028809,3234.85009765625
2020-01-03 06:00:00+00:00,298.91424560546875,34.247825622558594,37.05326461791992,122.43867492675781,145.86000061035156,14.020000457763672,3234.85009765625
2020-01-06 05:00:00+00:00,300.0545959472656,34.6032600402832,37.3325080871582,121.74334716796875,147.38999938964844,14.020000457763672,3246.280029296875
2020-01-06 06:00:00+00:00,300.0545959472656,34.6032600402832,37.3325080871582,121.74334716796875,147.38999938964844,13.850000381469727,3246.280029296875
2020-01-07 05:00:00+00:00,299.21087646484375,34.30138397216797,37.114501953125,121.14482116699219,147.97000122070312,13.850000381469727,3237.179931640625
2020-01-07 06:00:00+00:00,299.21087646484375,34.30138397216797,37.114501953125,121.14482116699219,147.97000122070312,13.789999961853027,3237.179931640625
2020-01-08 05:00:00+00:00,300.8055114746094,34.83209228515625,37.49171447753906,120.34394836425781,146.86000061035156,13.789999961853027,3253.050048828125
2020-01-08 06:00:00+00:00,300.8055114746094,34.83209228515625,37.49171447753906,120.34394836425781,146.86000061035156,13.449999809265137,3253.050048828125
2020-01-09 05:00:00+00:00,302.84515380859375,35.54295349121094,38.00611114501953,120.76641082763672,146.02999877929688,13.449999809265137,3274.699951171875
2020-01-09 06:00:00+00:00,302.84515380859375,35.54295349121094,38.00611114501953,120.76641082763672,146.02999877929688,12.539999961853027,3274.699951171875
2020-01-10 05:00:00+00:00,301.9736328125,35.2410774230957,37.783206939697266,121.84014892578125,146.91000366210938,12.539999961853027,3265.35009765625
2020-01-10 06:00:00+00:00,301.9736328125,35.2410774230957,37.783206939697266,121.84014892578125,146.91000366210938,12.5600004196167,3265.35009765625
2020-01-13 05:00:00+00:00,304.05047607421875,35.95193862915039,38.29759979248047,121.47050476074219,145.82000732421875,12.5600004196167,3288.1298828125
2020-01-13 06:00:00+00:00,304.05047607421875,35.95193862915039,38.29759979248047,121.47050476074219,145.82000732421875,12.319999694824219,3288.1298828125
2020-01-14 05:00:00+00:00,303.5868835449219,35.781532287597656,38.18737030029297,122.09532165527344,145.69000244140625,12.319999694824219,3283.14990234375
2020-01-14 06:00:00+00:00,303.5868835449219,35.781532287597656,38.18737030029297,122.09532165527344,145.69000244140625,12.390000343322754,3283.14990234375
2020-01-15 05:00:00+00:00,304.2729187011719,36.02983856201172,38.34413528442383,122.90498352050781,146.5399932861328,12.390000343322754,3289.2900390625
2020-01-15 06:00:00+00:00,304.2729187011719,36.02983856201172,38.34413528442383,122.90498352050781,146.5399932861328,12.420000076293945,3289.2900390625
2020-01-16 05:00:00+00:00,306.803955078125,36.90624237060547,38.976097106933594,122.5177993774414,146.30999755859375,12.420000076293945,3316.81005859375
2020-01-16 06:00:00+00:00,306.803955078125,36.90624237060547,38.976097106933594,122.5177993774414,146.30999755859375,12.319999694824219,3316.81005859375
2020-01-17 05:00:00+00:00,307.759033203125,37.25193786621094,39.245548248291016,121.47050476074219,146.5800018310547,12.319999694824219,3329.6201171875
2020-01-17 06:00:00+00:00,307.759033203125,37.25193786621094,39.245548248291016,121.47050476074219,146.5800018310547,12.100000381469727,3329.6201171875
2020-01-21 05:00:00+00:00,307.1562805175781,37.042572021484375,39.06428527832031,122.74662017822266,146.74000549316406,12.100000381469727,3320.7900390625
2020-01-21 06:00:00+00:00,307.1562805175781,37.042572021484375,39.06428527832031,122.74662017822266,146.74000549316406,12.850000381469727,3320.7900390625
2020-01-22 05:00:00+00:00,307.19342041015625,37.06205368041992,39.088783264160156,123.17787170410156,146.7899932861328,12.850000381469727,3321.75
2020-01-22 06:00:00+00:00,307.19342041015625,37.06205368041992,39.088783264160156,123.17787170410156,146.7899932861328,12.90999984741211,3321.75
2020-01-23 05:00:00+00:00,307.54571533203125,37.13995361328125,39.15736389160156,124.04039001464844,147.1199951171875,12.90999984741211,3325.5400390625
2020-01-23 06:00:00+00:00,307.54571533203125,37.13995361328125,39.15736389160156,124.04039001464844,147.1199951171875,12.979999542236328,3325.5400390625
2020-01-24 05:00:00+00:00,304.8106384277344,36.14182662963867,38.439666748046875,125.04364776611328,147.97999572753906,12.979999542236328,3295.469970703125
2020-01-24 06:00:00+00:00,304.8106384277344,36.14182662963867,38.439666748046875,125.04364776611328,147.97999572753906,14.5600004196167,3295.469970703125
2020-01-27 05:00:00+00:00,299.9247741699219,34.41337585449219,37.21737289428711,126.98863220214844,148.99000549316406,14.5600004196167,3243.6298828125
2020-01-27 06:00:00+00:00,299.9247741699219,34.41337585449219,37.21737289428711,126.98863220214844,148.99000549316406,18.229999542236328,3243.6298828125
2020-01-28 05:00:00+00:00,303.0677795410156,35.47965621948242,37.99386215209961,125.99414825439453,147.66000366210938,18.229999542236328,3276.239990234375
2020-01-28 06:00:00+00:00,303.0677795410156,35.47965621948242,37.99386215209961,125.99414825439453,147.66000366210938,16.280000686645508,3276.239990234375
2020-01-29 05:00:00+00:00,302.8173522949219,35.387149810791016,37.93507385253906,127.226318359375,148.4600067138672,16.280000686645508,3273.39990234375
2020-01-29 06:00:00+00:00,302.8173522949219,35.387149810791016,37.93507385253906,127.226318359375,148.4600067138672,16.389999389648438,3273.39990234375
2020-01-30 05:00:00+00:00,303.8001403808594,35.69388961791992,38.150634765625,127.2438735961914,148.47000122070312,16.389999389648438,3283.659912109375
2020-01-30 06:00:00+00:00,303.8001403808594,35.69388961791992,38.150634765625,127.2438735961914,148.47000122070312,15.489999771118164,3283.659912109375
2020-01-31 05:00:00+00:00,298.28375244140625,33.775543212890625,36.78627014160156,128.40562438964844,149.3300018310547,15.489999771118164,3225.52001953125
2020-01-31 06:00:00+00:00,298.28375244140625,33.775543212890625,36.78627014160156,128.40562438964844,149.3300018310547,18.84000015258789,3225.52001953125
2020-02-03 05:00:00+00:00,300.4995422363281,34.51561737060547,37.3349494934082,128.30157470703125,148.36000061035156,18.84000015258789,3248.919921875
2020-02-03 06:00:00+00:00,300.4995422363281,34.51561737060547,37.3349494934082,128.30157470703125,148.36000061035156,17.969999313354492,3248.919921875
2020-02-04 05:00:00+00:00,305.07958984375,36.08826446533203,38.461708068847656,126.5737533569336,146.42999267578125,17.969999313354492,3297.590087890625
2020-02-04 06:00:00+00:00,305.07958984375,36.08826446533203,38.461708068847656,126.5737533569336,146.42999267578125,16.049999237060547,3297.590087890625
2020-02-05 05:00:00+00:00,308.6026611328125,37.310359954833984,39.345970153808594,125.18974304199219,146.61000061035156,16.049999237060547,3334.68994140625
2020-02-05 06:00:00+00:00,308.6026611328125,37.310359954833984,39.345970153808594,125.18974304199219,146.61000061035156,15.149999618530273,3334.68994140625
2020-02-06 05:00:00+00:00,309.64105224609375,37.69501495361328,39.61296844482422,125.7539291381836,147.39999389648438,15.149999618530273,3345.780029296875
2020-02-06 06:00:00+00:00,309.64105224609375,37.69501495361328,39.61296844482422,125.7539291381836,147.39999389648438,14.960000038146973,3345.780029296875
2020-02-07 05:00:00+00:00,307.99078369140625,37.11560821533203,39.17940139770508,127.32306671142578,147.7899932861328,14.960000038146973,3327.7099609375
2020-02-07 06:00:00+00:00,307.99078369140625,37.11560821533203,39.17940139770508,127.32306671142578,147.7899932861328,15.470000267028809,3327.7099609375
2020-02-10 05:00:00+00:00,310.2900390625,37.928714752197266,39.76972961425781,127.67569732666016,148.1699981689453,15.470000267028809,3352.090087890625
2020-02-10 06:00:00+00:00,310.2900390625,37.928714752197266,39.76972961425781,127.67569732666016,148.1699981689453,15.039999961853027,3352.090087890625
2020-02-11 05:00:00+00:00,310.8277587890625,38.12347412109375,39.8922119140625,127.03221130371094,147.66000366210938,15.039999961853027,3357.75
2020-02-11 06:00:00+00:00,310.8277587890625,38.12347412109375,39.8922119140625,127.03221130371094,147.66000366210938,15.180000305175781,3357.75
2020-02-12 05:00:00+00:00,312.83038330078125,38.83919143676758,40.40169143676758,126.38856506347656,147.5399932861328,15.180000305175781,3379.449951171875
2020-02-12 06:00:00+00:00,312.83038330078125,38.83919143676758,40.40169143676758,126.38856506347656,147.5399932861328,13.739999771118164,3379.449951171875
2020-02-13 05:00:00+00:00,312.4964904785156,38.69313430786133,40.31351852416992,126.87352752685547,148.3800048828125,13.739999771118164,3373.93994140625
2020-02-13 06:00:00+00:00,312.4964904785156,38.69313430786133,40.31351852416992,126.87352752685547,148.3800048828125,14.149999618530273,3373.93994140625
2020-02-14 05:00:00+00:00,312.99725341796875,38.883018493652344,40.431095123291016,127.42882537841797,149.0,14.149999618530273,3380.159912109375
2020-02-14 06:00:00+00:00,312.99725341796875,38.883018493652344,40.431095123291016,127.42882537841797,149.0,13.680000305175781,3380.159912109375
2020-02-18 05:00:00+00:00,312.19061279296875,38.57627868652344,40.2204475402832,128.30157470703125,150.91000366210938,13.680000305175781,3370.2900390625
2020-02-18 06:00:00+00:00,312.19061279296875,38.57627868652344,40.2204475402832,128.30157470703125,150.91000366210938,14.829999923706055,3370.2900390625
2020-02-19 05:00:00+00:00,313.68328857421875,39.12646484375,40.59275817871094,128.29278564453125,151.7899932861328,14.829999923706055,3386.14990234375
2020-02-19 06:00:00+00:00,313.68328857421875,39.12646484375,40.59275817871094,128.29278564453125,151.7899932861328,14.380000114440918,3386.14990234375
2020-02-20 05:00:00+00:00,312.39459228515625,38.61522674560547,40.26697540283203,129.2977752685547,152.41000366210938,14.380000114440918,3373.22998046875
2020-02-20 06:00:00+00:00,312.39459228515625,38.61522674560547,40.26697540283203,129.2977752685547,152.41000366210938,15.5600004196167,3373.22998046875
2020-02-21 05:00:00+00:00,309.177490234375,37.42721939086914,39.41455841064453,130.50546264648438,154.6999969482422,15.5600004196167,3337.75
2020-02-21 06:00:00+00:00,309.177490234375,37.42721939086914,39.41455841064453,130.50546264648438,154.6999969482422,17.079999923706055,3337.75
2020-02-24 05:00:00+00:00,298.9234619140625,33.68302917480469,36.742183685302734,132.4536895751953,156.08999633789062,17.079999923706055,3225.889892578125
2020-02-24 06:00:00+00:00,298.9234619140625,33.68302917480469,36.742183685302734,132.4536895751953,156.08999633789062,25.030000686645508,3225.889892578125
2020-02-25 05:00:00+00:00,289.8655090332031,30.63023567199707,34.579288482666016,133.1589813232422,153.3000030517578,25.030000686645508,3128.2099609375
2020-02-25 06:00:00+00:00,289.8655090332031,30.63023567199707,34.579288482666016,133.1589813232422,153.3000030517578,27.850000381469727,3128.2099609375
2020-02-26 05:00:00+00:00,288.7992248535156,30.294282913208008,34.317195892333984,132.4536895751953,153.97000122070312,27.850000381469727,3116.389892578125
2020-02-26 06:00:00+00:00,288.7992248535156,30.294282913208008,34.317195892333984,132.4536895751953,153.97000122070312,27.559999465942383,3116.389892578125
2020-02-27 05:00:00+00:00,275.828857421875,26.170324325561523,31.2235050201416,133.8906707763672,154.0,27.559999465942383,2978.760009765625
2020-02-27 06:00:00+00:00,275.828857421875,26.170324325561523,31.2235050201416,133.8906707763672,154.0,39.15999984741211,2978.760009765625
2020-02-28 05:00:00+00:00,274.669921875,25.995044708251953,31.098581314086914,136.9143829345703,148.3800048828125,39.15999984741211,2954.219970703125
2020-02-28 06:00:00+00:00,274.669921875,25.995044708251953,31.098581314086914,136.9143829345703,148.3800048828125,40.11000061035156,2954.219970703125
2020-03-02 05:00:00+00:00,286.5649108886719,29.14522361755371,33.614192962646484,135.90707397460938,149.1999969482422,40.11000061035156,3090.22998046875
2020-03-02 06:00:00+00:00,286.5649108886719,29.14522361755371,33.614192962646484,135.90707397460938,149.1999969482422,33.41999816894531,3090.22998046875
2020-03-03 05:00:00+00:00,278.3598327636719,26.66695785522461,31.723196029663086,138.01707458496094,153.88999938964844,33.41999816894531,3003.3701171875
2020-03-03 06:00:00+00:00,278.3598327636719,26.66695785522461,31.723196029663086,138.01707458496094,153.88999938964844,36.81999969482422,3003.3701171875
2020-03-04 05:00:00+00:00,290.0601806640625,30.021623611450195,34.35149002075195,136.55152893066406,154.16000366210938,36.81999969482422,3130.1201171875
2020-03-04 06:00:00+00:00,290.0601806640625,30.021623611450195,34.35149002075195,136.55152893066406,154.16000366210938,31.989999771118164,3130.1201171875
2020-03-05 05:00:00+00:00,280.41796875,27.007776260375977,32.05632019042969,139.95054626464844,157.49000549316406,31.989999771118164,3023.93994140625
2020-03-05 06:00:00+00:00,280.41796875,27.007776260375977,32.05632019042969,139.95054626464844,157.49000549316406,39.619998931884766,3023.93994140625
2020-03-06 05:00:00+00:00,275.78240966796875,25.659090042114258,31.012847900390625,147.234130859375,157.5500030517578,39.619998931884766,2972.3701171875
2020-03-06 06:00:00+00:00,275.78240966796875,25.659090042114258,31.012847900390625,147.234130859375,157.5500030517578,41.939998626708984,2972.3701171875
2020-03-09 04:00:00+00:00,254.24530029296875,19.66547966003418,26.18492889404297,151.2246551513672,157.80999755859375,41.939998626708984,2746.56005859375
2020-03-09 05:00:00+00:00,254.24530029296875,19.66547966003418,26.18492889404297,151.2246551513672,157.80999755859375,54.459999084472656,2746.56005859375
2020-03-10 04:00:00+00:00,267.4012451171875,22.771831512451172,28.869558334350586,143.47314453125,154.47999572753906,54.459999084472656,2882.22998046875
2020-03-10 05:00:00+00:00,267.4012451171875,22.771831512451172,28.869558334350586,143.47314453125,154.47999572753906,47.29999923706055,2882.22998046875
2020-03-11 04:00:00+00:00,254.36581420898438,19.417165756225586,26.003665924072266,138.1937255859375,153.92999267578125,47.29999923706055,2741.3798828125
2020-03-11 05:00:00+00:00,254.36581420898438,19.417165756225586,26.003665924072266,138.1937255859375,153.92999267578125,53.900001525878906,2741.3798828125
2020-03-12 04:00:00+00:00,230.02883911132812,13.78384780883789,21.038570404052734,139.0499725341797,147.7899932861328,53.900001525878906,2480.639892578125
2020-03-12 05:00:00+00:00,230.02883911132812,13.78384780883789,21.038570404052734,139.0499725341797,147.7899932861328,75.47000122070312,2480.639892578125
2020-03-13 04:00:00+00:00,249.69317626953125,17.61079978942871,24.916095733642578,135.90707397460938,143.27999877929688,75.47000122070312,2711.02001953125
2020-03-13 05:00:00+00:00,249.69317626953125,17.61079978942871,24.916095733642578,135.90707397460938,143.27999877929688,57.83000183105469,2711.02001953125
2020-03-16 04:00:00+00:00,222.3708038330078,11.456517219543457,19.096132278442383,144.7091522216797,141.63999938964844,57.83000183105469,2386.1298828125
2020-03-16 05:00:00+00:00,222.3708038330078,11.456517219543457,19.096132278442383,144.7091522216797,141.63999938964844,82.69000244140625,2386.1298828125
2020-03-17 04:00:00+00:00,234.37705993652344,13.593963623046875,21.469684600830078,135.0595703125,143.55999755859375,82.69000244140625,2529.18994140625
2020-03-17 05:00:00+00:00,234.37705993652344,13.593963623046875,21.469684600830078,135.0595703125,143.55999755859375,75.91000366210938,2529.18994140625
2020-03-18 04:00:00+00:00,222.50987243652344,11.510075569152832,19.267597198486328,127.44046783447266,140.6999969482422,75.91000366210938,2398.10009765625
2020-03-18 05:00:00+00:00,222.50987243652344,11.510075569152832,19.267597198486328,127.44046783447266,140.6999969482422,76.44999694824219,2398.10009765625
2020-03-19 04:00:00+00:00,222.98268127441406,11.437041282653809,19.255352020263672,130.9100341796875,138.0399932861328,76.44999694824219,2409.389892578125
2020-03-19 05:00:00+00:00,222.98268127441406,11.437041282653809,19.255352020263672,130.9100341796875,138.0399932861328,72.0,2409.389892578125
2020-03-20 04:00:00+00:00,213.3734588623047,9.88386344909668,17.508872985839844,140.75392150878906,140.11000061035156,72.0,2304.919921875
2020-03-20 05:00:00+00:00,213.3734588623047,9.88386344909668,17.508872985839844,140.75392150878906,140.11000061035156,66.04000091552734,2304.919921875
2020-03-23 04:00:00+00:00,207.9178466796875,9.070755958557129,16.50458526611328,146.55433654785156,146.3000030517578,66.04000091552734,2237.39990234375
2020-03-23 05:00:00+00:00,207.9178466796875,9.070755958557129,16.50458526611328,146.55433654785156,146.3000030517578,61.59000015258789,2237.39990234375
2020-03-24 04:00:00+00:00,226.7559051513672,11.607454299926758,19.622774124145508,143.82627868652344,153.39999389648438,61.59000015258789,2447.330078125
2020-03-24 05:00:00+00:00,226.7559051513672,11.607454299926758,19.622774124145508,143.82627868652344,153.39999389648438,61.66999816894531,2447.330078125
2020-03-25 04:00:00+00:00,230.1504669189453,12.059880256652832,20.17478370666504,143.4996337890625,151.3000030517578,61.66999816894531,2475.56005859375
2020-03-25 05:00:00+00:00,230.1504669189453,12.059880256652832,20.17478370666504,143.4996337890625,151.3000030517578,63.95000076293945,2475.56005859375
2020-03-26 04:00:00+00:00,243.5888671875,14.16340446472168,22.5517520904541,144.2059326171875,153.24000549316406,63.95000076293945,2630.070068359375
2020-03-26 05:00:00+00:00,243.5888671875,14.16340446472168,22.5517520904541,144.2059326171875,153.24000549316406,61.0,2630.070068359375
2020-03-27 04:00:00+00:00,236.3334503173828,12.884697914123535,21.157001495361328,148.05516052246094,152.25,61.0,2541.469970703125
2020-03-27 05:00:00+00:00,236.3334503173828,12.884697914123535,21.157001495361328,148.05516052246094,152.25,65.54000091552734,2541.469970703125
2020-03-30 04:00:00+00:00,244.00852966308594,14.143881797790527,22.53455924987793,146.83689880371094,152.9199981689453,65.54000091552734,2626.64990234375
2020-03-30 05:00:00+00:00,244.00852966308594,14.143881797790527,22.53455924987793,146.83689880371094,152.9199981689453,57.08000183105469,2626.64990234375
2020-03-31 04:00:00+00:00,240.37149047851562,13.485005378723145,21.832273483276367,145.64501953125,148.0500030517578,57.08000183105469,2584.590087890625
2020-03-31 05:00:00+00:00,240.37149047851562,13.485005378723145,21.832273483276367,145.64501953125,148.0500030517578,53.540000915527344,2584.590087890625
2020-04-01 04:00:00+00:00,229.55360412597656,11.684076309204102,19.867834091186523,147.68548583984375,149.4499969482422,53.540000915527344,2470.5
2020-04-01 05:00:00+00:00,229.55360412597656,11.684076309204102,19.867834091186523,147.68548583984375,149.4499969482422,57.060001373291016,2470.5
2020-04-02 04:00:00+00:00,234.85064697265625,12.484489440917969,20.800947189331055,148.6227569580078,151.89999389648438,57.060001373291016,2526.89990234375
2020-04-02 05:00:00+00:00,234.85064697265625,12.484489440917969,20.800947189331055,148.6227569580078,151.89999389648438,50.90999984741211,2526.89990234375
2020-04-03 04:00:00+00:00,231.4560546875,11.947628021240234,20.206703186035156,148.97637939453125,152.64999389648438,50.90999984741211,2488.64990234375
2020-04-03 05:00:00+00:00,231.4560546875,11.947628021240234,20.206703186035156,148.97637939453125,152.64999389648438,46.79999923706055,2488.64990234375
2020-04-06 04:00:00+00:00,247.00210571289062,14.363508224487305,22.937271118164062,148.5873565673828,156.8800048828125,46.79999923706055,2663.679931640625
2020-04-06 05:00:00+00:00,247.00210571289062,14.363508224487305,22.937271118164062,148.5873565673828,156.8800048828125,45.2400016784668,2663.679931640625
2020-04-07 04:00:00+00:00,247.25390625,14.363508224487305,22.959375381469727,147.0312957763672,156.0399932861328,45.2400016784668,2659.409912109375
2020-04-07 05:00:00+00:00,247.25390625,14.363508224487305,22.959375381469727,147.0312957763672,156.0399932861328,46.70000076293945,2659.409912109375
2020-04-08 04:00:00+00:00,255.55386352539062,15.822793006896973,24.503910064697266,145.96148681640625,154.64999389648438,46.70000076293945,2749.97998046875
2020-04-08 05:00:00+00:00,255.55386352539062,15.822793006896973,24.503910064697266,145.96148681640625,154.64999389648438,43.349998474121094,2749.97998046875
2020-04-09 04:00:00+00:00,259.4427490234375,16.540241241455078,25.23320770263672,146.2267303466797,158.69000244140625,43.349998474121094,2789.820068359375
2020-04-09 05:00:00+00:00,259.4427490234375,16.540241241455078,25.23320770263672,146.2267303466797,158.69000244140625,41.66999816894531,2789.820068359375
2020-04-13 04:00:00+00:00,257.0739440917969,16.057065963745117,24.766658782958984,144.89169311523438,161.41000366210938,41.66999816894531,2761.6298828125
2020-04-13 05:00:00+00:00,257.0739440917969,16.057065963745117,24.766658782958984,144.89169311523438,161.41000366210938,41.16999816894531,2761.6298828125
2020-04-14 04:00:00+00:00,264.65582275390625,17.5163516998291,26.247346878051758,144.85635375976562,162.67999267578125,41.16999816894531,2846.06005859375
2020-04-14 05:00:00+00:00,264.65582275390625,17.5163516998291,26.247346878051758,144.85635375976562,162.67999267578125,37.7599983215332,2846.06005859375
2020-04-15 04:00:00+00:00,259.0323791503906,16.388946533203125,25.12026023864746,148.69345092773438,161.85000610351562,37.7599983215332,2783.360107421875
2020-04-15 05:00:00+00:00,259.0323791503906,16.388946533203125,25.12026023864746,148.69345092773438,161.85000610351562,40.84000015258789,2783.360107421875
2020-04-16 04:00:00+00:00,260.2820129394531,16.628093719482422,25.378082275390625,150.3821258544922,161.7100067138672,40.84000015258789,2799.550048828125
2020-04-16 05:00:00+00:00,260.2820129394531,16.628093719482422,25.378082275390625,150.3821258544922,161.7100067138672,40.11000061035156,2799.550048828125
2020-04-17 04:00:00+00:00,267.3136901855469,17.98488998413086,26.736007690429688,148.36631774902344,158.57000732421875,40.11000061035156,2874.56005859375
2020-04-17 05:00:00+00:00,267.3136901855469,17.98488998413086,26.736007690429688,148.36631774902344,158.57000732421875,38.150001525878906,2874.56005859375
2020-04-20 04:00:00+00:00,262.6041259765625,17.018537521362305,25.790616989135742,149.5599365234375,159.6999969482422,38.150001525878906,2823.159912109375
2020-04-20 05:00:00+00:00,262.6041259765625,17.018537521362305,25.790616989135742,149.5599365234375,159.6999969482422,43.83000183105469,2823.159912109375
2020-04-21 04:00:00+00:00,254.630615234375,15.446992874145508,24.19696807861328,151.44313049316406,158.61000061035156,43.83000183105469,2736.56005859375
2020-04-21 05:00:00+00:00,254.630615234375,15.446992874145508,24.19696807861328,151.44313049316406,158.61000061035156,45.40999984741211,2736.56005859375
2020-04-22 04:00:00+00:00,260.2820129394531,16.49143409729004,25.294597625732422,149.89584350585938,161.72999572753906,45.40999984741211,2799.31005859375
2020-04-22 05:00:00+00:00,260.2820129394531,16.49143409729004,25.294597625732422,149.89584350585938,161.72999572753906,41.97999954223633,2799.31005859375
2020-04-23 04:00:00+00:00,260.2633361816406,16.471914291381836,25.27986717224121,150.6916046142578,163.33999633789062,41.97999954223633,2797.800048828125
2020-04-23 05:00:00+00:00,260.2633361816406,16.471914291381836,25.27986717224121,150.6916046142578,163.33999633789062,41.380001068115234,2797.800048828125
2020-04-24 04:00:00+00:00,263.8910827636719,17.16983413696289,26.00425148010254,151.04527282714844,162.63999938964844,41.380001068115234,2836.739990234375
2020-04-24 05:00:00+00:00,263.8910827636719,17.16983413696289,26.00425148010254,151.04527282714844,162.63999938964844,35.93000030517578,2836.739990234375
2020-04-27 04:00:00+00:00,267.69598388671875,17.92632293701172,26.750736236572266,148.2337188720703,161.55999755859375,35.93000030517578,2878.47998046875
2020-04-27 05:00:00+00:00,267.69598388671875,17.92632293701172,26.750736236572266,148.2337188720703,161.55999755859375,33.290000915527344,2878.47998046875
2020-04-28 04:00:00+00:00,266.4649658203125,17.662771224975586,26.490449905395508,149.94009399414062,160.83999633789062,33.290000915527344,2863.389892578125
2020-04-28 05:00:00+00:00,266.4649658203125,17.662771224975586,26.490449905395508,149.94009399414062,160.83999633789062,33.56999969482422,2863.389892578125
2020-04-29 04:00:00+00:00,273.44061279296875,19.029329299926758,27.872922897338867,149.16204833984375,161.72999572753906,33.56999969482422,2939.510009765625
2020-04-29 05:00:00+00:00,273.44061279296875,19.029329299926758,27.872922897338867,149.16204833984375,161.72999572753906,31.229999542236328,2939.510009765625
2020-04-30 04:00:00+00:00,270.8947448730469,18.497346878051758,27.33024787902832,147.4203338623047,158.8000030517578,31.229999542236328,2912.429931640625
2020-04-30 05:00:00+00:00,270.8947448730469,18.497346878051758,27.33024787902832,147.4203338623047,158.8000030517578,34.150001525878906,2912.429931640625
2020-05-01 04:00:00+00:00,263.7232360839844,17.013654708862305,25.883926391601562,148.68267822265625,159.77999877929688,34.150001525878906,2830.7099609375
2020-05-01 05:00:00+00:00,263.7232360839844,17.013654708862305,25.883926391601562,148.68267822265625,159.77999877929688,37.189998626708984,2830.7099609375
2020-05-04 04:00:00+00:00,264.4506530761719,17.19423484802246,26.050907135009766,147.9833221435547,160.33999633789062,37.189998626708984,2842.739990234375
2020-05-04 05:00:00+00:00,264.4506530761719,17.19423484802246,26.050907135009766,147.9833221435547,160.33999633789062,35.970001220703125,2842.739990234375
2020-05-05 04:00:00+00:00,266.8940124511719,17.65300750732422,26.522369384765625,147.0361328125,161.02000427246094,35.970001220703125,2868.43994140625
2020-05-05 05:00:00+00:00,266.8940124511719,17.65300750732422,26.522369384765625,147.0361328125,161.02000427246094,33.61000061035156,2868.43994140625
2020-05-06 04:00:00+00:00,265.08477783203125,17.301607131958008,26.15894889831543,144.6635284423828,158.9499969482422,33.61000061035156,2848.419921875
2020-05-06 05:00:00+00:00,265.08477783203125,17.301607131958008,26.15894889831543,144.6635284423828,158.9499969482422,34.119998931884766,2848.419921875
2020-05-07 04:00:00+00:00,268.2835388183594,17.916561126708984,26.78511619567871,147.08033752441406,161.38999938964844,34.119998931884766,2881.18994140625
2020-05-07 05:00:00+00:00,268.2835388183594,17.916561126708984,26.78511619567871,147.08033752441406,161.38999938964844,31.440000534057617,2881.18994140625
2020-05-08 04:00:00+00:00,272.7225646972656,18.795061111450195,27.67156982421875,145.1681365966797,160.4199981689453,31.440000534057617,2929.800048828125
2020-05-08 05:00:00+00:00,272.7225646972656,18.795061111450195,27.67156982421875,145.1681365966797,160.4199981689453,27.979999542236328,2929.800048828125
2020-05-11 04:00:00+00:00,272.7785339355469,18.82434844970703,27.693666458129883,144.0350341796875,159.4199981689453,27.979999542236328,2930.18994140625
2020-05-11 05:00:00+00:00,272.7785339355469,18.82434844970703,27.693666458129883,144.0350341796875,159.4199981689453,27.56999969482422,2930.18994140625
2020-05-12 04:00:00+00:00,267.34161376953125,17.667652130126953,26.554296493530273,145.51341247558594,160.0399932861328,27.56999969482422,2870.1201171875
2020-05-12 05:00:00+00:00,267.34161376953125,17.667652130126953,26.554296493530273,145.51341247558594,160.0399932861328,33.040000915527344,2870.1201171875
2020-05-13 04:00:00+00:00,262.6134338378906,16.754987716674805,25.63100814819336,146.531494140625,161.5800018310547,33.040000915527344,2820.0
2020-05-13 05:00:00+00:00,262.6134338378906,16.754987716674805,25.63100814819336,146.531494140625,161.5800018310547,35.279998779296875,2820.0
2020-05-14 04:00:00+00:00,265.7561950683594,17.36505889892578,26.252260208129883,147.96563720703125,163.00999450683594,35.279998779296875,2852.5
2020-05-14 05:00:00+00:00,265.7561950683594,17.36505889892578,26.252260208129883,147.96563720703125,163.00999450683594,32.61000061035156,2852.5
2020-05-15 04:00:00+00:00,266.97796630859375,17.570043563842773,26.487995147705078,147.5850067138672,163.92999267578125,32.61000061035156,2863.699951171875
2020-05-15 05:00:00+00:00,266.97796630859375,17.570043563842773,26.487995147705078,147.5850067138672,163.92999267578125,31.889999389648438,2863.699951171875
2020-05-18 04:00:00+00:00,275.1099853515625,19.195268630981445,28.106197357177734,144.34483337402344,162.69000244140625,31.889999389648438,2953.909912109375
2020-05-18 05:00:00+00:00,275.1099853515625,19.195268630981445,28.106197357177734,144.34483337402344,162.69000244140625,29.299999237060547,2953.909912109375
2020-05-19 04:00:00+00:00,272.2843017578125,18.604717254638672,27.53160285949707,144.88490295410156,164.25999450683594,29.299999237060547,2922.93994140625
2020-05-19 05:00:00+00:00,272.2843017578125,18.604717254638672,27.53160285949707,144.88490295410156,164.25999450683594,30.530000686645508,2922.93994140625
2020-05-20 04:00:00+00:00,276.90985107421875,19.541791915893555,28.45488929748535,145.3186798095703,164.64999389648438,30.530000686645508,2971.610107421875
2020-05-20 05:00:00+00:00,276.90985107421875,19.541791915893555,28.45488929748535,145.3186798095703,164.64999389648438,27.989999771118164,2971.610107421875
2020-05-21 04:00:00+00:00,274.9980163574219,19.117177963256836,28.032533645629883,145.68165588378906,162.25,27.989999771118164,2948.510009765625
2020-05-21 05:00:00+00:00,274.9980163574219,19.117177963256836,28.032533645629883,145.68165588378906,162.25,29.530000686645508,2948.510009765625
2020-05-22 04:00:00+00:00,275.52032470703125,19.219675064086914,28.150400161743164,146.55807495117188,163.2100067138672,29.530000686645508,2955.449951171875
2020-05-22 05:00:00+00:00,275.52032470703125,19.219675064086914,28.150400161743164,146.55807495117188,163.2100067138672,28.15999984741211,2955.449951171875
2020-05-26 04:00:00+00:00,278.91485595703125,19.95663833618164,28.874788284301758,144.59266662597656,160.88999938964844,28.15999984741211,2991.77001953125
2020-05-26 05:00:00+00:00,278.91485595703125,19.95663833618164,28.874788284301758,144.59266662597656,160.88999938964844,28.010000228881836,2991.77001953125
2020-05-27 04:00:00+00:00,283.0648498535156,20.83026123046875,29.704761505126953,144.3271942138672,161.17999267578125,28.010000228881836,3036.1298828125
2020-05-27 05:00:00+00:00,283.0648498535156,20.83026123046875,29.704761505126953,144.3271942138672,161.17999267578125,27.6200008392334,3036.1298828125
2020-05-28 04:00:00+00:00,282.5426025390625,20.727767944335938,29.60654067993164,143.7959747314453,161.72000122070312,27.6200008392334,3029.72998046875
2020-05-28 05:00:00+00:00,282.5426025390625,20.727767944335938,29.60654067993164,143.7959747314453,161.72000122070312,28.59000015258789,3029.72998046875
2020-05-29 04:00:00+00:00,283.8016357421875,20.97179412841797,29.832447052001953,144.8228759765625,162.91000366210938,28.59000015258789,3044.31005859375
2020-05-29 05:00:00+00:00,283.8016357421875,20.97179412841797,29.832447052001953,144.8228759765625,162.91000366210938,27.510000228881836,3044.31005859375
2020-06-01 04:00:00+00:00,284.9486083984375,21.24998664855957,30.107471466064453,143.84779357910156,163.66000366210938,27.510000228881836,3055.72998046875
2020-06-01 05:00:00+00:00,284.9486083984375,21.24998664855957,30.107471466064453,143.84779357910156,163.66000366210938,28.229999542236328,3055.72998046875
2020-06-02 04:00:00+00:00,287.30810546875,21.78685188293457,30.605945587158203,143.32484436035156,162.60000610351562,28.229999542236328,3080.820068359375
2020-06-02 05:00:00+00:00,287.30810546875,21.78685188293457,30.605945587158203,143.32484436035156,162.60000610351562,26.84000015258789,3080.820068359375
2020-06-03 04:00:00+00:00,291.1315612792969,22.66534996032715,31.42609977722168,141.41903686523438,159.60000610351562,26.84000015258789,3122.8701171875
2020-06-03 05:00:00+00:00,291.1315612792969,22.66534996032715,31.42609977722168,141.41903686523438,159.60000610351562,25.65999984741211,3122.8701171875
2020-06-04 04:00:00+00:00,290.366943359375,22.44572639465332,31.232112884521484,139.3714141845703,161.27999877929688,25.65999984741211,3112.35009765625
2020-06-04 05:00:00+00:00,290.366943359375,22.44572639465332,31.232112884521484,139.3714141845703,161.27999877929688,25.809999465942383,3112.35009765625
2020-06-05 04:00:00+00:00,297.808837890625,24.173446655273438,32.84786605834961,138.3786163330078,158.00999450683594,25.809999465942383,3193.929931640625
2020-06-05 05:00:00+00:00,297.808837890625,24.173446655273438,32.84786605834961,138.3786163330078,158.00999450683594,24.520000457763672,3193.929931640625
2020-06-08 04:00:00+00:00,301.40863037109375,25.081233978271484,33.66801834106445,138.9105224609375,159.72000122070312,24.520000457763672,3232.389892578125
2020-06-08 05:00:00+00:00,301.40863037109375,25.081233978271484,33.66801834106445,138.9105224609375,159.72000122070312,25.809999465942383,3232.389892578125
2020-06-09 04:00:00+00:00,299.1611328125,24.534610748291016,33.154808044433594,140.4883270263672,161.25999450683594,25.809999465942383,3207.179931640625
2020-06-09 05:00:00+00:00,299.1611328125,24.534610748291016,33.154808044433594,140.4883270263672,161.25999450683594,27.56999969482422,3207.179931640625
2020-06-10 04:00:00+00:00,297.4918212890625,24.110002517700195,32.769287109375,142.5714111328125,163.57000732421875,27.56999969482422,3190.139892578125
2020-06-10 05:00:00+00:00,297.4918212890625,24.110002517700195,32.769287109375,142.5714111328125,163.57000732421875,27.56999969482422,3190.139892578125
2020-06-11 04:00:00+00:00,280.3416748046875,19.898069381713867,28.97791862487793,145.26612854003906,162.38999938964844,27.56999969482422,3002.10009765625
2020-06-11 05:00:00+00:00,280.3416748046875,19.898069381713867,28.97791862487793,145.26612854003906,162.38999938964844,40.790000915527344,3002.10009765625
2020-06-12 04:00:00+00:00,283.6990051269531,20.625274658203125,29.694936752319336,143.86563110351562,162.6199951171875,40.790000915527344,3041.31005859375
2020-06-12 05:00:00+00:00,283.6990051269531,20.625274658203125,29.694936752319336,143.86563110351562,162.6199951171875,36.09000015258789,3041.31005859375
2020-06-15 04:00:00+00:00,286.34747314453125,21.20606231689453,30.222885131835938,143.9453125,162.3300018310547,36.09000015258789,3066.590087890625
2020-06-15 05:00:00+00:00,286.34747314453125,21.20606231689453,30.222885131835938,143.9453125,162.3300018310547,34.400001525878906,3066.590087890625
2020-06-16 04:00:00+00:00,291.85906982421875,22.421323776245117,31.389266967773438,141.7382049560547,162.25,34.400001525878906,3124.739990234375
2020-06-16 05:00:00+00:00,291.85906982421875,22.421323776245117,31.389266967773438,141.7382049560547,162.25,33.66999816894531,3124.739990234375
2020-06-17 04:00:00+00:00,290.646728515625,22.12848663330078,31.12652587890625,142.32321166992188,162.55999755859375,33.66999816894531,3113.489990234375
2020-06-17 05:00:00+00:00,290.646728515625,22.12848663330078,31.12652587890625,142.32321166992188,162.55999755859375,33.470001220703125,3113.489990234375
2020-06-18 04:00:00+00:00,290.7586975097656,22.157773971557617,31.14371681213379,143.83010864257812,162.24000549316406,33.470001220703125,3115.340087890625
2020-06-18 05:00:00+00:00,290.7586975097656,22.157773971557617,31.14371681213379,143.83010864257812,162.24000549316406,32.939998626708984,3115.340087890625
2020-06-19 04:00:00+00:00,289.0969543457031,21.7673282623291,30.777833938598633,143.9453125,164.02999877929688,32.939998626708984,3097.739990234375
2020-06-19 05:00:00+00:00,289.0969543457031,21.7673282623291,30.777833938598633,143.9453125,164.02999877929688,35.119998931884766,3097.739990234375
2020-06-22 04:00:00+00:00,290.9515380859375,22.230979919433594,31.210010528564453,143.96310424804688,165.08999633789062,35.119998931884766,3117.860107421875
2020-06-22 05:00:00+00:00,290.9515380859375,22.230979919433594,31.210010528564453,143.96310424804688,165.08999633789062,31.770000457763672,3117.860107421875
2020-06-23 04:00:00+00:00,292.2909851074219,22.514053344726562,31.467844009399414,142.9792022705078,166.47999572753906,31.770000457763672,3131.2900390625
2020-06-23 05:00:00+00:00,292.2909851074219,22.514053344726562,31.467844009399414,142.9792022705078,166.47999572753906,31.3700008392334,3131.2900390625
2020-06-24 04:00:00+00:00,284.83502197265625,20.81073760986328,29.879106521606445,144.51263427734375,165.89999389648438,31.3700008392334,3050.330078125
2020-06-24 05:00:00+00:00,284.83502197265625,20.81073760986328,29.879106521606445,144.51263427734375,165.89999389648438,33.84000015258789,3050.330078125
2020-06-25 04:00:00+00:00,287.8885498046875,21.44521141052246,30.488080978393555,144.92930603027344,165.8000030517578,33.84000015258789,3083.760009765625
2020-06-25 05:00:00+00:00,287.8885498046875,21.44521141052246,30.488080978393555,144.92930603027344,165.8000030517578,32.220001220703125,3083.760009765625
2020-06-26 04:00:00+00:00,281.0508728027344,19.91271209716797,29.066314697265625,146.48045349121094,166.5399932861328,32.220001220703125,3009.050048828125
2020-06-26 05:00:00+00:00,281.0508728027344,19.91271209716797,29.066314697265625,146.48045349121094,166.5399932861328,34.72999954223633,3009.050048828125
2020-06-29 04:00:00+00:00,285.1816101074219,20.800973892211914,29.9085750579834,146.01959228515625,166.6300048828125,34.72999954223633,3053.239990234375
2020-06-29 05:00:00+00:00,285.1816101074219,20.800973892211914,29.9085750579834,146.01959228515625,166.6300048828125,31.780000686645508,3053.239990234375
2020-06-30 04:00:00+00:00,288.83465576171875,21.65019416809082,30.7139892578125,145.31044006347656,167.3699951171875,31.780000686645508,3100.2900390625
2020-06-30 05:00:00+00:00,288.83465576171875,21.65019416809082,30.7139892578125,145.31044006347656,167.3699951171875,30.43000030517578,3100.2900390625
2020-07-01 04:00:00+00:00,290.8578796386719,22.05040168762207,31.10442352294922,145.02822875976562,166.6199951171875,30.43000030517578,3115.860107421875
2020-07-01 05:00:00+00:00,290.8578796386719,22.05040168762207,31.10442352294922,145.02822875976562,166.6199951171875,28.6200008392334,3115.860107421875
2020-07-02 04:00:00+00:00,292.4595947265625,22.40180206298828,31.43100929260254,145.1790771484375,166.97999572753906,28.6200008392334,3130.010009765625
2020-07-02 05:00:00+00:00,292.4595947265625,22.40180206298828,31.43100929260254,145.1790771484375,166.97999572753906,27.68000030517578,3130.010009765625
2020-07-06 04:00:00+00:00,296.9743957519531,23.44624137878418,32.403411865234375,144.58450317382812,167.97999572753906,27.68000030517578,3179.719970703125
2020-07-06 05:00:00+00:00,296.9743957519531,23.44624137878418,32.403411865234375,144.58450317382812,167.97999572753906,27.940000534057617,3179.719970703125
2020-07-07 04:00:00+00:00,293.91143798828125,22.704397201538086,31.72567367553711,146.6167755126953,169.0399932861328,27.940000534057617,3145.320068359375
2020-07-07 05:00:00+00:00,293.91143798828125,22.704397201538086,31.72567367553711,146.6167755126953,169.0399932861328,29.43000030517578,3145.320068359375
2020-07-08 04:00:00+00:00,296.1595458984375,23.23149871826172,32.2167854309082,146.03106689453125,170.08999633789062,29.43000030517578,3169.93994140625
2020-07-08 05:00:00+00:00,296.1595458984375,23.23149871826172,32.2167854309082,146.03106689453125,170.08999633789062,28.079999923706055,3169.93994140625
2020-07-09 04:00:00+00:00,294.4735107421875,22.836172103881836,31.85336685180664,148.3561553955078,169.6300048828125,28.079999923706055,3152.050048828125
2020-07-09 05:00:00+00:00,294.4735107421875,22.836172103881836,31.85336685180664,148.3561553955078,169.6300048828125,29.260000228881836,3152.050048828125
2020-07-10 04:00:00+00:00,297.480224609375,23.538972854614258,32.50653839111328,147.61070251464844,169.19000244140625,29.260000228881836,3185.0400390625
2020-07-10 05:00:00+00:00,297.480224609375,23.538972854614258,32.50653839111328,147.61070251464844,169.19000244140625,27.290000915527344,3185.0400390625
2020-07-13 04:00:00+00:00,294.90435791015625,22.924022674560547,31.956499099731445,148.0988006591797,169.39999389648438,27.290000915527344,3155.219970703125
2020-07-13 05:00:00+00:00,294.90435791015625,22.924022674560547,31.956499099731445,148.0988006591797,169.39999389648438,32.189998626708984,3155.219970703125
2020-07-14 04:00:00+00:00,298.7260437011719,23.80252456665039,32.759464263916016,148.31182861328125,170.19000244140625,32.189998626708984,3197.52001953125
2020-07-14 05:00:00+00:00,298.7260437011719,23.80252456665039,32.759464263916016,148.31182861328125,170.19000244140625,29.520000457763672,3197.52001953125
2020-07-15 04:00:00+00:00,301.47052001953125,24.46628189086914,33.38563537597656,147.61956787109375,170.33999633789062,29.520000457763672,3226.56005859375
2020-07-15 05:00:00+00:00,301.47052001953125,24.46628189086914,33.38563537597656,147.61956787109375,170.33999633789062,27.760000228881836,3226.56005859375
2020-07-16 04:00:00+00:00,300.4775695800781,24.222253799438477,33.157264709472656,148.32069396972656,168.72999572753906,27.760000228881836,3215.570068359375
2020-07-16 05:00:00+00:00,300.4775695800781,24.222253799438477,33.157264709472656,148.32069396972656,168.72999572753906,28.0,3215.570068359375
2020-07-17 04:00:00+00:00,301.3486633300781,24.432119369506836,33.324241638183594,148.01011657714844,170.1199951171875,28.0,3224.72998046875
2020-07-17 05:00:00+00:00,301.3486633300781,24.432119369506836,33.324241638183594,148.01011657714844,170.1199951171875,25.68000030517578,3224.72998046875
2020-07-20 04:00:00+00:00,303.7840881347656,25.017786026000977,33.88656234741211,148.3739776611328,170.94000244140625,25.68000030517578,3251.840087890625
2020-07-20 05:00:00+00:00,303.7840881347656,25.017786026000977,33.88656234741211,148.3739776611328,170.94000244140625,24.459999084472656,3251.840087890625
2020-07-21 04:00:00+00:00,304.430419921875,25.169082641601562,34.0019645690918,148.46266174316406,173.0,24.459999084472656,3257.300048828125
2020-07-21 05:00:00+00:00,304.430419921875,25.169082641601562,34.0019645690918,148.46266174316406,173.0,24.84000015258789,3257.300048828125
2020-07-22 04:00:00+00:00,306.1632080078125,25.61321258544922,34.387481689453125,148.90638732910156,175.6300048828125,24.84000015258789,3276.02001953125
2020-07-22 05:00:00+00:00,306.1632080078125,25.61321258544922,34.387481689453125,148.90638732910156,175.6300048828125,24.31999969482422,3276.02001953125
2020-07-23 04:00:00+00:00,302.5101623535156,24.685909271240234,33.58698272705078,150.64581298828125,177.17999267578125,24.31999969482422,3235.659912109375
2020-07-23 05:00:00+00:00,302.5101623535156,24.685909271240234,33.58698272705078,150.64581298828125,177.17999267578125,26.079999923706055,3235.659912109375
2020-07-24 04:00:00+00:00,300.5619201660156,24.227136611938477,33.147438049316406,150.6368865966797,178.6999969482422,26.079999923706055,3215.6298828125
2020-07-24 05:00:00+00:00,300.5619201660156,24.227136611938477,33.147438049316406,150.6368865966797,178.6999969482422,25.84000015258789,3215.6298828125
2020-07-27 04:00:00+00:00,302.7538146972656,24.729829788208008,33.613990783691406,150.077880859375,182.22999572753906,25.84000015258789,3239.409912109375
2020-07-27 05:00:00+00:00,302.7538146972656,24.729829788208008,33.613990783691406,150.077880859375,182.22999572753906,24.739999771118164,3239.409912109375
2020-07-28 04:00:00+00:00,300.8335266113281,24.275936126708984,33.20391845703125,151.11610412597656,183.75,24.739999771118164,3218.43994140625
2020-07-28 05:00:00+00:00,300.8335266113281,24.275936126708984,33.20391845703125,151.11610412597656,183.75,25.440000534057617,3218.43994140625
2020-07-29 04:00:00+00:00,304.5334777832031,25.15932273864746,34.0019645690918,150.85887145996094,185.1300048828125,25.440000534057617,3258.43994140625
2020-07-29 05:00:00+00:00,304.5334777832031,25.15932273864746,34.0019645690918,150.85887145996094,185.1300048828125,24.100000381469727,3258.43994140625
2020-07-30 04:00:00+00:00,303.4469299316406,24.89089012145996,33.7662353515625,151.85281372070312,183.75999450683594,24.100000381469727,3246.219970703125
2020-07-30 05:00:00+00:00,303.4469299316406,24.89089012145996,33.7662353515625,151.85281372070312,183.75999450683594,24.760000228881836,3246.219970703125
2020-07-31 04:00:00+00:00,305.8447570800781,25.4814395904541,34.30399703979492,151.75514221191406,185.42999267578125,24.760000228881836,3271.1201171875
2020-07-31 05:00:00+00:00,305.8447570800781,25.4814395904541,34.30399703979492,151.75514221191406,185.42999267578125,24.459999084472656,3271.1201171875
2020-08-03 04:00:00+00:00,307.9710998535156,25.998781204223633,34.777923583984375,150.99107360839844,185.63999938964844,24.459999084472656,3294.610107421875
2020-08-03 05:00:00+00:00,307.9710998535156,25.998781204223633,34.777923583984375,150.99107360839844,185.63999938964844,24.280000686645508,3294.610107421875
2020-08-04 04:00:00+00:00,309.1606140136719,26.291610717773438,35.0357551574707,152.43032836914062,189.58999633789062,24.280000686645508,3306.510009765625
2020-08-04 05:00:00+00:00,309.1606140136719,26.291610717773438,35.0357551574707,152.43032836914062,189.58999633789062,23.760000228881836,3306.510009765625
2020-08-05 04:00:00+00:00,311.0808410644531,26.7894287109375,35.477752685546875,151.09776306152344,191.35000610351562,23.760000228881836,3327.77001953125
2020-08-05 05:00:00+00:00,311.0808410644531,26.7894287109375,35.477752685546875,151.09776306152344,191.35000610351562,22.989999771118164,3327.77001953125
2020-08-06 04:00:00+00:00,313.1601867675781,27.3360538482666,35.95167541503906,151.94174194335938,193.88999938964844,22.989999771118164,3349.159912109375
2020-08-06 05:00:00+00:00,313.1601867675781,27.3360538482666,35.95167541503906,151.94174194335938,193.88999938964844,22.649999618530273,3349.159912109375
2020-08-07 04:00:00+00:00,313.3850402832031,27.389741897583008,35.99341583251953,150.92892456054688,190.80999755859375,22.649999618530273,3351.280029296875
2020-08-07 05:00:00+00:00,313.3850402832031,27.389741897583008,35.99341583251953,150.92892456054688,190.80999755859375,22.209999084472656,3351.280029296875
2020-08-10 04:00:00+00:00,314.32171630859375,27.63376808166504,36.207054138183594,150.25363159179688,190.14999389648438,22.209999084472656,3360.469970703125
2020-08-10 05:00:00+00:00,314.32171630859375,27.63376808166504,36.207054138183594,150.25363159179688,190.14999389648438,22.1299991607666,3360.469970703125
2020-08-11 04:00:00+00:00,311.7271728515625,26.974895477294922,35.61772537231445,148.4678955078125,179.94000244140625,22.1299991607666,3333.68994140625
2020-08-11 05:00:00+00:00,311.7271728515625,26.974895477294922,35.61772537231445,148.4678955078125,179.94000244140625,24.030000686645508,3333.68994140625
2020-08-12 04:00:00+00:00,316.07330322265625,28.068138122558594,36.59748840332031,147.11752319335938,179.10000610351562,24.030000686645508,3380.35009765625
2020-08-12 05:00:00+00:00,316.07330322265625,28.068138122558594,36.59748840332031,147.11752319335938,179.10000610351562,22.280000686645508,3380.35009765625
2020-08-13 04:00:00+00:00,315.50189208984375,27.94612693786621,36.4771614074707,145.54495239257812,183.3300018310547,22.280000686645508,3373.429931640625
2020-08-13 05:00:00+00:00,315.50189208984375,27.94612693786621,36.4771614074707,145.54495239257812,183.3300018310547,22.1299991607666,3373.429931640625
2020-08-14 04:00:00+00:00,315.51129150390625,27.926605224609375,36.474708557128906,144.976318359375,182.5399932861328,22.1299991607666,3372.85009765625
2020-08-14 05:00:00+00:00,315.51129150390625,27.926605224609375,36.474708557128906,144.976318359375,182.5399932861328,22.049999237060547,3372.85009765625
2020-08-17 04:00:00+00:00,316.5135498046875,28.199913024902344,36.705535888671875,145.34059143066406,186.5,22.049999237060547,3381.989990234375
2020-08-17 05:00:00+00:00,316.5135498046875,28.199913024902344,36.705535888671875,145.34059143066406,186.5,21.350000381469727,3381.989990234375
2020-08-18 04:00:00+00:00,317.1972961425781,28.36097526550293,36.84794998168945,146.3800811767578,188.17999267578125,21.350000381469727,3389.780029296875
2020-08-18 05:00:00+00:00,317.1972961425781,28.36097526550293,36.84794998168945,146.3800811767578,188.17999267578125,21.510000228881836,3389.780029296875
2020-08-19 04:00:00+00:00,315.8766784667969,28.033977508544922,36.56801223754883,145.4650115966797,182.24000549316406,21.510000228881836,3374.85009765625
2020-08-19 05:00:00+00:00,315.8766784667969,28.033977508544922,36.56801223754883,145.4650115966797,182.24000549316406,22.540000915527344,3374.85009765625
2020-08-20 04:00:00+00:00,316.8601989746094,28.287763595581055,36.78411102294922,146.77981567382812,183.5,22.540000915527344,3385.510009765625
2020-08-20 05:00:00+00:00,316.8601989746094,28.287763595581055,36.78411102294922,146.77981567382812,183.5,22.719999313354492,3385.510009765625
2020-08-21 04:00:00+00:00,317.9842224121094,28.58060073852539,37.0296630859375,147.65945434570312,182.02999877929688,22.719999313354492,3397.159912109375
2020-08-21 05:00:00+00:00,317.9842224121094,28.58060073852539,37.0296630859375,147.65945434570312,182.02999877929688,22.540000915527344,3397.159912109375
2020-08-24 04:00:00+00:00,321.20635986328125,29.454219818115234,37.79579162597656,147.4195098876953,181.0,22.540000915527344,3431.280029296875
2020-08-24 05:00:00+00:00,321.20635986328125,29.454219818115234,37.79579162597656,147.4195098876953,181.0,22.3700008392334,3431.280029296875
2020-08-25 04:00:00+00:00,322.3302917480469,29.751935958862305,38.06099319458008,146.2911834716797,181.22000122070312,22.3700008392334,3443.6201171875
2020-08-25 05:00:00+00:00,322.3302917480469,29.751935958862305,38.06099319458008,146.2911834716797,181.22000122070312,22.030000686645508,3443.6201171875
2020-08-26 04:00:00+00:00,325.5618896484375,30.65972137451172,38.81730270385742,145.73153686523438,183.36000061035156,22.030000686645508,3478.72998046875
2020-08-26 05:00:00+00:00,325.5618896484375,30.65972137451172,38.81730270385742,145.73153686523438,183.36000061035156,23.270000457763672,3478.72998046875
2020-08-27 04:00:00+00:00,326.2738037109375,30.85006332397461,38.98918151855469,143.2527618408203,181.24000549316406,23.270000457763672,3484.550048828125
2020-08-27 05:00:00+00:00,326.2738037109375,30.85006332397461,38.98918151855469,143.2527618408203,181.24000549316406,24.469999313354492,3484.550048828125
2020-08-28 04:00:00+00:00,328.3812561035156,31.45525360107422,39.47538757324219,143.14614868164062,184.38999938964844,24.469999313354492,3508.010009765625
2020-08-28 05:00:00+00:00,328.3812561035156,31.45525360107422,39.47538757324219,143.14614868164062,184.38999938964844,22.959999084472656,3508.010009765625
2020-08-31 04:00:00+00:00,327.1917724609375,31.09897232055664,39.20528030395508,144.0967254638672,184.8300018310547,22.959999084472656,3500.31005859375
2020-08-31 05:00:00+00:00,327.1917724609375,31.09897232055664,39.20528030395508,144.0967254638672,184.8300018310547,26.40999984741211,3500.31005859375
2020-09-01 04:00:00+00:00,330.2734375,31.98723602294922,39.9321174621582,145.74493408203125,185.0500030517578,26.40999984741211,3526.64990234375
2020-09-01 05:00:00+00:00,330.2734375,31.98723602294922,39.9321174621582,145.74493408203125,185.0500030517578,26.1200008392334,3526.64990234375
2020-09-02 04:00:00+00:00,335.050537109375,33.36843490600586,41.08623123168945,147.1324462890625,182.6199951171875,26.1200008392334,3580.840087890625
2020-09-02 05:00:00+00:00,335.050537109375,33.36843490600586,41.08623123168945,147.1324462890625,182.6199951171875,26.56999969482422,3580.840087890625
2020-09-03 04:00:00+00:00,323.51995849609375,29.90811538696289,38.26725387573242,147.55044555664062,181.13999938964844,26.56999969482422,3455.06005859375
2020-09-03 05:00:00+00:00,323.51995849609375,29.90811538696289,38.26725387573242,147.55044555664062,181.13999938964844,33.599998474121094,3455.06005859375
2020-09-04 04:00:00+00:00,320.8785705566406,29.205312728881836,37.623905181884766,144.74874877929688,181.63999938964844,33.599998474121094,3426.9599609375
2020-09-04 05:00:00+00:00,320.8785705566406,29.205312728881836,37.623905181884766,144.74874877929688,181.63999938964844,30.75,3426.9599609375
2020-09-08 04:00:00+00:00,312.1111145019531,26.8040714263916,35.571067810058594,145.63815307617188,181.2899932861328,30.75,3331.840087890625
2020-09-08 05:00:00+00:00,312.1111145019531,26.8040714263916,35.571067810058594,145.63815307617188,181.2899932861328,31.459999084472656,3331.840087890625
2020-09-09 04:00:00+00:00,318.2744445800781,28.351213455200195,36.97563934326172,145.24681091308594,183.0500030517578,31.459999084472656,3398.9599609375
2020-09-09 05:00:00+00:00,318.2744445800781,28.351213455200195,36.97563934326172,145.24681091308594,183.0500030517578,28.809999465942383,3398.9599609375
2020-09-10 04:00:00+00:00,312.748046875,26.882164001464844,35.674198150634766,145.98509216308594,182.4600067138672,28.809999465942383,3339.18994140625
2020-09-10 05:00:00+00:00,312.748046875,26.882164001464844,35.674198150634766,145.98509216308594,182.4600067138672,29.709999084472656,3339.18994140625
2020-09-11 04:00:00+00:00,312.9073486328125,26.91632652282715,35.70857620239258,146.2963409423828,182.4499969482422,29.709999084472656,3340.969970703125
2020-09-11 05:00:00+00:00,312.9073486328125,26.91632652282715,35.70857620239258,146.2963409423828,182.4499969482422,26.8700008392334,3340.969970703125
2020-09-14 04:00:00+00:00,317.0287780761719,27.990047454833984,36.63676834106445,146.2874298095703,183.88999938964844,26.8700008392334,3383.5400390625
2020-09-14 05:00:00+00:00,317.0287780761719,27.990047454833984,36.63676834106445,146.2874298095703,183.88999938964844,25.850000381469727,3383.5400390625
2020-09-15 04:00:00+00:00,318.6304626464844,28.409778594970703,37.02475357055664,145.9317169189453,183.4499969482422,25.850000381469727,3401.199951171875
2020-09-15 05:00:00+00:00,318.6304626464844,28.409778594970703,37.02475357055664,145.9317169189453,183.4499969482422,25.59000015258789,3401.199951171875
2020-09-16 04:00:00+00:00,317.365966796875,28.082782745361328,36.72517776489258,145.49583435058594,183.97000122070312,25.59000015258789,3385.489990234375
2020-09-16 05:00:00+00:00,317.365966796875,28.082782745361328,36.72517776489258,145.49583435058594,183.97000122070312,26.040000915527344,3385.489990234375
2020-09-17 04:00:00+00:00,314.5746154785156,27.35069465637207,36.101463317871094,145.94056701660156,182.9600067138672,26.040000915527344,3357.010009765625
2020-09-17 05:00:00+00:00,314.5746154785156,27.35069465637207,36.101463317871094,145.94056701660156,182.9600067138672,26.459999084472656,3357.010009765625
2020-09-18 04:00:00+00:00,310.9530334472656,26.39410400390625,35.2518424987793,145.4869384765625,183.1999969482422,26.459999084472656,3319.469970703125
2020-09-18 05:00:00+00:00,310.9530334472656,26.39410400390625,35.2518424987793,145.4869384765625,183.1999969482422,25.829999923706055,3319.469970703125
2020-09-21 04:00:00+00:00,307.4922790527344,25.52048683166504,34.466064453125,146.22518920898438,179.52000427246094,25.829999923706055,3281.06005859375
2020-09-21 05:00:00+00:00,307.4922790527344,25.52048683166504,34.466064453125,146.22518920898438,179.52000427246094,27.780000686645508,3281.06005859375
2020-09-22 04:00:00+00:00,310.6238098144531,26.276973724365234,35.16344451904297,146.10963439941406,178.64999389648438,27.780000686645508,3315.570068359375
2020-09-22 05:00:00+00:00,310.6238098144531,26.276973724365234,35.16344451904297,146.10963439941406,178.64999389648438,26.860000610351562,3315.570068359375
2020-09-23 04:00:00+00:00,303.4202575683594,24.45163917541504,33.528045654296875,146.30526733398438,174.7899932861328,26.860000610351562,3236.919921875
2020-09-23 05:00:00+00:00,303.4202575683594,24.45163917541504,33.528045654296875,146.30526733398438,174.7899932861328,28.579999923706055,3236.919921875
2020-09-24 04:00:00+00:00,304.2289733886719,24.651742935180664,33.70485305786133,146.86558532714844,175.44000244140625,28.579999923706055,3246.590087890625
2020-09-24 05:00:00+00:00,304.2289733886719,24.651742935180664,33.70485305786133,146.86558532714844,175.44000244140625,28.510000228881836,3246.590087890625
2020-09-25 04:00:00+00:00,309.1474304199219,25.82308006286621,34.79020309448242,146.86558532714844,174.94000244140625,28.510000228881836,3298.4599609375
2020-09-25 05:00:00+00:00,309.1474304199219,25.82308006286621,34.79020309448242,146.86558532714844,174.94000244140625,26.3799991607666,3298.4599609375
2020-09-28 04:00:00+00:00,314.2821350097656,27.135950088500977,35.95904541015625,146.4475555419922,176.6999969482422,26.3799991607666,3351.60009765625
2020-09-28 05:00:00+00:00,314.2821350097656,27.135950088500977,35.95904541015625,146.4475555419922,176.6999969482422,26.190000534057617,3351.60009765625
2020-09-29 04:00:00+00:00,312.5705261230469,26.691818237304688,35.571067810058594,146.6165771484375,178.19000244140625,26.190000534057617,3335.469970703125
2020-09-29 05:00:00+00:00,312.5705261230469,26.691818237304688,35.571067810058594,146.6165771484375,178.19000244140625,26.270000457763672,3335.469970703125
2020-09-30 04:00:00+00:00,314.9405212402344,27.287250518798828,36.08182144165039,145.2112274169922,177.1199951171875,26.270000457763672,3363.0
2020-09-30 05:00:00+00:00,314.9405212402344,27.287250518798828,36.08182144165039,145.2112274169922,177.1199951171875,26.3700008392334,3363.0
2020-10-01 04:00:00+00:00,316.9624328613281,27.794828414916992,36.563106536865234,145.4508056640625,178.6999969482422,26.3700008392334,3380.800048828125
2020-10-01 05:00:00+00:00,316.9624328613281,27.794828414916992,36.563106536865234,145.4508056640625,178.6999969482422,26.700000762939453,3380.800048828125
2020-10-02 04:00:00+00:00,313.9530334472656,27.02857780456543,35.85099792480469,144.9076385498047,178.5399932861328,26.700000762939453,3348.419921875
2020-10-02 05:00:00+00:00,313.9530334472656,27.02857780456543,35.85099792480469,144.9076385498047,178.5399932861328,27.6299991607666,3348.419921875
2020-10-05 04:00:00+00:00,319.52032470703125,28.43418312072754,37.12296676635742,142.0762481689453,179.41000366210938,27.6299991607666,3408.60009765625
2020-10-05 05:00:00+00:00,319.52032470703125,28.43418312072754,37.12296676635742,142.0762481689453,179.41000366210938,27.959999084472656,3408.60009765625
2020-10-06 04:00:00+00:00,314.9780578613281,27.243324279785156,36.062171936035156,142.8419647216797,177.3000030517578,27.959999084472656,3360.969970703125
2020-10-06 05:00:00+00:00,314.9780578613281,27.243324279785156,36.062171936035156,142.8419647216797,177.3000030517578,29.479999542236328,3360.969970703125
2020-10-07 04:00:00+00:00,320.4607849121094,28.6586856842041,37.31941223144531,141.80020141601562,177.22000122070312,29.479999542236328,3419.43994140625
2020-10-07 05:00:00+00:00,320.4607849121094,28.6586856842041,37.31941223144531,141.80020141601562,177.22000122070312,28.059999465942383,3419.43994140625
2020-10-08 04:00:00+00:00,323.3009033203125,29.395654678344727,37.97258377075195,142.5659942626953,177.85000610351562,28.059999465942383,3446.830078125
2020-10-08 05:00:00+00:00,323.3009033203125,29.395654678344727,37.97258377075195,142.5659942626953,177.85000610351562,26.360000610351562,3446.830078125
2020-10-09 04:00:00+00:00,326.18804931640625,30.196069717407227,38.66505432128906,142.53924560546875,181.0800018310547,26.360000610351562,3477.139892578125
2020-10-09 05:00:00+00:00,326.18804931640625,30.196069717407227,38.66505432128906,142.53924560546875,181.0800018310547,25.0,3477.139892578125
2020-10-12 04:00:00+00:00,331.4356384277344,31.65047836303711,39.90266036987305,142.99330139160156,180.55999755859375,25.0,3534.219970703125
2020-10-12 05:00:00+00:00,331.4356384277344,31.65047836303711,39.90266036987305,142.99330139160156,180.55999755859375,25.06999969482422,3534.219970703125
2020-10-13 04:00:00+00:00,329.27264404296875,31.0452880859375,39.37225341796875,144.0172576904297,177.72000122070312,25.06999969482422,3511.929931640625
2020-10-13 05:00:00+00:00,329.27264404296875,31.0452880859375,39.37225341796875,144.0172576904297,177.72000122070312,26.06999969482422,3511.929931640625
2020-10-14 04:00:00+00:00,327.20361328125,30.484018325805664,38.900787353515625,144.34669494628906,178.27000427246094,26.06999969482422,3488.669921875
2020-10-14 05:00:00+00:00,327.20361328125,30.484018325805664,38.900787353515625,144.34669494628906,178.27000427246094,26.399999618530273,3488.669921875
2020-10-15 04:00:00+00:00,326.79931640625,30.337602615356445,38.778011322021484,144.0973358154297,178.9199981689453,26.399999618530273,3483.340087890625
2020-10-15 05:00:00+00:00,326.79931640625,30.337602615356445,38.778011322021484,144.0973358154297,178.9199981689453,26.969999313354492,3483.340087890625
2020-10-16 04:00:00+00:00,326.601806640625,30.274152755737305,38.73871994018555,143.6967315673828,178.3000030517578,26.969999313354492,3483.81005859375
2020-10-16 05:00:00+00:00,326.601806640625,30.274152755737305,38.73871994018555,143.6967315673828,178.3000030517578,27.40999984741211,3483.81005859375
2020-10-19 04:00:00+00:00,321.6363525390625,28.90271759033203,37.550235748291016,143.153564453125,178.38999938964844,27.40999984741211,3426.919921875
2020-10-19 05:00:00+00:00,321.6363525390625,28.90271759033203,37.550235748291016,143.153564453125,178.38999938964844,29.18000030517578,3426.919921875
2020-10-20 04:00:00+00:00,322.9247131347656,29.22483253479004,37.839988708496094,141.7913360595703,179.25,29.18000030517578,3443.1201171875
2020-10-20 05:00:00+00:00,322.9247131347656,29.22483253479004,37.839988708496094,141.7913360595703,179.25,29.350000381469727,3443.1201171875
2020-10-21 04:00:00+00:00,322.3134460449219,29.068653106689453,37.70248031616211,141.3016357421875,180.60000610351562,29.350000381469727,3435.56005859375
2020-10-21 05:00:00+00:00,322.3134460449219,29.068653106689453,37.70248031616211,141.3016357421875,180.60000610351562,28.649999618530273,3435.56005859375
2020-10-22 04:00:00+00:00,324.0813903808594,29.576234817504883,38.12483215332031,139.83250427246094,178.8300018310547,28.649999618530273,3453.489990234375
2020-10-22 05:00:00+00:00,324.0813903808594,29.576234817504883,38.12483215332031,139.83250427246094,178.8300018310547,28.110000610351562,3453.489990234375
2020-10-23 04:00:00+00:00,325.1817626953125,29.839784622192383,38.365478515625,140.68727111816406,178.63999938964844,28.110000610351562,3465.389892578125
2020-10-23 05:00:00+00:00,325.1817626953125,29.839784622192383,38.365478515625,140.68727111816406,178.63999938964844,27.549999237060547,3465.389892578125
2020-10-26 04:00:00+00:00,319.17236328125,28.20479393005371,36.96581268310547,141.99607849121094,178.5500030517578,27.549999237060547,3400.969970703125
2020-10-26 05:00:00+00:00,319.17236328125,28.20479393005371,36.96581268310547,141.99607849121094,178.5500030517578,32.459999084472656,3400.969970703125
2020-10-27 04:00:00+00:00,318.0721130371094,27.911964416503906,36.70061111450195,142.94879150390625,179.02000427246094,32.459999084472656,3390.679931640625
2020-10-27 05:00:00+00:00,318.0721130371094,27.911964416503906,36.70061111450195,142.94879150390625,179.02000427246094,33.349998474121094,3390.679931640625
2020-10-28 04:00:00+00:00,307.2007751464844,25.047067642211914,34.205780029296875,143.0823516845703,176.1300048828125,33.349998474121094,3271.030029296875
2020-10-28 05:00:00+00:00,307.2007751464844,25.047067642211914,34.205780029296875,143.0823516845703,176.1300048828125,40.279998779296875,3271.030029296875
2020-10-29 04:00:00+00:00,310.3229064941406,25.793798446655273,34.888423919677734,141.69338989257812,175.39999389648438,40.279998779296875,3310.110107421875
2020-10-29 05:00:00+00:00,310.3229064941406,25.793798446655273,34.888423919677734,141.69338989257812,175.39999389648438,37.59000015258789,3310.110107421875
2020-10-30 04:00:00+00:00,307.0878601074219,24.973861694335938,34.141937255859375,140.2955322265625,176.1999969482422,37.59000015258789,3269.9599609375
2020-10-30 05:00:00+00:00,307.0878601074219,24.973861694335938,34.141937255859375,140.2955322265625,176.1999969482422,38.02000045776367,3269.9599609375
2020-11-02 05:00:00+00:00,310.52978515625,25.83283805847168,34.91297912597656,141.34637451171875,177.91000366210938,38.02000045776367,3310.239990234375
2020-11-02 06:00:00+00:00,310.52978515625,25.83283805847168,34.91297912597656,141.34637451171875,177.91000366210938,37.130001068115234,3310.239990234375
2020-11-03 05:00:00+00:00,316.0125427246094,27.184757232666016,36.135841369628906,140.52638244628906,178.9199981689453,37.130001068115234,3369.159912109375
2020-11-03 06:00:00+00:00,316.0125427246094,27.184757232666016,36.135841369628906,140.52638244628906,178.9199981689453,35.54999923706055,3369.159912109375
2020-11-04 05:00:00+00:00,323.0751953125,28.995445251464844,37.75159454345703,143.57467651367188,178.82000732421875,35.54999923706055,3443.43994140625
2020-11-04 06:00:00+00:00,323.0751953125,28.995445251464844,37.75159454345703,143.57467651367188,178.82000732421875,29.56999969482422,3443.43994140625
2020-11-05 05:00:00+00:00,329.3760681152344,30.693885803222656,39.22982406616211,143.82421875,182.92999267578125,29.56999969482422,3510.449951171875
2020-11-05 06:00:00+00:00,329.3760681152344,30.693885803222656,39.22982406616211,143.82421875,182.92999267578125,27.579999923706055,3510.449951171875
2020-11-06 05:00:00+00:00,329.30078125,30.703643798828125,39.22492599487305,142.08621215820312,183.19000244140625,27.579999923706055,3509.43994140625
2020-11-06 06:00:00+00:00,329.30078125,30.703643798828125,39.22492599487305,142.08621215820312,183.19000244140625,24.860000610351562,3509.43994140625
2020-11-09 05:00:00+00:00,333.4387512207031,31.86033821105957,40.20713806152344,139.10020446777344,175.0800018310547,24.860000610351562,3550.5
2020-11-09 06:00:00+00:00,333.4387512207031,31.86033821105957,40.20713806152344,139.10020446777344,175.0800018310547,25.75,3550.5
2020-11-10 05:00:00+00:00,332.94970703125,31.71880531311035,40.07453536987305,138.29806518554688,175.66000366210938,25.75,3545.530029296875
2020-11-10 06:00:00+00:00,332.94970703125,31.71880531311035,40.07453536987305,138.29806518554688,175.66000366210938,24.799999237060547,3545.530029296875
2020-11-11 05:00:00+00:00,335.42303466796875,32.39720153808594,40.66387176513672,138.7971954345703,174.89999389648438,24.799999237060547,3572.659912109375
2020-11-11 06:00:00+00:00,335.42303466796875,32.39720153808594,40.66387176513672,138.7971954345703,174.89999389648438,23.450000762939453,3572.659912109375
2020-11-12 05:00:00+00:00,332.1690979003906,31.46013069152832,39.887916564941406,141.15914916992188,175.9600067138672,23.450000762939453,3537.010009765625
2020-11-12 06:00:00+00:00,332.1690979003906,31.46013069152832,39.887916564941406,141.15914916992188,175.9600067138672,25.350000381469727,3537.010009765625
2020-11-13 05:00:00+00:00,336.767822265625,32.76324462890625,40.988006591796875,140.97198486328125,177.16000366210938,25.350000381469727,3585.14990234375
2020-11-13 06:00:00+00:00,336.767822265625,32.76324462890625,40.988006591796875,140.97198486328125,177.16000366210938,23.100000381469727,3585.14990234375
2020-11-16 05:00:00+00:00,340.9715270996094,33.954105377197266,41.9898681640625,140.63333129882812,177.14999389648438,23.100000381469727,3626.909912109375
2020-11-16 06:00:00+00:00,340.9715270996094,33.954105377197266,41.9898681640625,140.63333129882812,177.14999389648438,22.450000762939453,3626.909912109375
2020-11-17 05:00:00+00:00,339.1376647949219,33.45629119873047,41.562599182128906,141.55137634277344,176.5,22.450000762939453,3609.530029296875
2020-11-17 06:00:00+00:00,339.1376647949219,33.45629119873047,41.562599182128906,141.55137634277344,176.5,22.709999084472656,3609.530029296875
2020-11-18 05:00:00+00:00,335.0562744140625,32.22150802612305,40.53617858886719,141.96142578125,175.49000549316406,22.709999084472656,3567.7900390625
2020-11-18 06:00:00+00:00,335.0562744140625,32.22150802612305,40.53617858886719,141.96142578125,175.49000549316406,23.84000015258789,3567.7900390625
2020-11-19 05:00:00+00:00,336.46685791015625,32.6363525390625,40.86522674560547,142.69232177734375,175.16000366210938,23.84000015258789,3581.8701171875
2020-11-19 06:00:00+00:00,336.46685791015625,32.6363525390625,40.86522674560547,142.69232177734375,175.16000366210938,23.110000610351562,3581.8701171875
2020-11-20 05:00:00+00:00,334.162841796875,31.967710494995117,40.31517791748047,143.95797729492188,175.69000244140625,23.110000610351562,3557.5400390625
2020-11-20 06:00:00+00:00,334.162841796875,31.967710494995117,40.31517791748047,143.95797729492188,175.69000244140625,23.700000762939453,3557.5400390625
2020-11-23 05:00:00+00:00,336.1659240722656,32.54850387573242,40.81120300292969,143.29840087890625,172.22999572753906,23.700000762939453,3577.590087890625
2020-11-23 06:00:00+00:00,336.1659240722656,32.54850387573242,40.81120300292969,143.29840087890625,172.22999572753906,22.65999984741211,3577.590087890625
2020-11-24 05:00:00+00:00,341.5828552246094,34.105403900146484,42.10773468017578,141.8722381591797,169.58999633789062,22.65999984741211,3635.409912109375
2020-11-24 06:00:00+00:00,341.5828552246094,34.105403900146484,42.10773468017578,141.8722381591797,169.58999633789062,21.639999389648438,3635.409912109375
2020-11-25 05:00:00+00:00,341.0561828613281,33.9443473815918,41.98495864868164,141.4355010986328,169.50999450683594,21.639999389648438,3629.64990234375
2020-11-25 06:00:00+00:00,341.0561828613281,33.9443473815918,41.98495864868164,141.4355010986328,169.50999450683594,21.25,3629.64990234375
2020-11-27 05:00:00+00:00,342.00604248046875,34.2078971862793,42.21577453613281,142.80819702148438,167.7899932861328,21.25,3638.35009765625
2020-11-27 06:00:00+00:00,342.00604248046875,34.2078971862793,42.21577453613281,142.80819702148438,167.7899932861328,20.84000015258789,3638.35009765625
2020-11-30 05:00:00+00:00,340.4919128417969,33.76375961303711,41.827796936035156,142.6299285888672,166.6699981689453,20.84000015258789,3621.6298828125
2020-11-30 06:00:00+00:00,340.4919128417969,33.76375961303711,41.827796936035156,142.6299285888672,166.6699981689453,20.56999969482422,3621.6298828125
2020-12-01 05:00:00+00:00,344.21600341796875,34.87165451049805,42.746177673339844,140.52691650390625,170.17999267578125,20.56999969482422,3662.449951171875
2020-12-01 06:00:00+00:00,344.21600341796875,34.87165451049805,42.746177673339844,140.52691650390625,170.17999267578125,20.770000457763672,3662.449951171875
2020-12-02 05:00:00+00:00,344.94012451171875,35.07175827026367,42.91806411743164,139.41159057617188,171.4600067138672,20.770000457763672,3669.010009765625
2020-12-02 06:00:00+00:00,344.94012451171875,35.07175827026367,42.91806411743164,139.41159057617188,171.4600067138672,21.170000076293945,3669.010009765625
2020-12-03 05:00:00+00:00,344.8461608886719,35.0522346496582,42.89841842651367,140.5358428955078,172.80999755859375,21.170000076293945,3666.719970703125
2020-12-03 06:00:00+00:00,344.8461608886719,35.0522346496582,42.89841842651367,140.5358428955078,172.80999755859375,21.280000686645508,3666.719970703125
2020-12-04 05:00:00+00:00,347.8179016113281,35.94537353515625,43.63017654418945,138.4747314453125,172.32000732421875,21.280000686645508,3699.1201171875
2020-12-04 06:00:00+00:00,347.8179016113281,35.94537353515625,43.63017654418945,138.4747314453125,172.32000732421875,20.790000915527344,3699.1201171875
2020-12-07 05:00:00+00:00,347.1031799316406,35.76478958129883,43.46810531616211,139.72386169433594,174.88999938964844,20.790000915527344,3691.9599609375
2020-12-07 06:00:00+00:00,347.1031799316406,35.76478958129883,43.46810531616211,139.72386169433594,174.88999938964844,21.299999237060547,3691.9599609375
2020-12-08 05:00:00+00:00,348.1188049316406,36.0576286315918,43.69893264770508,140.38418579101562,175.5,21.299999237060547,3702.25
2020-12-08 06:00:00+00:00,348.1188049316406,36.0576286315918,43.69893264770508,140.38418579101562,175.5,20.68000030517578,3702.25
2020-12-09 05:00:00+00:00,344.99658203125,35.09615707397461,42.922977447509766,139.92015075683594,172.5,20.68000030517578,3672.820068359375
2020-12-09 06:00:00+00:00,344.99658203125,35.09615707397461,42.922977447509766,139.92015075683594,172.5,22.270000457763672,3672.820068359375
2020-12-10 05:00:00+00:00,344.8836975097656,35.02782440185547,42.89841842651367,141.16038513183594,172.1699981689453,22.270000457763672,3668.10009765625
2020-12-10 06:00:00+00:00,344.8836975097656,35.02782440185547,42.89841842651367,141.16038513183594,172.1699981689453,22.520000457763672,3668.10009765625
2020-12-11 05:00:00+00:00,344.4793701171875,34.89605712890625,42.77073287963867,141.6600341796875,172.49000549316406,22.520000457763672,3663.4599609375
2020-12-11 06:00:00+00:00,344.4793701171875,34.89605712890625,42.77073287963867,141.6600341796875,172.49000549316406,23.309999465942383,3663.4599609375
2020-12-14 05:00:00+00:00,342.93695068359375,34.44216537475586,42.397483825683594,141.26747131347656,171.5399932861328,23.309999465942383,3647.489990234375
2020-12-14 06:00:00+00:00,342.93695068359375,34.44216537475586,42.397483825683594,141.26747131347656,171.5399932861328,24.719999313354492,3647.489990234375
2020-12-15 05:00:00+00:00,347.5733642578125,35.82823944091797,43.536861419677734,140.79458618164062,173.94000244140625,24.719999313354492,3694.6201171875
2020-12-15 06:00:00+00:00,347.5733642578125,35.82823944091797,43.536861419677734,140.79458618164062,173.94000244140625,22.889999389648438,3694.6201171875
2020-12-16 05:00:00+00:00,348.1188049316406,36.003944396972656,43.679283142089844,140.41983032226562,174.89999389648438,22.889999389648438,3701.169921875
2020-12-16 06:00:00+00:00,348.1188049316406,36.003944396972656,43.679283142089844,140.41983032226562,174.89999389648438,22.5,3701.169921875
2020-12-17 05:00:00+00:00,350.0654602050781,36.609134674072266,44.18021011352539,140.04827880859375,176.74000549316406,22.5,3722.47998046875
2020-12-17 06:00:00+00:00,350.0654602050781,36.609134674072266,44.18021011352539,140.04827880859375,176.74000549316406,21.93000030517578,3722.47998046875
2020-12-18 05:00:00+00:00,348.667724609375,36.18452072143555,43.87081527709961,139.62852478027344,176.44000244140625,21.93000030517578,3709.409912109375
2020-12-18 06:00:00+00:00,348.667724609375,36.18452072143555,43.87081527709961,139.62852478027344,176.44000244140625,21.56999969482422,3709.409912109375
2020-12-21 05:00:00+00:00,347.42108154296875,35.823368072509766,43.512306213378906,140.1822509765625,175.8800048828125,21.56999969482422,3694.919921875
2020-12-21 06:00:00+00:00,347.42108154296875,35.823368072509766,43.512306213378906,140.1822509765625,175.8800048828125,25.15999984741211,3694.919921875
2020-12-22 05:00:00+00:00,346.83551025390625,35.5842170715332,43.35515213012695,140.90573120117188,174.49000549316406,25.15999984741211,3687.260009765625
2020-12-22 06:00:00+00:00,346.83551025390625,35.5842170715332,43.35515213012695,140.90573120117188,174.49000549316406,24.229999542236328,3687.260009765625
2020-12-23 05:00:00+00:00,347.147216796875,35.69017028808594,43.416107177734375,139.9322052001953,175.64999389648438,24.229999542236328,3690.010009765625
2020-12-23 06:00:00+00:00,347.147216796875,35.69017028808594,43.416107177734375,139.9322052001953,175.64999389648438,23.309999465942383,3690.010009765625
2020-12-24 05:00:00+00:00,348.4976806640625,36.10515594482422,43.75038528442383,140.4859619140625,176.35000610351562,23.309999465942383,3703.06005859375
2020-12-24 06:00:00+00:00,348.4976806640625,36.10515594482422,43.75038528442383,140.4859619140625,176.35000610351562,21.530000686645508,3703.06005859375
2020-12-28 05:00:00+00:00,351.4916076660156,37.023048400878906,44.5123291015625,140.5485076904297,175.7100067138672,21.530000686645508,3735.360107421875
2020-12-28 06:00:00+00:00,351.4916076660156,37.023048400878906,44.5123291015625,140.5485076904297,175.7100067138672,21.700000762939453,3735.360107421875
2020-12-29 05:00:00+00:00,350.821044921875,36.80333709716797,44.35502624511719,140.36984252929688,176.35000610351562,21.700000762939453,3727.0400390625
2020-12-29 06:00:00+00:00,350.821044921875,36.80333709716797,44.35502624511719,140.36984252929688,176.35000610351562,23.079999923706055,3727.0400390625
2020-12-30 05:00:00+00:00,351.3216247558594,36.949806213378906,44.458251953125,140.6735076904297,177.6999969482422,23.079999923706055,3732.0400390625
2020-12-30 06:00:00+00:00,351.3216247558594,36.949806213378906,44.458251953125,140.6735076904297,177.6999969482422,22.770000457763672,3732.0400390625
