Date,Close,High,Low,Open,Volume
,KMLM,KMLM,KMLM,KMLM,KMLM
2020-12-02,21.61567497253418,21.61567497253418,21.546752998116446,21.546752998116446,999500
2020-12-03,21.904285430908203,21.904285430908203,21.904285430908203,21.904285430908203,0
2020-12-04,21.74921226501465,21.74921226501465,21.74921226501465,21.74921226501465,0
2020-12-07,21.908594131469727,21.908594131469727,21.908594131469727,21.908594131469727,0
2020-12-08,21.73628807067871,21.73628807067871,21.73628807067871,21.73628807067871,100
2020-12-09,21.908594131469727,21.994747011702547,21.908594131469727,21.994747011702547,400
2020-12-10,21.77505874633789,21.77505874633789,21.77505874633789,21.77505874633789,0
2020-12-11,21.82244110107422,21.82244110107422,21.82244110107422,21.82244110107422,0
2020-12-14,21.873271942138672,21.951670424700765,21.873271942138672,21.94305497208972,400
2020-12-15,21.96889877319336,21.96889877319336,21.96889877319336,21.96889877319336,0
2020-12-16,21.92323875427246,21.92323875427246,21.92323875427246,21.92323875427246,0
2020-12-17,22.141206741333008,22.141206741333008,22.141206741333008,22.141206741333008,100
2020-12-18,22.00422477722168,22.00422477722168,22.00422477722168,22.00422477722168,100
2020-12-21,22.111053466796875,22.111053466796875,22.111053466796875,22.111053466796875,0
2020-12-22,21.864656448364258,21.864656448364258,21.864656448364258,21.864656448364258,0
2020-12-23,22.2652645111084,22.2652645111084,22.2652645111084,22.2652645111084,0
2020-12-24,22.145511627197266,22.145511627197266,22.145511627197266,22.145511627197266,100
2020-12-28,21.930131912231445,21.930131912231445,21.930131912231445,21.930131912231445,0
2020-12-29,22.52027702331543,22.52027702331543,22.47720140373436,22.47720140373436,300
2020-12-30,22.808887481689453,22.84679349867567,22.808887481689453,22.84679349867567,300
2020-12-31,22.783903121948242,22.78735061748025,22.783903121948242,22.78735061748025,200
2021-01-04,22.716703414916992,22.716703414916992,22.716703414916992,22.716703414916992,200
2021-01-05,23.170730590820312,23.170730590820312,23.170730590820312,23.170730590820312,100
2021-01-06,23.031160354614258,23.031160354614258,22.959653582431983,22.959653582431983,100
2021-01-07,22.80457878112793,22.80457878112793,22.80457878112793,22.80457878112793,100
2021-01-08,22.74858283996582,22.74858283996582,22.74858283996582,22.74858283996582,100
2021-01-11,22.369510650634766,22.369510650634766,22.369510650634766,22.369510650634766,100
2021-01-12,22.935531616210938,22.935531616210938,22.92088551182868,22.92088551182868,100
2021-01-13,22.806304931640625,22.806304931640625,22.806304931640625,22.806304931640625,100
2021-01-14,23.21639060974121,23.239652167802664,23.21639060974121,23.235343619820387,300
2021-01-15,22.77873420715332,22.77873420715332,22.77873420715332,22.77873420715332,100
2021-01-19,22.994977951049805,22.994977951049805,22.994977951049805,22.994977951049805,100
2021-01-20,23.013931274414062,23.131961167770804,23.013931274414062,23.12334571514969,300
2021-01-21,23.12162208557129,23.12162208557129,23.12162208557129,23.12162208557129,100
2021-01-22,22.770118713378906,22.770118713378906,22.770118713378906,22.770118713378906,0
2021-01-25,22.837318420410156,22.837318420410156,22.837318420410156,22.837318420410156,100
2021-01-26,23.093191146850586,23.093191146850586,23.093191146850586,23.093191146850586,100
2021-01-27,22.830427169799805,23.01134674730085,22.830427169799805,23.01134674730085,200
2021-01-28,22.813196182250977,22.994117402330488,22.813196182250977,22.994117402330488,200
2021-01-29,22.91571807861328,22.933810035634767,22.91571807861328,22.933810035634767,300
2021-02-01,22.74858283996582,22.74858283996582,22.74858283996582,22.74858283996582,600
2021-02-02,22.74858283996582,22.74858283996582,22.74858283996582,22.74858283996582,600
2021-02-03,22.91399383544922,22.91399383544922,22.91399383544922,22.91399383544922,0
2021-02-04,22.739967346191406,22.739967346191406,22.739967346191406,22.739967346191406,0
2021-02-05,22.994115829467773,22.994115829467773,22.916578403770274,22.916578403770274,400
2021-02-08,23.23965072631836,23.278419439606214,23.23965072631836,23.278419439606214,100
2021-02-09,23.40764808654785,23.40764808654785,23.40764808654785,23.40764808654785,100
2021-02-10,23.29134178161621,23.29134178161621,23.25774266831577,23.26721917276159,200
2021-02-11,23.29134178161621,23.29565032932853,23.29134178161621,23.29565032932853,400
2021-02-12,23.386110305786133,23.386110305786133,23.38180175803821,23.38180175803821,200
2021-02-16,23.670413970947266,23.670413970947266,23.670413970947266,23.670413970947266,100
2021-02-17,23.506723403930664,23.519645760744496,23.506723403930664,23.519645760744496,400
2021-02-18,23.73072052001953,23.74364287698929,23.73072052001953,23.74364287698929,100
2021-02-19,23.912504196166992,24.01502529215982,23.912504196166992,24.01502529215982,1200
2021-02-22,24.326034545898438,24.326034545898438,24.326034545898438,24.326034545898438,0
2021-02-23,24.45009422302246,24.45009422302246,24.45009422302246,24.45009422302246,100
2021-02-24,24.78091812133789,24.78091812133789,24.59655106936139,24.613781972826917,900
2021-02-25,24.755075454711914,24.755075454711914,24.708553980298436,24.725784886331418,1100
2021-02-26,24.247636795043945,24.38117220250311,24.234712794506606,24.368249845195336,2500
2021-03-01,23.921117782592773,24.122714106335472,23.921117782592773,24.122714106335472,4200
2021-03-02,23.963333129882812,24.02794655883753,23.963333129882812,24.01933110633099,1300
2021-03-03,24.053791046142578,24.053791046142578,24.01071543018862,24.01071543018862,300
2021-03-04,24.14425277709961,24.14425277709961,24.139945872447864,24.139945872447864,1000
2021-03-05,24.333789825439453,24.333789825439453,24.333789825439453,24.333789825439453,0
2021-03-08,24.204559326171875,24.204559326171875,24.204559326171875,24.204559326171875,100
2021-03-09,24.010717391967773,24.08825317837402,24.010717391967773,24.08825317837402,3800
2021-03-10,24.03225326538086,24.03225326538086,24.03225326538086,24.03225326538086,100
2021-03-11,24.28209686279297,24.28209686279297,24.28209686279297,24.28209686279297,0
2021-03-12,24.475940704345703,24.475940704345703,24.303634937333324,24.303634937333324,900
2021-03-15,24.42424774169922,24.42424774169922,24.42424774169922,24.42424774169922,100
2021-03-16,24.342403411865234,24.342403411865234,24.342403411865234,24.342403411865234,0
2021-03-17,24.303634643554688,24.303634643554688,24.303634643554688,24.303634643554688,0
2021-03-18,23.921117782592773,23.921117782592773,23.921117782592773,23.921117782592773,700
2021-03-19,23.995208740234375,23.995208740234375,23.94179556331879,23.94179556331879,400
2021-03-22,23.94179344177246,24.23471058786493,23.933177989941885,24.23471058786493,7400
2021-03-23,23.51964569091797,23.73502706773308,23.51964569091797,23.73502706773308,300
2021-03-24,23.605798721313477,23.605798721313477,23.605798721313477,23.605798721313477,0
2021-03-25,23.31287956237793,23.717797598914224,23.31287956237793,23.717797598914224,900
2021-03-26,23.580814361572266,23.58856711816577,23.580814361572266,23.58856711816577,200
2021-03-29,23.864255905151367,23.864255905151367,23.7522566751154,23.77810303048433,2000
2021-03-30,23.623029708862305,23.623029708862305,23.623029708862305,23.623029708862305,0
2021-03-31,23.77896499633789,23.933178795807784,23.631644544502215,23.933178795807784,5900
2021-04-01,23.68333625793457,23.847026566219018,23.68333625793457,23.847026566219018,600
2021-04-05,23.735027313232422,23.735027313232422,23.691951694715655,23.691951694715655,200
2021-04-06,23.75225830078125,23.855642086103426,23.75225830078125,23.8297957289655,3400
2021-04-07,23.72727394104004,23.72727394104004,23.657489271789697,23.657489271789697,200
2021-04-08,23.63164520263672,23.63164520263672,23.597183393194285,23.597183393194285,700
2021-04-09,23.79964256286621,24.777474228247534,23.79964256286621,24.777474228247534,1900
2021-04-12,23.657489776611328,23.657489776611328,23.657489776611328,23.657489776611328,100
2021-04-13,23.623029708862305,23.623029708862305,23.623029708862305,23.623029708862305,1600
2021-04-14,24.11410140991211,24.11410140991211,24.11410140991211,24.11410140991211,0
2021-04-15,24.092561721801758,24.092561721801758,24.092561721801758,24.092561721801758,0
2021-04-16,24.12271499633789,24.12271499633789,24.12271499633789,24.12271499633789,0
2021-04-19,24.088253021240234,24.131330283662205,24.07360855956926,24.07360855956926,600
2021-04-20,24.226097106933594,24.226097106933594,24.226097106933594,24.226097106933594,100
2021-04-21,24.19594383239746,24.19594383239746,24.19594383239746,24.19594383239746,0
2021-04-22,24.45009422302246,24.45009422302246,24.45009422302246,24.45009422302246,100
2021-04-23,24.501787185668945,24.570709164174826,24.501787185668945,24.570709164174826,600
2021-04-26,24.807626724243164,24.807626724243164,24.807626724243164,24.807626724243164,100
2021-04-27,25.03162384033203,25.03162384033203,25.03162384033203,25.03162384033203,0
2021-04-28,24.870519638061523,24.870519638061523,24.870519638061523,24.870519638061523,100
2021-04-29,25.14362144470215,25.216851967227008,25.14362144470215,25.216851967227008,100
2021-04-30,25.221158981323242,25.221158981323242,25.221158981323242,25.221158981323242,100
2021-05-03,25.070392608642578,25.070392608642578,25.070392608642578,25.070392608642578,100
2021-05-04,25.23408317565918,25.23408317565918,25.23408317565918,25.23408317565918,100
2021-05-05,25.35641860961914,25.35641860961914,25.35641860961914,25.35641860961914,100
2021-05-06,25.389156341552734,25.397771793892332,25.37192708010305,25.37192708010305,300
2021-05-07,25.509769439697266,25.509769439697266,25.509769439697266,25.509769439697266,0
2021-05-10,25.389156341552734,25.389156341552734,25.389156341552734,25.389156341552734,100
2021-05-11,25.687244415283203,25.687244415283203,25.6191834929432,25.6191834929432,400
2021-05-12,26.206745147705078,26.224837104622928,25.725152372263384,25.725152372263384,2200
2021-05-13,25.31161880493164,25.421894293883213,25.31161880493164,25.421894293883213,200
2021-05-14,25.32884979248047,25.32884979248047,25.32884979248047,25.32884979248047,700
2021-05-17,25.535615921020508,25.535615921020508,25.535615921020508,25.535615921020508,100
2021-05-18,25.508909225463867,25.508909225463867,25.508909225463867,25.508909225463867,0
2021-05-19,25.288358688354492,25.288358688354492,25.208236461490056,25.208236461490056,200
2021-05-20,24.91531753540039,25.46669332978098,24.91531753540039,25.458077877590096,2800
2021-05-21,25.10226821899414,25.10226821899414,25.10226821899414,25.10226821899414,100
2021-05-24,25.21599006652832,25.21599006652832,25.21599006652832,25.21599006652832,0
2021-05-25,24.90670394897461,24.90670394897461,24.90670394897461,24.90670394897461,100
2021-05-26,25.170330047607422,25.208237710667145,25.170330047607422,25.208237710667145,700
2021-05-27,25.290081024169922,25.290081024169922,25.290081024169922,25.290081024169922,0
2021-05-28,25.223745346069336,25.223745346069336,25.010087703024574,25.010087703024574,1100
2021-06-01,25.69930648803711,25.69930648803711,25.69930648803711,25.69930648803711,100
2021-06-02,25.56146240234375,25.67345999761598,25.56146240234375,25.67345999761598,800
2021-06-03,25.595922470092773,25.595922470092773,25.595922470092773,25.595922470092773,100
2021-06-04,25.690690994262695,25.690690994262695,25.690690994262695,25.690690994262695,0
2021-06-07,25.462387084960938,25.785459155956254,25.462387084960938,25.785459155956254,500
2021-06-08,25.63038444519043,25.63038444519043,25.63038444519043,25.63038444519043,100
2021-06-09,25.38484764099121,25.483922871042655,25.38484764099121,25.466691967582562,600
2021-06-10,25.415000915527344,25.415000915527344,25.415000915527344,25.415000915527344,100
2021-06-11,25.389156341552734,25.389156341552734,25.389156341552734,25.389156341552734,0
2021-06-14,25.419309616088867,25.419309616088867,25.419309616088867,25.419309616088867,0
2021-06-15,25.370203018188477,25.370203018188477,25.370203018188477,25.370203018188477,100
2021-06-16,25.2392520904541,25.423619162754296,25.2392520904541,25.406388257389317,1000
2021-06-17,24.560367584228516,24.560367584228516,24.560367584228516,24.560367584228516,0
2021-06-18,24.338956832885742,24.338956832885742,24.174405472789147,24.174405472789147,1000
2021-06-21,24.4027099609375,24.4027099609375,24.4027099609375,24.4027099609375,100
2021-06-22,24.252803802490234,24.252803802490234,24.252803802490234,24.252803802490234,0
2021-06-23,24.557785034179688,24.56209358213026,24.557785034179688,24.56209358213026,400
2021-06-24,24.790395736694336,24.790395736694336,24.790395736694336,24.790395736694336,0
2021-06-25,24.786088943481445,24.786088943481445,24.786088943481445,24.786088943481445,0
2021-06-28,24.790395736694336,24.790395736694336,24.790395736694336,24.790395736694336,0
2021-06-29,24.811935424804688,24.811935424804688,24.811935424804688,24.811935424804688,0
2021-06-30,25.170330047607422,25.170330047607422,25.170330047607422,25.170330047607422,0
2021-07-01,25.124670028686523,25.124670028686523,25.124670028686523,25.124670028686523,0
2021-07-02,25.08762550354004,25.173776746581744,25.08762550354004,25.156547483911183,700
2021-07-06,24.596553802490234,24.596553802490234,24.596553802490234,24.596553802490234,100
2021-07-07,24.319143295288086,24.958394097024257,24.019331134687064,24.019331134687064,18900
2021-07-08,24.389787673950195,24.389787673950195,24.389787673950195,24.389787673950195,100
2021-07-09,24.587078094482422,24.587078094482422,24.587078094482422,24.587078094482422,0
2021-07-12,24.454402923583984,24.454402923583984,24.454402923583984,24.454402923583984,100
2021-07-13,24.631013870239258,24.631013870239258,24.631013870239258,24.631013870239258,0
2021-07-14,24.325172424316406,24.325172424316406,24.325172424316406,24.325172424316406,200
2021-07-15,24.37686538696289,24.37686538696289,24.37686538696289,24.37686538696289,200
2021-07-16,24.407018661499023,24.407018661499023,24.407018661499023,24.407018661499023,0
2021-07-19,23.82032012939453,23.838412087109642,23.700568130262234,23.838412087109642,6900
2021-07-20,24.04948616027832,24.04948616027832,24.04948616027832,24.04948616027832,1000
2021-07-21,24.07447052001953,24.173545762483208,23.976256329867915,24.157177552406072,400
2021-07-22,24.484554290771484,24.578459924265566,24.484554290771484,24.55347626367719,300
2021-07-23,24.49747657775879,24.699935591508435,24.49747657775879,24.691320139515955,900
2021-07-26,24.708553314208984,24.708553314208984,24.637907587316,24.699937861424747,500
2021-07-27,24.441478729248047,24.441478729248047,24.441478729248047,24.441478729248047,0
2021-07-28,24.600860595703125,24.600860595703125,24.600860595703125,24.600860595703125,0
2021-07-29,24.687013626098633,24.687013626098633,24.687013626098633,24.687013626098633,100
2021-07-30,24.458709716796875,24.458709716796875,24.458709716796875,24.458709716796875,100
2021-08-02,24.68270492553711,24.68270492553711,24.6568602125399,24.6568602125399,100
2021-08-03,24.428556442260742,24.428556442260742,24.428556442260742,24.428556442260742,100
2021-08-04,24.3122501373291,24.44148028286008,24.3122501373291,24.44148028286008,200
2021-08-05,24.49489402770996,24.587940260483315,24.49489402770996,24.587940260483315,300
2021-08-06,24.465600967407227,24.56209139958752,24.465600967407227,24.56209139958752,100
2021-08-09,24.204559326171875,24.204559326171875,24.204559326171875,24.204559326171875,0
2021-08-10,24.622398376464844,24.622398376464844,24.622398376464844,24.622398376464844,0
2021-08-11,24.84208869934082,24.84208869934082,24.84208869934082,24.84208869934082,500
2021-08-12,24.876548767089844,24.876548767089844,24.876548767089844,24.876548767089844,100
2021-08-13,24.824859619140625,24.824859619140625,24.824859619140625,24.824859619140625,100
2021-08-16,24.72578239440918,24.72578239440918,24.72578239440918,24.72578239440918,0
2021-08-17,24.501787185668945,24.501787185668945,24.501787185668945,24.501787185668945,0
2021-08-18,24.398401260375977,24.398401260375977,24.398401260375977,24.398401260375977,0
2021-08-19,24.204559326171875,24.204559326171875,24.204559326171875,24.204559326171875,100
2021-08-20,23.894411087036133,23.934901906152483,23.894411087036133,23.934901906152483,100
2021-08-23,24.113239288330078,24.113239288330078,24.113239288330078,24.113239288330078,0
2021-08-24,24.329479217529297,24.329479217529297,24.329479217529297,24.329479217529297,0
2021-08-25,24.54486083984375,24.54486083984375,24.418217145831832,24.418217145831832,200
2021-08-26,24.587078094482422,24.587078094482422,24.587078094482422,24.587078094482422,0
2021-08-27,24.744735717773438,24.85501120615111,24.744735717773438,24.842949901636185,1300
2021-08-30,24.6112003326416,24.6112003326416,24.6112003326416,24.6112003326416,100
2021-08-31,24.370832443237305,24.370832443237305,24.148559372833706,24.217481344296882,5000
2021-09-01,24.19594383239746,24.243327999681757,24.18302147522158,24.20886783280289,5900
2021-09-02,24.368249893188477,24.368249893188477,24.368249893188477,24.368249893188477,100
2021-09-03,24.316556930541992,24.316556930541992,24.251941862439153,24.251941862439153,200
2021-09-07,24.174406051635742,24.174406051635742,24.174406051635742,24.174406051635742,100
2021-09-08,24.233850479125977,24.233850479125977,24.233850479125977,24.233850479125977,100
2021-09-09,24.174406051635742,24.174406051635742,24.174406051635742,24.174406051635742,0
2021-09-10,24.276927947998047,24.276927947998047,24.276927947998047,24.276927947998047,0
2021-09-13,24.37255859375,24.37255859375,24.37255859375,24.37255859375,0
2021-09-14,24.428556442260742,24.501786968089583,24.428556442260742,24.493171515449156,4600
2021-09-15,24.72147560119629,24.72147560119629,24.72147560119629,24.72147560119629,0
2021-09-16,24.60516929626465,24.60516929626465,24.60516929626465,24.60516929626465,700
2021-09-17,24.49747657775879,24.561230593857246,24.49747657775879,24.561230593857246,200
2021-09-20,24.484554290771484,24.484554290771484,24.484554290771484,24.484554290771484,0
2021-09-21,24.226097106933594,24.226097106933594,24.122713326797793,24.122713326797793,200
2021-09-22,24.454402923583984,24.454402923583984,24.454402923583984,24.454402923583984,100
2021-09-23,24.65255355834961,24.65255355834961,24.65255355834961,24.65255355834961,0
2021-09-24,24.73439598083496,24.73439598083496,24.73439598083496,24.73439598083496,0
2021-09-27,24.918764114379883,24.918764114379883,24.918764114379883,24.918764114379883,100
2021-09-28,24.84639549255371,25.16515900658949,24.84639549255371,25.13069884115052,3400
2021-09-29,24.919626235961914,24.919626235961914,24.919626235961914,24.919626235961914,0
2021-09-30,24.975624084472656,24.975624084472656,24.85501104012905,24.897225605649314,1400
2021-10-01,24.954086303710938,25.00147046925061,24.872241972561177,24.872241972561177,2300
2021-10-04,25.294389724731445,25.415002771372308,25.294389724731445,25.33660429105575,4800
2021-10-05,25.475309371948242,25.475309371948242,25.41586390071511,25.423618300835333,500
2021-10-06,25.35038948059082,25.35038948059082,25.35038948059082,25.35038948059082,100
2021-10-07,25.371929168701172,25.94484282899551,25.24269901619856,25.24269901619856,2400
2021-10-08,25.475309371948242,25.55284680023237,25.475309371948242,25.55284680023237,400
2021-10-11,25.885395050048828,25.888840902315827,25.60453754991953,25.84576528413407,2200
2021-10-12,25.582998275756836,25.67345805469583,25.57007591968824,25.67345805469583,6100
2021-10-13,25.402080535888672,25.402080535888672,25.371927274084292,25.371927274084292,1500
2021-10-14,25.49254035949707,26.750366834448705,25.406387478542822,25.406387478542822,31800
2021-10-15,25.785459518432617,25.785459518432617,25.742382255756638,25.77684406589742,2300
2021-10-18,25.742382049560547,25.88022764578999,25.733768240323897,25.88022764578999,3800
2021-10-19,25.72515296936035,25.72515296936035,25.60453827721229,25.716537516833377,2500
2021-10-20,25.74669075012207,25.74669075012207,25.499432356887503,25.499432356887503,2000
2021-10-21,25.775121688842773,25.775121688842773,25.518388419850652,25.57438639946312,300
2021-10-22,25.72515296936035,25.72515296936035,25.716537516833377,25.716537516833377,1300
2021-10-25,25.811304092407227,25.854381354848886,25.811304092407227,25.82853499738389,6400
2021-10-26,25.802688598632812,25.802688598632812,25.75961133900343,25.75961133900343,400
2021-10-27,25.63038444519043,25.759612945679937,25.501155944700923,25.759612945679937,2900
2021-10-28,25.451187133789062,25.63900005488857,25.38054140909498,25.63900005488857,3200
2021-10-29,25.92675018310547,25.92675018310547,25.864719908736525,25.880228709750966,1100
2021-11-01,25.76650619506836,25.802690109337888,25.76650619506836,25.802690109337888,700
2021-11-02,25.759613037109375,25.759613037109375,25.690691060388374,25.699306512882192,1700
2021-11-03,25.3590030670166,25.664845873612762,25.3590030670166,25.63038406427198,1400
2021-11-04,25.419309616088867,25.570077567264473,25.384849449942408,25.56146211492048,400
2021-11-05,25.17377471923828,25.371926834673268,25.17377471923828,25.371926834673268,200
2021-11-08,25.39777183532715,25.39777183532715,25.363311669142043,25.363311669142043,3400
2021-11-09,25.250450134277344,25.26854209035896,25.229773378294155,25.259926638430176,1200
2021-11-10,25.704477310180664,25.704477310180664,25.604539371181517,25.604539371181517,100
2021-11-11,25.72256851196289,25.72256851196289,25.72256851196289,25.72256851196289,100
2021-11-12,25.479616165161133,25.479616165161133,25.479616165161133,25.479616165161133,0
2021-11-15,25.688968658447266,25.688968658447266,25.535615906353907,25.535615906353907,100
2021-11-16,26.08009910583496,26.12145261860248,25.68638296876173,25.725151681577596,3500
2021-11-17,25.677766799926758,25.944839234520497,25.677766799926758,25.931916878352396,700
2021-11-18,25.643308639526367,25.643308639526367,25.59592446919841,25.59592446919841,200
2021-11-19,25.633831024169922,25.633831024169922,25.633831024169922,25.633831024169922,0
2021-11-22,25.847490310668945,25.906073088565297,25.847490310668945,25.906073088565297,200
2021-11-23,26.136098861694336,26.1645300180841,26.136098861694336,26.1645300180841,300
2021-11-24,26.180038452148438,26.180038452148438,26.180038452148438,26.180038452148438,100
2021-11-26,25.124670028686523,25.415004050736794,25.035071291463144,25.415004050736794,1500
2021-11-29,25.057470321655273,25.234084640349895,25.057470321655273,25.234084640349895,200
2021-11-30,24.5379695892334,24.99285494799032,24.484554771617322,24.99285494799032,1400
2021-12-01,24.33723258972168,24.33723258972168,24.33723258972168,24.33723258972168,600
2021-12-02,24.4931697845459,24.4931697845459,24.38978600339636,24.437170167955337,300
2021-12-03,24.390649795532227,24.47593998098971,24.390649795532227,24.47593998098971,300
2021-12-06,24.553478240966797,24.553478240966797,24.553478240966797,24.553478240966797,100
2021-12-07,24.743013381958008,24.746460877641425,24.49317182514488,24.49317182514488,800
2021-12-08,24.84295082092285,24.84295082092285,24.84295082092285,24.84295082092285,0
2021-12-09,24.712858200073242,24.820548886234032,24.712858200073242,24.811933434153634,800
2021-12-10,24.740427017211914,24.740427017211914,24.740427017211914,24.740427017211914,0
2021-12-13,24.7464599609375,24.7464599609375,24.7464599609375,24.7464599609375,100
2021-12-14,24.72578239440918,24.72578239440918,24.72578239440918,24.72578239440918,200
2021-12-15,24.5517520904541,24.5517520904541,24.510400222010944,24.510400222010944,1000
2021-12-16,24.51901626586914,24.51901626586914,24.51901626586914,24.51901626586914,100
2021-12-17,24.51729393005371,24.52763148720205,24.51729393005371,24.52763148720205,126100
2021-12-20,24.459571838378906,24.50178640508629,23.838411356082645,24.398402619006298,3100
2021-12-21,24.631013870239258,24.631013870239258,24.596552061917546,24.596552061917546,400
2021-12-22,24.674089431762695,24.674089431762695,24.6060301539709,24.6060301539709,200
2021-12-23,24.717166900634766,24.717166900634766,24.613783118259885,24.614644170504413,600
2021-12-27,24.794706344604492,24.794706344604492,24.794706344604492,24.794706344604492,100
2021-12-28,24.794706344604492,24.794706344604492,24.794706344604492,24.794706344604492,300
2021-12-29,24.737646102905273,24.802068532788226,24.683348426450422,24.728444653968012,1400
2021-12-30,24.585796356201172,24.80206725706908,24.585796356201172,24.80206725706908,8700
2021-12-31,24.38793182373047,24.553585981122076,24.37872861994964,24.548983501565846,1200
2022-01-03,24.562789916992188,24.60880418193613,24.52597710077168,24.607884388130124,3200
2022-01-04,24.671384811401367,24.671384811401367,24.581194115460708,24.60052207235144,3200
2022-01-05,24.65850067138672,24.65850067138672,24.65850067138672,24.65850067138672,0
2022-01-06,24.746849060058594,24.746849060058594,24.746849060058594,24.746849060058594,100
2022-01-07,24.677827835083008,24.710038172263246,24.677827835083008,24.710038172263246,200
2022-01-10,24.59960174560547,24.59960174560547,24.59960174560547,24.59960174560547,100
2022-01-11,24.67322540283203,24.67322540283203,24.61800793260692,24.61800793260692,300
2022-01-12,24.5894775390625,24.5894775390625,24.54438306873323,24.54438306873323,2200
2022-01-13,24.43762969970703,24.571993320404957,24.43762969970703,24.571993320404957,400
2022-01-14,24.721080780029297,24.721080780029297,24.721080780029297,24.721080780029297,0
2022-01-18,25.001771926879883,25.795991055368077,24.89409637079942,25.795991055368077,3900
2022-01-19,25.022018432617188,25.022018432617188,25.022018432617188,25.022018432617188,0
2022-01-20,25.087360382080078,25.75917848336655,25.087360382080078,25.114969994378917,27300
2022-01-21,24.963119506835938,25.02293945521155,24.963119506835938,25.004533047198795,2500
2022-01-24,25.025699615478516,25.025699615478516,24.93919160759201,24.986125664262048,900
2022-01-25,25.16098403930664,25.16098403930664,25.16098403930664,25.16098403930664,100
2022-01-26,25.50885772705078,25.50885772705078,25.404863100213845,25.432472712594944,600
2022-01-27,25.738933563232422,25.738933563232422,25.593525389845986,25.593525389845986,200
2022-01-28,25.731569290161133,25.888020251739295,25.67635181999582,25.878818802821517,800
2022-01-31,25.616531372070312,25.65794491272218,25.589843308997754,25.64414098428212,2700
2022-02-01,25.728809356689453,25.82359902329544,25.685554473177948,25.82359902329544,800
2022-02-02,25.823598861694336,25.906425942312847,25.740771781075825,25.740771781075825,5500
2022-02-03,25.94139862060547,26.016863843667217,25.94139862060547,26.016863843667217,300
2022-02-04,26.29755401611328,26.458605696480934,26.255218926989496,26.393265230540816,400
2022-02-07,26.07668113708496,26.182517106610423,26.016862943409162,26.136501086092462,6000
2022-02-08,26.152145385742188,26.21012398964185,26.152145385742188,26.21012398964185,200
2022-02-09,26.090486526489258,26.090486526489258,25.932194226224436,26.016862649823025,2100
2022-02-10,26.303075790405273,26.303075790405273,26.303075790405273,26.303075790405273,100
2022-02-11,26.303075790405273,26.303075790405273,26.17331464612087,26.17331464612087,1600
2022-02-14,26.693281173706055,26.693281173706055,26.569042309409223,26.66107083772811,4100
2022-02-15,26.42179298400879,26.467809003816235,26.379459650051277,26.379459650051277,6500
2022-02-16,26.4125919342041,26.46780940347514,26.4125919342041,26.46780940347514,800
2022-02-17,26.233131408691406,26.412591251010806,26.178833734635383,26.412591251010806,3400
2022-02-18,26.32976531982422,26.477013077380864,26.32976531982422,26.477013077380864,3000
2022-02-22,26.634382247924805,26.918754748023503,26.53222896860785,26.918754748023503,8600
2022-02-23,26.815683364868164,26.82672615682436,26.771508686379907,26.779792096845856,2800
2022-02-24,27.18564224243164,27.793039641744983,26.872740339108812,26.872740339108812,152300
2022-02-25,26.410751342773438,26.743899266163904,26.410751342773438,26.688681795321646,8300
2022-02-28,26.628860473632812,26.771507500907124,26.614136751676533,26.64726688140982,500
2022-03-01,27.184720993041992,27.184720993041992,27.17183685883365,27.17183685883365,200
2022-03-02,27.892433166503906,27.97709983589888,27.752547272374777,27.752547272374777,900
2022-03-03,28.417003631591797,28.685730873881077,28.257791534747273,28.428046423385243,6400
2022-03-04,28.75751304626465,28.99863242836419,28.069129883865244,28.99863242836419,5600
2022-03-07,29.27564239501953,30.121396289597875,28.88911661082617,30.121396289597875,5600
2022-03-08,29.80481719970703,29.992556953334645,29.017040101419056,29.992556953334645,4800
2022-03-09,28.262392044067383,29.808495224612173,28.201652301336434,29.808495224612173,11900
2022-03-10,28.324052810668945,28.455655291590148,28.280797927779638,28.399516274279627,6000
2022-03-11,28.74555015563965,28.81457155224199,28.74555015563965,28.81457155224199,700
2022-03-14,28.66364288330078,28.925008258452348,28.52927926521087,28.925008258452348,3200
2022-03-15,28.24490737915039,28.24490737915039,28.207174768720137,28.207174768720137,400
2022-03-16,27.95869255065918,29.909727880107503,27.95869255065918,29.909727880107503,3400
2022-03-17,28.59646224975586,28.59646224975586,28.446453354315807,28.446453354315807,800
2022-03-18,28.63971519470215,28.63971519470215,28.630511990996045,28.630511990996045,500
2022-03-21,29.45970344543457,29.564616109090018,29.063052901773123,29.063052901773123,6700
2022-03-22,29.541608810424805,29.541608810424805,29.45878172547109,29.523205912136017,4800
2022-03-23,29.728429794311523,29.882119610008544,29.633638375936194,29.734871861372696,3100
2022-03-24,29.908809661865234,30.176617114938406,29.872916638423618,30.176617114938406,700
2022-03-25,30.26772689819336,30.26772689819336,30.231833873513047,30.231833873513047,400
2022-03-28,29.523204803466797,30.369878519498002,29.523204803466797,30.369878519498002,2700
2022-03-29,29.088821411132812,29.088821411132812,28.520076389852782,28.685730552218878,9900
2022-03-30,29.38515853881836,29.431172804205197,29.329941069287816,29.431172804205197,7200
2022-03-31,29.06121253967285,29.394362215840474,29.06121253967285,29.394362215840474,9600
2022-04-01,29.06305503845215,29.449580857419047,28.980227951864116,29.394363384804294,9200
2022-04-04,29.33822250366211,29.523204623628377,29.236989014174295,29.403564725991558,3200
2022-04-05,29.75419807434082,30.00175600407684,29.75419807434082,29.92813388506138,1600
2022-04-06,29.790088653564453,30.19042013031335,29.62443449150721,30.139803385759006,3700
2022-04-07,29.89040184020996,30.084583649555633,29.6336389465897,30.084583649555633,8200
2022-04-08,30.272327423095703,30.342270369547453,30.199621584566575,30.342270369547453,800
2022-04-11,30.47755241394043,30.664372357134976,30.3652743828731,30.553937424257576,12400
2022-04-12,30.90825080871582,30.968072509383727,30.563138575003507,30.80241835634876,7200
2022-04-13,31.224838256835938,31.465034343299386,30.843832967783115,31.409818627666343,8100
2022-04-14,31.94359016418457,32.07243151377038,31.465034072391937,31.465034072391937,4100
2022-04-18,32.565711975097656,32.831676306021976,32.182867135329985,32.302503514760005,24400
2022-04-19,31.98040199279785,32.44055166175897,31.814747831118776,32.44055166175897,20200
2022-04-20,31.557985305786133,31.612281226074668,31.19814932765771,31.612281226074668,11100
2022-04-21,31.992366790771484,32.07243098068469,31.819350765537227,31.925183224939293,33700
2022-04-22,31.555221557617188,32.04482217406185,31.555221557617188,31.925182278981374,22000
2022-04-25,31.072986602783203,31.29017730139882,30.691981331077326,31.29017730139882,10500
2022-04-26,31.612279891967773,31.612279891967773,31.09691452522922,31.382205064484275,5200
2022-04-27,31.987764358520508,32.00801035448275,31.43742573895514,31.58467349491915,13500
2022-04-28,32.26569366455078,32.385330041953,32.035618847089914,32.18286658983834,18800
2022-04-29,31.895734786987305,32.33011617950955,31.895734786987305,32.33011617950955,5500
2022-05-02,32.53074264526367,32.82707775874808,31.567188363513907,32.82707775874808,23400
2022-05-03,32.550987243652344,32.6614256940667,32.250049663133254,32.57859861158765,17900
2022-05-04,32.72860336303711,33.10316654985264,32.65682083296656,33.10316654985264,23100
2022-05-05,33.36913299560547,33.62773899392019,33.11237009557775,33.12157505502253,38300
2022-05-06,33.51729965209961,33.682953811060834,32.88229438319045,33.682953811060834,40800
2022-05-09,32.523380279541016,33.19519840669245,32.210478349434254,33.19519840669245,31000
2022-05-10,32.310791015625,32.419386367243,32.110163622411754,32.21047731901838,24500
2022-05-11,32.75345230102539,32.75345230102539,32.394536134925,32.40373758325386,14400
2022-05-12,32.9559211730957,32.9559211730957,32.2748981055652,32.53258080160534,26900
2022-05-13,32.97524642944336,33.11236942857053,32.82799867726355,33.06635516426372,17700
2022-05-16,33.370052337646484,33.535706498775916,33.28446587568373,33.49889719348532,23200
2022-05-17,33.53662872314453,33.73817238927422,33.43447544409348,33.60933104824825,24900
2022-05-18,33.00653839111328,33.68295547790445,32.817875335479926,33.68295547790445,14200
2022-05-19,32.339317321777344,32.57859710931126,31.90677552092522,32.063228229799435,28300
2022-05-20,32.73965072631836,32.92831027125706,32.50497340443821,32.50497340443821,107000
2022-05-23,32.82339859008789,33.149184660481446,32.29882821529564,32.900703402317184,44300
2022-05-24,32.523380279541016,32.82707724986207,32.394538927849446,32.82707724986207,14500
2022-05-25,32.7203254699707,32.8822969557915,32.6531419009447,32.790268420574506,4800
2022-05-26,32.64301681518555,33.259615652015015,32.64301681518555,32.78105960176103,23500
2022-05-27,32.59608459472656,32.715724504578226,31.952797590958877,32.56019507923569,57300
2022-05-31,32.504974365234375,33.30563385626035,32.40374087003246,32.992731921392426,45800
2022-06-01,33.26329803466797,33.49889512731322,32.6798258208421,32.6798258208421,67200
2022-06-02,32.82707595825195,33.692159589566806,32.80682996244895,33.11237001910353,1241000
2022-06-03,33.35165023803711,33.76578214010253,32.88229560005659,32.88229560005659,30800
2022-06-06,34.31796646118164,34.31796646118164,33.54767418406827,33.98665810589261,27000
2022-06-07,34.271949768066406,34.419197525484655,33.87622076175546,34.409992565897824,217200
2022-06-08,34.28667068481445,34.640064571566135,34.069479997096224,34.47441041919372,24500
2022-06-09,34.6768798828125,35.17384237571827,34.28115088038717,34.47441290185161,62700
2022-06-10,35.081809997558594,35.3026833847303,34.83332875348919,34.95296865115151,100400
2022-06-13,35.74442672729492,36.103342910410575,35.15543570775503,35.79044099244709,230400
2022-06-14,35.57876968383789,37.235307669850016,34.97137230527801,37.235307669850016,129300
2022-06-15,34.36397933959961,35.61558707085252,34.32716652146545,35.61558707085252,52900
2022-06-16,34.66767501831055,35.18304392095799,34.35477660784222,34.85173559144631,201000
2022-06-17,34.281150817871094,35.01738959639068,34.032669571871345,35.01738959639068,59500
2022-06-21,34.56644821166992,34.57564966137293,34.09709353155036,34.09709353155036,77300
2022-06-22,33.62773895263672,34.023467952354956,33.59092613622958,33.97745017651434,50800
2022-06-23,32.99272918701172,33.59552762830143,32.670625829576984,33.59092514872,101300
2022-06-24,33.1675910949707,33.2780260395734,32.67062857826321,32.67062857826321,39000
2022-06-27,33.35165023803711,33.50809944358832,32.75345425179948,33.084762581982574,28200
2022-06-28,33.76578140258789,33.88542129935492,33.508098711702004,33.59092579243866,39900
2022-06-29,33.3608512878418,34.10629502183654,33.18599567596504,33.8946265935657,54500
2022-06-30,32.035621643066406,33.268822912713425,31.961996009934804,33.268822912713425,87600
2022-07-01,32.256492614746094,32.75345512324299,31.980403502468995,32.320913290588635,1325300
2022-07-05,31.290178298950195,32.75345442453352,31.271771890435904,32.75345442453352,132200
2022-07-06,31.050899505615234,31.42822207307189,30.830026131918647,31.42822207307189,467500
2022-07-07,32.02641677856445,32.127650269088896,31.225757324532783,31.225757324532783,25800
2022-07-08,32.550987243652344,32.7994684910895,32.02641689150616,32.02641689150616,180900
2022-07-11,32.9099006652832,33.11236763003194,32.71111638617084,33.03874551327258,105500
2022-07-12,31.88837242126465,32.90990170402091,31.580069485030855,32.90990170402091,35700
2022-07-13,32.127647399902344,32.62460984864246,31.750324839339616,31.750324839339616,19800
2022-07-14,32.569393157958984,32.862968872796095,32.23992793134559,32.40373899551395,16200
2022-07-15,32.48656463623047,32.48656463623047,32.10004061477339,32.21047554795209,28100
2022-07-18,32.67062759399414,32.84548321023582,32.53718376423201,32.84548321023582,39600
2022-07-19,32.61540985107422,32.63381626056769,32.03470044547751,32.3025079110125,24600
2022-07-20,32.458961486816406,32.84548556431549,32.284105858042594,32.284105858042594,17300
2022-07-21,32.330116271972656,32.57859751101561,31.934387281348332,32.57859751101561,51400
2022-07-22,31.61872100830078,31.998806465504845,31.295697870027823,31.998806465504845,37500
2022-07-25,32.127647399902344,32.13684884791763,31.290175203986866,31.290175203986866,51700
2022-07-26,32.274898529052734,32.30250638665831,31.915982337526405,32.30250638665831,39200
2022-07-27,31.860761642456055,32.24728918442749,31.761371253261107,32.192069961099186,16700
2022-07-28,31.40981674194336,31.66749942786331,31.11163855490506,31.538658084903332,88100
2022-07-29,31.234956741333008,31.770571603919233,31.087708994875992,31.53865719314865,107500
2022-08-01,30.553939819335938,30.59719470424687,30.038570907737025,30.038570907737025,56400
2022-08-02,31.216550827026367,31.2257557860733,30.29625151947493,30.559459986135852,310500
2022-08-03,31.244163513183594,31.326070800977277,30.81162169695263,31.22575710497553,35000
2022-08-04,30.40669059753418,31.00488305350706,30.40669059753418,30.91469411268236,14600
2022-08-05,30.977275848388672,31.547860459968142,30.977275848388672,31.07850933816284,21000
2022-08-08,30.8852481842041,30.8852481842041,30.530930960057912,30.59075266605489,16900
2022-08-09,31.29937744140625,31.29937744140625,30.92205487132704,31.17974106087462,23400
2022-08-10,30.563138961791992,30.986475797944095,29.821377949428157,30.599951776413018,27900
2022-08-11,31.474239349365234,31.492645758157856,30.83002908427748,30.841073631685756,8900
2022-08-12,31.256128311157227,31.63068801614567,30.96807486428205,30.96807486428205,15800
2022-08-15,31.244163513183594,31.271771370163986,30.934940770216908,31.106117206954824,12900
2022-08-16,31.511051177978516,31.511051177978516,31.290177790062646,31.41901913690382,32700
2022-08-17,32.210479736328125,32.320914683866846,31.79634429472831,31.805549254910353,100800
2022-08-18,32.79026794433594,32.794866913565485,32.3485246625157,32.38533396966974,44200
2022-08-19,33.04794692993164,33.23200748764967,32.89701650025697,33.03874548184415,42500
2022-08-22,33.3608512878418,33.58172467554285,32.981689108840335,33.406865553002696,44600
2022-08-23,33.48969268798828,33.885421688197454,33.31483707583255,33.885421688197454,32800
2022-08-24,33.5725212097168,33.9130309998524,33.36085277202906,33.36085277202906,22600
2022-08-25,33.33324432373047,33.66455265882466,33.15194312899825,33.3148379150404,34200
2022-08-26,33.51729965209961,33.66270781575016,33.19519629337684,33.22740662924912,23400
2022-08-29,33.88542175292969,33.99585669183568,33.572519833809885,33.97745028357411,60800
2022-08-30,33.85781478881836,34.00506254813092,33.60933353672901,33.77498770478858,20600
2022-08-31,33.9498405456543,34.083284365160154,33.66455001006396,33.93143413841246,50000
2022-09-01,34.09708786010742,34.317961233542476,33.95904507354079,34.014260783902174,79100
2022-09-02,34.09708786010742,34.21672775032904,33.60104870729004,34.21672775032904,45400
2022-09-06,34.40079116821289,34.60325464079988,34.13574309806719,34.41919757675052,76500
2022-09-07,33.324039459228516,34.36397873387462,33.259618783961045,34.36397873387462,341400
2022-09-08,33.701358795166016,34.051073506051694,33.59092386407802,33.68295238820749,33100
2022-09-09,33.53110885620117,33.72897336145159,33.312075050074974,33.72897336145159,237700
2022-09-12,33.5449104309082,33.66455032376334,33.27802278940952,33.32403705261127,50900
2022-09-13,34.3731803894043,34.46521243367034,33.867016433263416,33.867016433263416,94900
2022-09-14,34.166114807128906,34.483619219657996,33.93143748001333,34.483619219657996,49300
2022-09-15,34.143104553222656,34.22593163532504,33.84308676788855,34.20752522700635,70200
2022-09-16,33.774986267089844,34.271948750114355,33.71056559454926,33.83940693963043,48300
2022-09-19,34.21672821044922,34.373177406127844,33.765780009342606,33.765780009342606,46100
2022-09-20,34.33637237548828,34.676882175437605,34.32624762150548,34.51122800018363,127100
2022-09-21,34.271949768066406,34.6400674062803,34.171636070417954,34.6400674062803,113800
2022-09-22,34.52042770385742,34.73209964760456,34.38238490523598,34.6492725641663,79600
2022-09-23,35.10942077636719,35.311884241327455,34.71184868612503,35.311884241327455,189800
2022-09-26,35.946895599365234,36.08033943279671,35.21985823542692,35.42232522555242,524900
2022-09-27,36.066532135009766,36.5082754246627,35.716820891532606,36.14935922123617,241200
2022-09-28,34.91615676879883,36.241390105950245,34.833329685226865,36.241390105950245,153600
2022-09-29,35.348697662353516,35.56957104960378,34.998982928650335,35.27507554037902,171000
2022-09-30,35.30268478393555,35.60638175383722,35.04960105013121,35.60638175383722,114400
2022-10-03,34.56644821166992,34.833332381022096,34.2351398517417,34.244341301444706,151000
2022-10-04,33.89462661743164,34.32716492304469,33.765781759961655,34.01426300480153,177700
2022-10-05,34.765228271484375,35.017388686190905,34.327164191020266,34.327164191020266,49600
2022-10-06,35.606380462646484,35.68920754428221,35.16463719747706,35.16463719747706,75700
2022-10-07,35.965301513671875,36.06653149667819,35.716820259390474,35.86406802000202,92600
2022-10-10,36.241390228271484,36.57269856367756,36.02051683444627,36.075736060568445,139600
2022-10-11,36.42084503173828,36.5634902979935,35.873265831860735,36.30580762071615,185600
2022-10-12,36.28740310668945,36.84970605727006,36.112547496652816,36.784365590789406,208600
2022-10-13,36.12174987792969,36.98683001244127,35.88247358903532,36.98683001244127,69800
2022-10-14,36.75675582885742,36.811975055279206,35.66160083480173,36.02972198961993,176200
2022-10-17,35.937686920166016,36.02051399749413,35.34869593057197,36.02051399749413,308500
2022-10-18,35.53275680541992,36.02051431472377,35.52355184637838,36.02051431472377,213400
2022-10-19,35.937686920166016,36.029718956454595,35.624785018111275,36.02051399749413,130900
2022-10-20,35.98370361328125,36.07573565578558,35.47753966682953,35.93768934736081,504400
2022-10-21,35.587974548339844,36.32421684450357,35.38551107649192,36.315011884936624,242400
2022-10-24,35.4775390625,35.69841245008455,35.3486977158521,35.69841245008455,273300
2022-10-25,34.91615676879883,34.9897824033799,34.56644553652919,34.97137599473463,750900
2022-10-26,34.22593307495117,34.63086705366797,34.0970917219644,34.57564782638925,418600
2022-10-27,33.94063949584961,34.225930034789435,33.682953302101794,34.02346657407868,314000
2022-10-28,34.36397933959961,34.48361924320385,33.94984391224922,33.94984391224922,546000
2022-10-31,34.805721282958984,34.81768562392437,34.52963217892711,34.658473526764425,186000
2022-11-01,34.658470153808594,34.77350756184841,34.225928376166706,34.225928376166706,209200
2022-11-02,35.02659606933594,35.10942315491473,34.3363715264005,34.55724141416824,117100
2022-11-03,35.59717559814453,35.753624786964714,35.11861956246497,35.633988411042125,496300
2022-11-04,35.06340408325195,35.46833804699276,34.91707963110258,35.394712413344095,136300
2022-11-07,35.054203033447266,35.14623156589235,34.74130110820511,35.00818876722472,181800
2022-11-08,34.60325622558594,35.21065369249189,34.382386334345746,35.192250793774896,418000
2022-11-09,34.45600509643555,34.65847206918702,34.253541634347364,34.64927062072708,224400
2022-11-10,32.67062759399414,33.33324426297479,32.67062759399414,32.99273096882446,540600
2022-11-11,32.3209114074707,32.73688639467374,32.238084327546986,32.47736411873254,192700
2022-11-14,32.523380279541016,32.60344447209355,32.210478349434254,32.210478349434254,169400
2022-11-15,32.11845016479492,32.363248735670695,32.026418119254856,32.044824528362874,154400
2022-11-16,31.73192024230957,32.11844778359426,31.71351383456617,32.11844778359426,230500
2022-11-17,32.15525817871094,32.33931875172256,31.76873413498362,31.76873413498362,248600
2022-11-18,32.256492614746094,32.34852465928082,32.00617177280601,32.05402913809677,133000
2022-11-21,32.357723236083984,32.468158169059066,32.229801689600016,32.3669246843889,1122200
2022-11-22,32.035621643066406,32.330117154265984,31.980402418217704,32.311710745983085,273700
2022-11-23,31.152132034301758,31.713515207456243,31.152132034301758,31.713515207456243,207900
2022-11-25,31.2644100189209,31.52025312905786,31.19814975682192,31.29017828869977,45000
2022-11-28,31.63068962097168,31.704315258616163,31.317787682309884,31.317787682309884,395500
2022-11-29,31.777935028076172,31.777935028076172,31.43742525589103,31.603079417638043,61400
2022-11-30,31.308584213256836,31.930705364300458,31.2533649885856,31.777935335640436,85100
2022-12-01,30.553939819335938,30.94966882971906,30.498720593237074,30.94966882971906,545100
2022-12-02,30.489519119262695,30.966232114737757,30.489519119262695,30.701187553139842,105600
2022-12-05,30.96807289123535,31.050899968774132,30.627559622096342,30.627559622096342,90200
2022-12-06,30.857635498046875,30.941382372202806,30.747200561122828,30.940462578405747,150100
2022-12-07,30.56406021118164,30.774808845528625,30.47111188709957,30.710388172205388,143400
2022-12-08,30.59995460510254,30.75640381570937,30.443505394495705,30.443505394495705,123800
2022-12-09,30.94966697692871,31.014087648189122,30.69842284834984,30.737998555549762,141100
2022-12-12,31.004884719848633,31.142931030541853,30.61836066696923,30.83002910221226,273700
2022-12-13,30.609153747558594,30.68277937805821,30.167410496550747,30.36987746976141,234100
2022-12-14,30.572345733642578,30.830028429943237,30.406691568688313,30.55393932524061,110000
2022-12-15,31.161338806152344,31.161338806152344,30.64596986904438,30.64596986904438,106500
2022-12-16,31.40061378479004,31.566267953632558,31.225758166862274,31.45583301129205,155100
2022-12-19,31.474239349365234,31.68590778448513,31.400613714194744,31.68590778448513,196700
2022-12-20,31.55246353149414,31.73192162649128,31.49264533671625,31.73192162649128,100200
2022-12-21,31.612279891967773,31.612279891967773,31.345395760190993,31.547859221125456,33000
2022-12-22,31.86996841430664,31.952795498678285,31.64909501909442,31.64909501909442,261600
2022-12-23,31.8515625,32.035623080423925,31.722721146902327,31.952795994766337,95800
2022-12-27,31.65829849243164,31.83867637549888,31.48343937215501,31.65829849243164,115800
2022-12-28,30.607948303222656,30.79242805409582,29.754971838486266,30.627783513369657,145900
2022-12-29,30.36990737915039,30.895577313740496,30.35998882864132,30.49884475222813,93000
2022-12-30,30.300477981567383,30.687293890161804,30.300477981567383,30.647619687528486,243400
2023-01-03,30.488927841186523,30.568274357755662,30.131867570740315,30.300479154921003,258000
2023-01-04,30.161623001098633,30.30047893112651,30.03268562203991,30.181460103036947,137400
2023-01-05,30.548437118530273,30.707130150956132,30.32924338431852,30.469090602317344,225900
2023-01-06,29.804561614990234,30.528600674410704,29.794644956163324,30.320314895413826,102800
2023-01-09,29.626033782958984,29.854154774485995,29.467338863016153,29.854154774485995,86600
2023-01-10,29.913663864135742,30.115998134990924,29.854154452156017,29.854154452156017,91700
2023-01-11,29.34832000732422,29.715296925179103,29.29872914548549,29.586359549336333,116400
2023-01-12,28.91191291809082,29.259054622474196,28.832566404954914,28.89207581686432,111500
2023-01-13,29.050771713256836,29.229299954997394,28.782976512990757,28.951588095554197,86900
2023-01-17,28.933734893798828,29.060687803188856,28.878190631228037,29.060687803188856,202700
2023-01-18,28.782976150512695,28.842485563676785,28.33665082235669,28.544936606086203,169200
2023-01-19,28.83256721496582,28.90199517943896,28.76313925049268,28.90199517943896,72200
2023-01-20,28.961505889892578,29.060687613233974,28.865298029164535,29.060687613233974,137600
2023-01-23,28.83256721496582,28.96150648479035,28.82264866407392,28.96150648479035,114100
2023-01-24,28.812728881835938,29.011096107656144,28.812728881835938,28.941668146150093,133500
2023-01-25,28.847444534301758,28.872241857793842,28.733384034964846,28.83256765362265,68300
2023-01-26,29.090442657470703,29.16483084019256,28.964479147310108,29.060687006027948,44100
2023-01-27,29.15987205505371,29.229300020069076,29.060688437130263,29.15987205505371,179900
2023-01-30,29.437585830688477,29.44750438166586,29.28881134956809,29.417748728733713,133800
2023-01-31,29.42766571044922,29.51494630591761,29.387991508655364,29.487175121369937,60700
2023-02-01,29.338401794433594,29.467339171761072,29.278892381187845,29.37807599777752,116600
2023-02-02,29.10036277770996,29.44750449618768,28.79785359291895,29.44750449618768,152700
2023-02-03,29.17970848083496,29.497094537419333,29.12019906816792,29.497094537419333,162400
2023-02-06,29.378076553344727,29.407830314645203,29.229300179761644,29.407830314645203,93400
2023-02-07,29.23921775817871,29.497094400902554,29.169789795093468,29.497094400902554,51400
2023-02-08,29.417747497558594,29.42766604812087,29.288810123789183,29.397910396434042,38100
2023-02-09,29.437585830688477,29.44750438166586,29.308646559752685,29.308646559752685,33700
2023-02-10,29.278892517089844,29.566522925587822,29.218389924240565,29.566522925587822,70700
2023-02-13,29.50701332092285,29.53676897337616,29.407829704515304,29.53676897337616,49700
2023-02-14,29.591318130493164,29.62603400419968,29.516931837102394,29.62603400419968,30400
2023-02-15,29.65578842163086,29.65578842163086,29.43758597437392,29.43758597437392,77100
2023-02-16,29.824399948120117,29.893827913396855,29.626034603296596,29.893827913396855,48000
2023-02-17,29.873992919921875,30.02276740256158,29.854155817764532,30.02276740256158,78200
2023-02-21,30.42941665649414,30.469088966585716,29.95333758477485,29.95333758477485,195900
2023-02-22,30.201295852661133,30.41949828890173,30.17154020108602,30.41949828890173,284700
2023-02-23,29.94342041015625,30.231050819788983,29.913664757392798,30.151704304189938,196500
2023-02-24,30.02276611328125,30.240968552331108,29.953338150482207,30.05251987346935,125200
2023-02-27,30.112031936645508,30.250887865744776,30.034667996311526,30.250887865744776,258200
2023-02-28,29.94342041015625,30.34015298815148,29.92358330831395,30.34015298815148,79500
2023-03-01,30.121950149536133,30.231050424702655,30.052520293995453,30.141785359349054,205700
2023-03-02,30.191377639770508,30.260805602452116,30.013838799396027,30.1219496770889,234900
2023-03-03,29.844236373901367,30.211213293983246,29.78274249411529,30.211213293983246,241000
2023-03-06,30.191377639770508,30.260805602452116,29.973173309319627,29.973173309319627,156200
2023-03-07,30.36990737915039,30.36990737915039,30.02276567841329,30.181458703018237,96400
2023-03-08,30.40958023071289,30.488926744427747,30.250887203283177,30.36990791974052,316300
2023-03-09,30.5583553314209,30.568273882309043,30.201296958298407,30.24096927008084,209600
2023-03-10,29.864072799682617,30.022765825062717,29.780757353353493,30.022765825062717,372300
2023-03-13,28.97142219543457,29.130117112739374,28.624282384433677,29.130117112739374,394300
2023-03-14,29.38799285888672,29.44750416431175,29.20946461792208,29.20946461792208,770800
2023-03-15,29.189626693725586,29.278891757578027,28.792894127587015,29.021015116645433,660400
2023-03-16,29.338401794433594,29.407829758515323,29.011097183926765,29.080525148008494,143000
2023-03-17,29.001178741455078,29.060688154923188,28.812730058407563,29.021015843201166,183800
2023-03-20,29.011096954345703,29.1697899829253,28.882159578038575,28.882159578038575,115900
2023-03-21,29.308645248413086,29.516931026078552,29.2898013266383,29.368156551614693,79100
2023-03-22,29.308645248413086,29.653804374964135,29.209463526617235,29.60619608911088,31400
2023-03-23,29.12019920349121,29.21938092780714,29.070606449563115,29.208471089474,47400
2023-03-24,28.931751251220703,29.06068863114287,28.802813871298536,28.86232328574183,110800
2023-03-27,29.15987205505371,29.358239290900606,29.08548576043875,29.249137122007795,112600
2023-03-28,29.19954490661621,29.288809969436176,29.120198394306254,29.19954490661621,54600
2023-03-29,29.40782928466797,29.40782928466797,29.12119016967623,29.278891909418054,52600
2023-03-30,29.59627914428711,29.62603479750227,29.437586110679955,29.447504661751676,94700
2023-03-31,29.23921775817871,29.447503539204554,29.23921775817871,29.407829336430066,469400
2023-04-03,29.011096954345703,29.149952881410318,28.822648273493634,29.149952881410318,163100
2023-04-04,29.090442657470703,29.268972782587106,29.03093324635526,29.268972782587106,110800
2023-04-05,29.030933380126953,29.15987075343289,28.941668317157426,29.15987075343289,55700
2023-04-06,29.32848358154297,29.356254767495663,29.030934620115495,29.030934620115495,159400
2023-04-10,29.249135971069336,29.338401034510888,29.189626559365,29.338401034510888,174000
2023-04-11,29.42270851135254,29.477257703259443,29.338401775187073,29.338401775187073,24400
2023-04-12,29.556604385375977,29.556604385375977,29.417748456517867,29.417748456517867,149000
2023-04-13,29.665706634521484,29.754971700965996,29.576441568076973,29.754971700965996,313000
2023-04-14,29.556604385375977,29.668682307790124,29.407829905632266,29.606197139803978,419700
2023-04-17,29.4475040435791,29.477257804399475,29.368157528441195,29.4127900614419,130700
2023-04-18,29.501062393188477,29.57644186747223,29.35823942049359,29.35823942049359,31200
2023-04-19,29.844236373901367,29.854154924683325,29.705380446494182,29.834317823119406,36900
2023-04-20,30.032684326171875,30.04260287671306,29.923582161988907,30.002928674548315,99600
2023-04-21,30.042604446411133,30.042604446411133,29.864074310881914,30.03268589535171,41400
2023-04-24,30.181459426879883,30.201296528373785,29.97317364473414,30.191377977626832,56100
2023-04-25,30.14178466796875,30.175507361532393,30.002928743612674,30.171540319660803,31200
2023-04-26,30.548437118530273,30.548437118530273,30.310397569891485,30.44925539209174,56800
2023-04-27,30.69721221923828,30.73688452981513,30.528600642803983,30.64761946630461,86600
2023-04-28,30.568273544311523,30.72696657322686,30.513722460914977,30.72696657322686,90400
2023-05-01,30.568273544311523,30.776559327119234,30.446278964099527,30.776559327119234,82400
2023-05-02,30.76664161682129,30.974925513548754,30.682334878786232,30.974925513548754,49800
2023-05-03,30.96500587463379,31.04435238847143,30.766640535924743,31.04435238847143,270200
2023-05-04,30.90549659729004,31.113782379380613,30.746803568921088,31.113782379380613,55800
2023-05-05,30.86582374572754,31.084026182972334,30.68729361899539,30.994761119606263,53100
2023-05-08,30.726966857910156,31.33198521861167,30.48892731233173,31.33198521861167,401200
2023-05-09,30.667457580566406,30.865824815313896,30.57819251410705,30.697213233309576,99200
2023-05-10,30.67737579345703,30.746803757322603,30.45917145928508,30.67737579345703,96500
2023-05-11,30.588109970092773,30.860863489279502,30.42148286094396,30.607947071211466,57200
2023-05-12,30.73688507080078,30.78647782460731,30.439336115042103,30.498845527839812,127800
2023-05-15,30.459171295166016,30.746803591653723,30.429417534681164,30.746803591653723,40200
2023-05-16,30.5186824798584,30.5186824798584,30.217164591856164,30.350070901282436,63500
2023-05-17,30.5186824798584,31.28239385880659,30.330233799857,31.28239385880659,32000
2023-05-18,30.459171295166016,30.69721272966556,30.409580433177847,30.5980291139191,79500
2023-05-19,30.71704864501953,30.756722848937546,30.409581131735596,30.409581131735596,48000
2023-05-22,30.776559829711914,30.875741555576077,30.67737621207759,30.875741555576077,278800
2023-05-23,30.65753936767578,30.85590660461043,30.55835574920846,30.85590660461043,47800
2023-05-24,30.588109970092773,30.64761938167877,30.419498394124055,30.57819141953343,42900
2023-05-25,30.90549659729004,31.04435252417034,30.607947642040784,30.81623153236124,42100
2023-05-26,30.875741958618164,30.98484412861712,30.83606964610866,30.91541616289785,68500
2023-05-30,31.19312858581543,31.222882345984733,31.044352217888502,31.084026420474373,50500
2023-05-31,31.004680633544922,31.212964526690765,30.945171220041843,31.07410859792687,370100
2023-06-01,30.96500587463379,31.084026591275308,30.80135451749308,31.084026591275308,87500
2023-06-02,30.6377010345459,30.845986814134967,30.588110173189982,30.67737523704671,86000
2023-06-05,30.687294006347656,30.70712921596931,30.441318489338048,30.48892677597024,45800
2023-06-06,30.59803009033203,30.647620953902692,30.453222649923102,30.647620953902692,79900
2023-06-07,30.588109970092773,30.6972121344755,30.449254045802096,30.6972121344755,276200
2023-06-08,30.67737579345703,30.826150271993274,30.578192177176156,30.598029278786356,69400
2023-06-09,30.73688507080078,30.816231585121105,30.61786624520536,30.7666407230847,92800
2023-06-12,30.92533302307129,31.074107497445247,30.74680289711451,30.78647709922494,40800
2023-06-13,30.915414810180664,30.915414810180664,30.528600794229842,30.528600794229842,73300
2023-06-14,30.96500587463379,31.024517178839606,30.756721985223773,30.776559086625713,43800
2023-06-15,30.33023452758789,30.746804208666436,30.280643664604558,30.70713000486364,1777800
2023-06-16,30.112031936645508,30.558355376651782,30.062439182131378,30.300478728488756,46100
2023-06-20,30.092193603515625,30.409579652338536,30.082275053018652,30.240968077430107,266600
2023-06-21,29.764890670776367,30.273701178316816,29.70538125623257,30.201297458227973,46100
2023-06-22,30.131866455078125,30.22113151938455,29.864073153928956,29.983091978490783,44600
2023-06-23,29.784727096557617,30.32031559883052,29.7648899949034,30.32031559883052,47400
2023-06-26,29.626033782958984,30.19137793229554,29.52685016740851,30.19137793229554,53800
2023-06-27,30.0029296875,30.19137837060473,29.68058340522376,29.735134489156984,27200
2023-06-28,30.0029296875,30.352053976194426,29.893827519633554,30.057480771433223,30600
2023-06-29,30.211214065551758,30.2975052703816,30.07136684702584,30.19137885525139,54400
2023-06-30,30.219148635864258,30.39966133770758,30.071365448321828,30.39966133770758,49100
2023-07-03,30.459171295166016,30.588110563167444,30.092194376205285,30.092194376205285,68000
2023-07-05,30.508764266967773,30.568273680132908,30.363956830144865,30.363956830144865,86000
2023-07-06,30.880701065063477,31.05327968555461,30.736884917397493,30.736884917397493,65700
2023-07-07,31.024517059326172,31.128659003630002,30.836068380273925,30.994761407337887,147000
2023-07-10,30.945171356201172,31.024517871811117,30.78647832498128,31.024517871811117,126200
2023-07-11,30.895578384399414,30.91541548610499,30.796394767641683,30.84797009701409,70300
2023-07-12,30.79639434814453,30.935252166421943,30.60794755981895,30.766640587761607,156200
2023-07-13,30.707128524780273,30.8261492386817,30.647619113714594,30.79639358726383,75300
2023-07-14,30.875741958618164,30.98484412861712,30.667458061460355,30.667458061460355,71200
2023-07-17,30.895578384399414,30.965006348598784,30.726966803442313,30.865824623611193,34200
2023-07-18,30.67737579345703,30.786477960543003,30.548436524760856,30.786477960543003,93300
2023-07-19,30.33023452758789,30.528601763061545,30.250888011752462,30.528601763061545,42800
2023-07-20,30.320316314697266,30.449255586723815,30.211214144793292,30.211214144793292,83000
2023-07-21,30.488927841186523,30.657539425367215,30.27171668113713,30.657539425367215,65600
2023-07-24,30.082275390625,30.34015203113022,30.052519738800132,30.34015203113022,63500
2023-07-25,30.08128547668457,30.459172245734155,30.07235821319844,30.082276764259635,25000
2023-07-26,30.419498443603516,30.419498443603516,30.16162180395131,30.35007048134525,19000
2023-07-27,30.280643463134766,30.479008805518454,30.161622744288437,30.389743739326242,122400
2023-07-28,30.260805130004883,30.50876321672229,30.221130928080463,30.25088657952378,64000
2023-07-31,30.42941665649414,30.568272579469753,30.181458570169085,30.181458570169085,81800
2023-08-01,30.71704864501953,30.796395161085393,30.508764749760463,30.637702128953674,68600
2023-08-02,30.49884605407715,30.74680415207778,30.47900895221226,30.74680415207778,39500
2023-08-03,30.746803283691406,30.746803283691406,30.578191706142295,30.637701118286067,26000
2023-08-04,30.449254989624023,30.687294535116486,30.449254989624023,30.687294535116486,52700
2023-08-07,30.38974380493164,30.542487218761686,30.2608064266924,30.2608064266924,27000
2023-08-08,30.102113723754883,30.260806756441742,29.953339242082222,30.260806756441742,49100
2023-08-09,30.072357177734375,30.280642959307333,29.90374559904012,29.9533383526385,50800
2023-08-10,30.359989166259766,30.459170888913253,30.131866285554498,30.28064265307492,49700
2023-08-11,30.69721221923828,30.826149593325642,30.429417028706734,30.429417028706734,165100
2023-08-14,30.71704864501953,30.925334432048764,30.69721343483069,30.796395161085393,26100
2023-08-15,30.920373916625977,31.08402716857621,30.826150520871995,30.97492500060939,34000
2023-08-16,30.935253143310547,31.183211243772355,30.935253143310547,31.113783278326277,216700
2023-08-17,31.093944549560547,31.361739738074224,31.045344976290817,31.17329106188644,214600
2023-08-18,30.945171356201172,31.113782938343576,30.875741499743587,31.08402728557604,151700
2023-08-21,31.17329216003418,31.25759700470086,30.955087824623682,30.955087824623682,73000
2023-08-22,31.084026336669922,31.198086831141644,31.009638152907016,31.173291400477375,26500
2023-08-23,30.69721221923828,30.84598669449911,30.586125587728915,30.84598669449911,78600
2023-08-24,30.71704864501953,30.945171534007773,30.617866918764832,30.945171534007773,46600
2023-08-25,31.153453826904297,31.193128028781686,30.717047065103355,30.717047065103355,70100
2023-08-28,31.143535614013672,31.262556329165893,30.87574042374875,30.87574042374875,13900
2023-08-29,31.093944549560547,31.2575959035833,30.978890877037447,31.18320961239844,41300
2023-08-30,31.024517059326172,31.242719498596593,31.01459850866341,31.034435609988932,42000
2023-08-31,30.875741958618164,31.11378340075592,30.865825299318423,31.05427209433639,30300
2023-09-01,31.163373947143555,31.242720463125128,30.965006711304536,30.965006711304536,38000
2023-09-05,31.689044952392578,31.92708260221613,31.42124975868591,31.42124975868591,64900
2023-09-06,31.69896125793457,31.877491385082028,31.58986098494342,31.69896125793457,30000
2023-09-07,31.708879470825195,31.808063083936364,31.550186446555355,31.664246939513674,28300
2023-09-08,31.877490997314453,31.877490997314453,31.63945146127013,31.689044213635658,72900
2023-09-11,31.96675682067871,32.04610522635222,31.829883469370078,32.04610522635222,37600
2023-09-12,31.98659324645996,32.036184107188305,31.80806312100581,31.966756145460593,43000
2023-09-13,31.897329330444336,32.026268599805526,31.75946468955162,32.026268599805526,88000
2023-09-14,31.996511459350586,31.996511459350586,31.728718149931954,31.76839046208761,21800
2023-09-15,31.93700408935547,32.09569712227546,31.8576556811253,32.09569712227546,41300
2023-09-18,32.09569549560547,32.23455141943044,31.961796009388422,32.194877217326116,143400
2023-09-19,32.165122985839844,32.21471384597295,32.054038248408844,32.135369226468,37700
2023-09-20,31.93700408935547,32.04610625890178,31.817985260550568,32.04610625890178,25000
2023-09-21,32.19487762451172,32.26926580851311,32.065942141352195,32.21471472581477,52800
2023-09-22,32.026268005371094,32.254388995520436,31.94691959999382,32.23455189417612,231100
2023-09-25,32.141319274902344,32.442837174605145,32.00048076791874,32.02626937912657,235200
2023-09-26,32.15520477294922,32.2097558579396,31.835836130693874,32.15520477294922,115400
2023-09-27,32.403160095214844,32.49242515540304,32.02130631657314,32.095694497319975,206300
2023-09-28,32.36349105834961,32.593594622840456,32.35357061593886,32.50234698377859,47400
2023-09-29,32.30398178100586,32.323818883531594,31.927084400097748,32.22463715444335,161600
2023-10-02,32.50234603881836,32.5916111002189,32.36349011742642,32.373406776008665,168300
2023-10-03,32.571773529052734,32.61144772988884,32.3436525495552,32.58169018749174,114300
2023-10-04,32.07585906982422,32.39324512626018,31.99651066394511,32.37340802479041,92700
2023-10-05,31.540267944335938,31.88741153664133,31.371656369319933,31.847737334628118,81600
2023-10-06,31.570024490356445,31.887412440144853,31.550187388787773,31.887412440144853,44600
2023-10-09,31.50059700012207,31.877492476741363,31.408356179034378,31.877492476741363,79100
2023-10-10,31.381576538085938,31.68904594423348,31.32305841133788,31.619616087130048,25600
2023-10-11,31.084026336669922,31.356779857517093,31.06418923543047,31.24271936304537,47800
2023-10-12,31.61961555480957,31.679126859896346,31.252638632291827,31.252638632291827,45100
2023-10-13,31.61961555480957,31.778310476604165,31.451003973937322,31.499605440622563,24600
2023-10-16,31.837818145751953,31.99651117651211,31.649371354080603,31.649371354080603,450400
2023-10-17,32.19487762451172,32.21471472581477,31.96774792237106,32.145286763024195,64500
2023-10-18,32.452754974365234,32.48250873346459,32.20677946742633,32.43291787378564,75600
2023-10-19,32.63128662109375,32.70071458459708,32.274226361053636,32.68087748309038,128000
2023-10-20,32.561859130859375,32.72055216167925,32.33373435198678,32.72055216167925,79700
2023-10-23,32.11553192138672,32.70864723127672,32.014363843209935,32.54202012619031,66400
2023-10-24,32.0163459777832,32.23256772325288,31.966755118647782,32.07585727886973,44500
2023-10-25,32.48250961303711,32.522183815270616,32.11553270122763,32.11553270122763,53500
2023-10-26,32.046104431152344,32.472592642213876,32.01634688799307,32.472592642213876,40000
2023-10-27,32.145286560058594,32.22463496476979,31.887411811827565,32.065941938887576,193700
2023-10-30,32.05602264404297,32.294064083157586,31.93700381625582,32.27422698126968,62800
2023-10-31,32.085777282714844,32.23455365917335,31.97667889465775,32.006432656533285,108400
2023-11-01,31.907245635986328,32.387293654905264,31.73863594860866,32.15520372933483,50800
2023-11-02,31.63945198059082,31.758472696451587,31.312147376686333,31.351821579229956,145000
2023-11-03,30.895578384399414,31.14353648040867,30.70712970173674,31.14353648040867,273700
2023-11-06,31.302228927612305,31.390502704319204,30.965005771977772,30.965005771977772,142700
2023-11-07,31.054271697998047,31.361741101930914,31.044353147054714,31.27247603521107,31800
2023-11-08,30.806312561035156,31.04435210033876,30.74680314915178,31.04435210033876,29700
2023-11-09,31.242719650268555,31.40141267810291,30.875740841045282,30.875740841045282,104200
2023-11-10,31.37165641784668,31.629533056021234,31.09394457040491,31.09394457040491,27700
2023-11-13,31.460922241210938,31.79814729168599,31.292310661858476,31.79814729168599,32700
2023-11-14,30.53851890563965,30.80631220187781,30.5236401340147,30.80631220187781,73400
2023-11-15,30.806312561035156,30.915414725963096,30.51868216045709,30.51868216045709,49300
2023-11-16,30.449254989624023,30.64762033164934,30.297504755725452,30.64762033164934,44300
2023-11-17,30.459171295166016,30.63770142515561,30.330233918934706,30.350071020438023,22300
2023-11-20,30.61786651611328,30.736885342761784,30.4790086959965,30.568273761867953,65300
2023-11-21,30.667457580566406,30.74680409611137,30.359990069300935,30.59802961593583,55400
2023-11-22,30.687294006347656,30.712089437202305,30.359989400463995,30.419498812869175,159200
2023-11-24,30.687294006347656,31.24271960292627,30.687294006347656,31.24271960292627,36500
2023-11-27,30.607948303222656,30.72696713118531,30.350071653610023,30.459171930614097,208700
2023-11-28,30.415531158447266,30.69721193887357,30.35998878908491,30.69721193887357,181100
2023-11-29,30.211214065551758,30.4194998537521,30.032685822227403,30.250888269692844,109200
2023-11-30,30.191377639770508,30.58811020635834,30.082275474545067,30.310396463861807,126400
2023-12-01,29.477256774902344,30.171540176938695,29.477256774902344,29.913663538804336,81400
2023-12-04,29.685543060302734,29.933501152163906,29.576440894517383,29.635950306868434,81700
2023-12-05,29.278892517089844,29.84423667497393,29.268973966207824,29.84423667497393,69400
2023-12-06,29.140033721923828,29.16978937357471,28.93174983567791,29.011096348310176,68100
2023-12-07,28.872241973876953,29.159872388193833,28.713548940094498,29.159872388193833,70300
2023-12-08,29.20946502685547,29.20946502685547,28.981342136406095,29.15987227164031,83600
2023-12-11,29.536767959594727,29.635949680827956,29.21938001963015,29.21938001963015,69400
2023-12-12,29.25905418395996,29.576440231746826,29.204503102289706,29.5367679216585,301500
2023-12-13,28.83256721496582,29.298729648034286,28.818681622071193,29.16979037820976,102000
2023-12-14,28.634201049804688,28.763138424154818,28.574689746163003,28.574689746163003,107600
2023-12-15,28.48542594909668,28.663956084420025,28.37632567110922,28.57469101675835,71200
2023-12-18,28.604446411132812,28.673874376070437,28.485425691403908,28.52509989523693,203200
2023-12-19,28.693710327148438,28.872240453696282,28.63420091555585,28.743301188180578,74600
2023-12-20,28.723464965820312,28.763139169275878,28.645111630004813,28.763139169275878,175600
2023-12-21,28.52509880065918,28.663954725206192,28.51518025008152,28.52509880065918,170800
2023-12-22,28.515180587768555,28.703629267435527,28.475506384988094,28.703629267435527,236600
2023-12-26,28.48542594909668,28.624283771998268,28.37632567110922,28.505263051192646,103400
2023-12-27,28.614364624023438,28.663955486458658,28.425915941583355,28.525099558223932,63300
2023-12-28,28.475505828857422,28.582625417564564,28.36243851503557,28.366405556882118,152900
2023-12-29,28.58460807800293,28.604445179065006,28.356487091099304,28.356487091099304,346300
2024-01-02,28.42591667175293,28.594528256841954,28.356488705852186,28.594528256841954,318700
2024-01-03,28.52509880065918,28.663954725206192,28.38326712176186,28.425915186652702,54800
2024-01-04,28.455671310424805,28.564771585048668,28.267222629863415,28.52509927385002,360200
2024-01-05,28.515180587768555,28.59452710155937,28.267222495701002,28.406078421892396,165100
2024-01-08,28.594528198242188,28.88216050412173,28.425916613498707,28.88216050412173,60800
2024-01-09,28.415996551513672,28.56477102619561,28.267222076831732,28.42591510206181,130900
2024-01-10,28.544937133789062,28.554855684794795,28.366406999226218,28.366406999226218,46200
2024-01-11,28.52509880065918,28.54493590181449,28.356487224379197,28.51518025008152,21200
2024-01-12,28.654037475585938,28.673874577641897,28.505262993706573,28.673874577641897,696900
2024-01-16,28.455671310424805,28.59452723727524,28.356487694773016,28.574690135790856,38000
2024-01-17,28.287059783935547,28.425915711044123,28.227548479371762,28.381283178506347,103300
2024-01-18,28.168039321899414,28.435834519553417,28.168039321899414,28.366406555369817,50000
2024-01-19,28.406078338623047,28.535017605511467,28.177957348614438,28.44575254128721,76400
2024-01-22,28.495344161987305,28.634201983241052,28.326732579712875,28.624283432310772,119000
2024-01-23,28.23746681213379,28.495343454608953,28.217631602535786,28.495343454608953,86100
2024-01-24,27.880409240722656,28.341611455936224,27.840735036856035,28.17795820264166,206500
2024-01-25,28.078773498535156,28.247385074905335,27.82089685868841,27.82089685868841,182400
2024-01-26,28.247385025024414,28.425915151662295,28.08869199951743,28.08869199951743,47200
2024-01-29,28.614364624023438,28.64411838477651,28.34656942662492,28.34656942662492,71300
2024-01-30,28.336650848388672,28.515180979815085,28.163080938263068,28.415997363270396,677000
2024-01-31,28.296977996826172,28.554854638213108,28.27714089554177,28.415996820992387,34200
2024-02-01,28.50526237487793,28.564771787983734,28.326732243790385,28.425915860146816,104800
2024-02-02,28.475505828857422,28.55485423286866,28.267221943638145,28.55485423286866,79100
2024-02-05,28.535017013549805,28.574689323620856,28.306896028273588,28.306896028273588,316200
2024-02-06,28.475505828857422,28.584607992602802,28.388225232923165,28.485424379358825,91200
2024-02-07,28.663955688476562,28.663955688476562,28.485425555619308,28.485425555619308,52600
2024-02-08,28.83256721496582,28.83256721496582,28.544936806181372,28.544936806181372,38300
2024-02-09,28.961505889892578,28.961505889892578,28.715530373074444,28.911913136451773,24900
2024-02-12,29.030933380126953,29.050770481180198,28.782975292271622,29.050770481180198,68200
2024-02-13,29.115238189697266,29.249135784003236,29.04878598218959,29.169789271648224,26100
2024-02-14,29.125158309936523,29.24318585142465,28.84248622620133,28.84248622620133,44000
2024-02-15,29.308645248413086,29.33840090001389,29.110279913051304,29.33840090001389,23700
2024-02-16,29.338401794433594,29.338401794433594,29.021015734762745,29.12019935135242,62600
2024-02-20,29.011096954345703,29.259055047972588,29.011096954345703,29.07060636712052,73000
2024-02-21,28.882160186767578,29.00117901482569,28.85240453386797,28.85240453386797,79500
2024-02-22,29.050771713256836,29.050771713256836,28.836534417981877,28.921832442712358,48600
2024-02-23,29.140033721923828,29.209463575775885,28.96150548732879,28.96150548732879,40000
2024-02-26,29.15987205505371,29.209464809900517,28.98134192114554,29.140034953114988,47500
2024-02-27,29.060688018798828,29.147970509364697,28.872241228404167,29.11028077293174,55200
2024-02-28,28.872241973876953,29.090444422385282,28.834552236470856,28.9912608033287,76500
2024-02-29,28.97142219543457,29.050770599972015,28.872240473302934,28.872240473302934,38300
2024-03-01,29.189626693725586,29.278891757578027,29.110280180497874,29.14995249122668,45000
2024-03-04,29.10036277770996,29.24814597183839,29.011097710336543,29.070607124662097,64800
2024-03-05,28.961505889892578,29.2788919448333,28.872240825469238,29.2788919448333,97000
2024-03-06,28.882160186767578,29.060688428854746,28.862323084834504,29.011097565792227,49700
2024-03-07,28.872241973876953,29.011097905494054,28.802814008068403,28.81273066738089,43400
2024-03-08,28.77305793762207,28.99622060432106,28.77305793762207,28.81273024960736,82700
2024-03-11,28.812728881835938,28.91191249474604,28.724456998679702,28.812728881835938,110400
2024-03-12,28.921831130981445,29.060687054405324,28.743301005567844,28.743301005567844,62200
2024-03-13,29.110280990600586,29.15987185333417,28.90199520522519,28.931750857927433,49200
2024-03-14,29.298728942871094,29.415765192100448,29.050770851851954,29.050770851851954,65000
2024-03-15,29.406837463378906,29.54668656607333,29.308645137706208,29.45742150337818,43400
2024-03-18,29.606197357177734,29.715297634180075,29.407830121549576,29.407830121549576,48800
2024-03-19,29.65578842163086,29.735134938067034,29.56652335416889,29.606197558272065,34400
2024-03-20,29.556604385375977,29.754971619547685,29.48717642094692,29.735134517776483,436100
2024-03-21,29.477256774902344,29.65578690066998,29.424690159754785,29.467338224385244,46300
2024-03-22,29.547677993774414,29.626033218826578,29.47725685244877,29.47725685244877,58200
2024-03-25,29.67562484741211,29.735134260440553,29.440561057945146,29.566522680384853,129900
2024-03-26,29.546688079833984,29.675625459349437,29.427667359552657,29.57644184107669,60900
2024-03-27,29.725215911865234,29.754971564466953,29.526850569830874,29.526850569830874,42100
2024-03-28,29.6458683013916,29.75497046513017,29.477256726418396,29.75497046513017,99600
2024-04-01,29.94342041015625,30.002929823912996,29.597269982557684,29.65578810875336,332100
2024-04-02,30.112031936645508,30.11996602065971,29.804562533968348,29.893827600323633,112800
2024-04-03,30.092193603515625,30.25088662792708,29.893826377116273,30.240968077430107,183100
2024-04-04,30.102113723754883,30.34015327278517,29.963255901326253,30.34015327278517,184900
2024-04-05,30.112031936645508,30.24890339885615,30.102113385742683,30.112031936645508,172200
2024-04-08,30.121950149536133,30.250887526285705,29.973173779433377,30.112031598744608,68000
2024-04-09,30.191377639770508,30.250887051816157,30.037642942568304,30.231049950544243,247300
2024-04-10,30.4393367767334,30.548437053939143,30.176499905270546,30.191378677621003,69900
2024-04-11,30.59803009033203,30.725976183102095,30.418508667069602,30.5087650224887,67600
2024-04-12,30.627782821655273,30.903513991828188,30.617866162690817,30.796394400602818,81700
2024-04-15,31.084026336669922,31.093944887289652,30.708122159501702,31.0046798234822,212300
2024-04-16,31.024517059326172,31.14353588373909,30.907480809983742,31.093945022195392,187600
2024-04-17,30.806312561035156,31.143535714657784,30.796394010426244,30.955087036628647,31700
2024-04-18,30.945171356201172,30.945171356201172,30.697213258448823,30.80631353505615,52300
2024-04-19,30.84796905517578,30.994760954361183,30.694236251575,30.984842403843377,35700
2024-04-22,30.607948303222656,30.845987850918128,30.498846134448424,30.845987850918128,151900
2024-04-23,30.42941665649414,30.528600269378178,30.2608050821223,30.508763168447356,56800
2024-04-24,30.5583553314209,30.694237397641324,30.44032779186122,30.44032779186122,24200
2024-04-25,30.73291778564453,30.798378706735022,30.55835469881318,30.717047726198004,52300
2024-04-26,30.855905532836914,30.974924357447467,30.697212505509437,30.974924357447467,66200
2024-04-29,30.548437118530273,30.810280811209957,30.379825535106527,30.806313769164834,98500
2024-04-30,30.88566017150879,30.90549727343143,30.508764693829455,30.588111209749847,81500
2024-05-01,30.69721221923828,30.935251758009628,30.486943865401756,30.59802860514103,51700
2024-05-02,29.969205856323242,30.47900762304378,29.893826385940038,30.47900762304378,84500
2024-05-03,29.42766571044922,29.626032935878367,29.27889123726239,29.27889123726239,53000
2024-05-06,29.308645248413086,29.66570550054241,29.16978932448283,29.50701247554495,368000
2024-05-07,29.25905418395996,29.358237796835873,29.070605508672738,29.358237796835873,71900
2024-05-08,29.58635902404785,29.665705536643138,29.35823803680766,29.35823803680766,106200
2024-05-09,29.42270851135254,29.606196972272475,29.40782973922326,29.427666840882207,72600
2024-05-10,29.516931533813477,29.655787460132263,29.318564303269405,29.318564303269405,67000
2024-05-13,29.4871768951416,29.606197615912674,29.28881154955005,29.477258344096498,41600
2024-05-14,29.40782928466797,29.51792273787225,29.328482771028764,29.43758493669646,43900
2024-05-15,29.12019920349121,29.278892232520853,28.904970624160555,29.229299478592758,77600
2024-05-16,29.130117416381836,29.239217690217874,28.882159324927944,29.02101525077569,194600
2024-05-17,29.278892517089844,29.43758554766186,29.140034696511716,29.318564828847773,62300
2024-05-20,29.12019920349121,29.526850326850933,29.01605536612728,29.526850326850933,70200
2024-05-21,29.130117416381836,29.219380588876735,28.92183163584011,29.189626828635138,80500
2024-05-22,28.872241973876953,29.109290236973422,28.77305835482037,29.055730439481007,79300
2024-05-23,28.901994705200195,28.996219991242054,28.627258606260238,28.753220227803187,96700
2024-05-24,29.001178741455078,29.110280909288402,28.921832226240884,28.961506429733056,56100
2024-05-28,29.19954490661621,29.264012647276125,28.931749718156322,28.931749718156322,98800
2024-05-29,29.685543060302734,29.735133921966924,29.28881049167888,29.387992215007262,329000
2024-05-30,29.437585830688477,29.586360311808864,29.348320763662212,29.378076416594354,96000
2024-05-31,29.358238220214844,29.437584733305826,29.239217504693322,29.407829081482923,89500
2024-06-03,28.951587677001953,29.252112388456233,28.92084073704094,29.12019925712778,71400
2024-06-04,28.673873901367188,28.8623225829139,28.59948571629687,28.8623225829139,134600
2024-06-05,28.58460807800293,28.802812406145602,28.51518011605575,28.802812406145602,93100
2024-06-06,28.535017013549805,28.6639543859933,28.440791730062188,28.584607874081133,100700
2024-06-07,28.515180587768555,28.692719429201933,28.515180587768555,28.683792166045293,185100
2024-06-10,28.723464965820312,28.753220618411987,28.56477193553833,28.61436468985779,211800
2024-06-11,28.56477165222168,28.71354802193429,28.515180790164226,28.683792369637743,68200
2024-06-12,28.42591667175293,28.435835222848777,28.23746798447221,28.415998120657083,149100
2024-06-13,28.25730323791504,28.43583336241948,28.177956726109738,28.34656830016726,101700
2024-06-14,28.25730323791504,28.43583336241948,28.095634459993352,28.43583336241948,81700
2024-06-17,28.435834884643555,28.55485560460794,28.287060403515692,28.525099951674303,152000
2024-06-18,28.316814422607422,28.574691075070703,28.217632695465543,28.574691075070703,158800
2024-06-20,28.634201049804688,28.634201049804688,28.336650206906548,28.62428249919774,182300
2024-06-21,28.614364624023438,28.763139103099235,28.39616028906014,28.763139103099235,76000
2024-06-24,28.376325607299805,28.61535644417711,28.366407056274124,28.614365156605594,65400
2024-06-25,28.58460807800293,28.587583832339252,28.386242742692417,28.386242742692417,28600
2024-06-26,28.733383178710938,28.77305738169984,28.601470048136065,28.77305738169984,65000
2024-06-27,28.707595825195312,28.75321964420729,28.617339474693114,28.75321964420729,113500
2024-06-28,28.921831130981445,28.991259092693387,28.723463904572984,28.723463904572984,97200
2024-07-01,29.080524444580078,29.32848253417134,28.971422279793494,29.32848253417134,153400
2024-07-02,29.021015167236328,29.08052457931833,28.931750103228275,28.971422414026243,2467400
2024-07-03,29.011096954345703,29.20946418595526,28.951587541570884,28.991259852830723,36900
2024-07-05,29.229299545288086,29.318564610792208,29.021015653625216,29.239218096096337,74500
2024-07-08,29.34832000732422,29.447503622771794,29.25905494259841,29.25905494259841,82100
2024-07-09,29.358238220214844,29.536768347612078,29.25905460590859,29.358238220214844,67800
2024-07-10,29.556604385375977,29.596278588918377,29.35823904297441,29.387992803861067,56600
2024-07-11,29.457422256469727,29.516931669197852,29.29872922801464,29.29872922801464,42300
2024-07-12,29.511972427368164,29.715297995059757,29.477258444477176,29.655788580356656,130100
2024-07-15,29.745052337646484,29.754970888288327,29.567515388936794,29.606196412200905,50700
2024-07-16,29.745052337646484,29.752986421451915,29.665705824281854,29.70538002684922,66300
2024-07-17,29.71529769897461,29.79662868194893,29.56652321781417,29.754971902894816,72600
2024-07-18,29.665706634521484,29.784727353704216,29.616115771727934,29.655788083608744,53000
2024-07-19,29.497095108032227,29.71430626565042,29.497095108032227,29.655788139394282,82600
2024-07-22,29.308645248413086,29.457421614647025,29.288810039115965,29.358238001081094,81600
2024-07-23,29.308645248413086,29.378075102148294,29.196569221746547,29.378075102148294,126300
2024-07-24,29.28881072998047,29.42766665718606,29.197561197980992,29.407829555650938,45600
2024-07-25,29.249135971069336,29.249135971069336,29.066638802308624,29.20946366052314,74700
2024-07-26,29.477256774902344,29.477256774902344,29.259054338836382,29.308645199651803,77800
2024-07-29,29.46733856201172,29.487175663273206,29.259054674076417,29.447503352520332,65200
2024-07-30,29.40782928466797,29.45742203804879,29.30765438213985,29.387992183315642,71600
2024-07-31,29.477256774902344,29.497093875936542,29.268972889353485,29.268972889353485,189200
2024-08-01,29.5268497467041,29.556603506706224,29.338401069020264,29.387991930203864,38000
2024-08-02,29.19954490661621,29.387991690996067,29.07060564175623,29.387991690996067,337100
2024-08-05,28.85240364074707,28.94166870491255,28.76313857658159,28.901994502274512,73800
2024-08-06,28.723464965820312,28.852404235280762,28.622298773840846,28.852404235280762,145300
2024-08-07,28.58460807800293,28.781982125791366,28.58460807800293,28.683791691543227,52600
2024-08-08,28.604446411132812,28.753220891966322,28.515181344278673,28.703630028945206,52300
2024-08-09,28.71354866027832,28.807772056990256,28.584609389230234,28.71354866027832,74500
2024-08-12,28.782976150512695,29.001178593294444,28.624283120895036,28.624283120895036,171500
2024-08-13,29.001178741455078,29.080525256669272,28.882159914518862,28.921832226240884,126600
2024-08-14,28.991260528564453,29.050771834496494,28.91389847933103,29.021016181530474,78300
2024-08-15,29.050771713256836,29.110281127170357,28.82264882500972,28.991260407573158,61900
2024-08-16,29.130117416381836,29.27889189290015,29.050770902787395,29.050770902787395,155000
2024-08-19,29.19954490661621,29.268972868416167,29.048785965696265,29.11027984379625,61700
2024-08-20,29.34832000732422,29.368157108767758,29.19855235072665,29.30864580443714,79300
2024-08-21,29.46733856201172,29.49709421390395,29.30864553546003,29.358238288613745,24200
2024-08-22,29.4475040435791,29.467339253535968,29.328483324987168,29.467339253535968,40000
2024-08-23,29.397911071777344,29.4177481733576,29.30864600643631,29.4177481733576,51400
2024-08-26,29.21938133239746,29.25806424852804,29.149953367706914,29.209464673244657,47100
2024-08-27,29.12019920349121,29.149952964077936,28.991259935048294,29.149952964077936,61900
2024-08-28,29.130117416381836,29.188635541099114,29.099370476834103,29.149952625952864,20600
2024-08-29,28.931751251220703,29.06068863114287,28.86232328574183,29.06068863114287,49000
2024-08-30,28.882160186767578,28.991260463859156,28.812730330001823,28.941669600796637,53700
2024-09-03,29.030933380126953,29.149952202906267,28.900011540007657,29.050770481180198,223300
2024-09-04,29.26897430419922,29.26897430419922,29.080525618804977,29.14003503301415,90900
2024-09-05,29.397911071777344,29.407829622567473,29.15987152812463,29.259055144255793,53300
2024-09-06,29.516931533813477,29.6061965983813,29.12813304835077,29.507012983109263,202300
2024-09-09,29.50701332092285,29.606196937330402,29.457422458604146,29.55660418324156,104900
2024-09-10,29.903745651245117,29.913664201982108,29.546687283564033,29.66570610886769,94900
2024-09-11,29.794645309448242,29.943419786627167,29.705380244786863,29.7549711065898,90300
2024-09-12,29.635950088500977,29.76488935470998,29.526849815289623,29.76488935470998,131700
2024-09-13,29.685543060302734,29.804561885004837,29.576440894517383,29.715296820593206,79400
2024-09-16,29.864072799682617,29.913663660700117,29.725214983647465,29.725214983647465,67000
2024-09-17,29.626033782958984,29.715296956007283,29.536768718140568,29.645868992652986,92300
2024-09-18,29.36815643310547,29.616114520134673,29.32352390176941,29.53676800795613,47500
2024-09-19,29.323524475097656,29.323524475097656,29.17970832778403,29.17970832778403,98900
2024-09-20,29.10036277770996,29.23921870839298,29.05077191440036,29.23921870839298,75200
2024-09-23,29.030933380126953,29.100361342043232,28.713547330355343,29.02101482960033,57300
2024-09-24,29.04085350036621,29.115239795681482,28.71255570303115,28.792895399108282,53500
2024-09-25,28.77305793762207,28.99622060432106,28.77305793762207,28.961506621920122,32100
2024-09-26,29.169790267944336,29.169790267944336,28.862322758538358,28.931750722749047,103700
2024-09-27,29.17970848083496,29.347328772323756,29.067630560071418,29.229299342762474,45800
2024-09-30,28.991260528564453,29.119206620309058,28.921832563413904,29.030934732519146,64400
2024-10-01,28.921831130981445,29.194584648465526,28.743301005567844,29.159870667609557,57400
2024-10-02,28.58460807800293,28.663954590481154,28.277140578621083,28.663954590481154,73900
2024-10-03,28.019264221191406,28.267222311644428,27.989508569299808,28.267222311644428,126400
2024-10-04,27.691959381103516,27.718739278400367,27.53326635590969,27.68204083055764,71900
2024-10-07,27.41424560546875,27.553103421160284,27.344817643508023,27.523347769561365,87600
2024-10-08,27.691959381103516,27.721715032741137,27.51838947597592,27.543184906455565,53800
2024-10-09,27.553104400634766,27.682041778606788,27.483674544435825,27.662204676835664,39200
2024-10-10,27.453920364379883,27.543185429216894,27.324981096606372,27.543185429216894,287700
2024-10-11,27.60269546508789,27.615589770510404,27.334900264530358,27.334900264530358,65800
2024-10-14,27.781225204467773,27.781225204467773,27.498553127370442,27.622532174931383,43700
2024-10-15,28.08869171142578,28.160104139702508,28.04108342590796,28.049019401340978,76100
2024-10-16,28.168039321899414,28.175975297641926,28.078774256014746,28.098611357715814,43000
2024-10-17,28.049020767211914,28.138285833962144,28.019265114371784,28.108530181122013,41300
2024-10-18,28.366405487060547,28.366405487060547,28.23746622262973,28.247384773106724,70800
2024-10-21,27.98950958251953,28.177958267781293,27.94983727033136,28.177958267781293,106500
2024-10-22,27.840734481811523,27.974632079536686,27.721715656124797,27.939918097730548,101400
2024-10-23,27.721715927124023,27.85065330484012,27.68204172366052,27.82089765224249,54600
2024-10-24,27.672122955322266,27.82089743360091,27.672122955322266,27.761388020643476,239100
2024-10-25,27.68204116821289,27.830815644675535,27.642368857315567,27.830815644675535,233500
2024-10-28,28.148202896118164,28.15415440512543,28.019265515505342,28.019265515505342,45200
2024-10-29,28.019264221191406,28.138284936987702,28.00438734113066,28.108529285096104,79400
2024-10-30,27.920080184936523,28.11150461485124,27.920080184936523,28.01926379797363,57900
2024-10-31,27.934959411621094,28.098610767793748,27.860571227688915,28.04802672704906,67600
2024-11-01,27.96967315673828,28.009345467202277,27.860570992364647,27.97958981552672,585300
2024-11-04,27.761388778686523,27.890328050680214,27.721716466221668,27.8208981932689,81200
2024-11-05,27.820898056030273,27.85065370905977,27.68204212543297,27.74155153972179,86700
2024-11-06,27.691959381103516,27.929998918894253,27.691959381103516,27.881399345458526,58600
2024-11-07,27.751468658447266,27.99942674558515,27.74155010794934,27.949835884865603,60100
2024-11-08,27.825857162475586,27.85065259312156,27.72171521870044,27.771306079992385,75000
2024-11-11,27.7911434173584,27.87048993116178,27.735601046873043,27.850652829768407,60600
2024-11-12,27.8308162689209,27.88040902336755,27.705845932901607,27.721715992678565,38900
2024-11-13,27.87049102783203,27.984551527676903,27.77725891773874,27.820898272397184,87300
2024-11-14,28.23746681213379,28.23746681213379,27.870489895674215,27.870489895674215,49400
2024-11-15,28.11844825744629,28.22754853247823,27.995460497907235,28.21763187346907,39200
2024-11-18,27.74155044555664,28.068855048891056,27.721715236089477,28.068855048891056,128300
2024-11-19,27.74155044555664,27.7762644268368,27.58285741919875,27.672122482996325,65200
2024-11-20,27.68204116821289,27.791143333778216,27.593767391516938,27.781224783111355,55500
2024-11-21,27.473756790161133,27.5610373859967,27.355727363566928,27.3844917275195,79200
2024-11-22,27.612613677978516,27.72964992937267,27.57293947463196,27.602695127141878,29700
2024-11-25,27.434083938598633,27.523349005634195,27.374574524498314,27.434083938598633,242500
2024-11-26,27.54318618774414,27.662205016291132,27.447969611490407,27.503511983715025,67200
2024-11-27,27.503511428833008,27.572939392713078,27.434083464952938,27.572939392713078,125200
2024-11-29,27.285308837890625,27.382507986793733,27.245634634877856,27.364655352146038,48000
2024-12-02,27.473756790161133,27.682040675144897,27.414245487219993,27.52334765084201,656600
2024-12-03,27.582857131958008,27.582857131958008,27.345808882420563,27.404327006222022,74300
2024-12-04,27.671131134033203,27.721715174544887,27.553103597942698,27.721715174544887,50900
2024-12-05,27.458879470825195,27.587818742247112,27.39441172688441,27.46383969221767,52300
2024-12-06,27.751468658447266,27.751468658447266,27.493592020811455,27.592775634020626,61000
2024-12-09,27.592777252197266,27.67212376906386,27.44400276954368,27.53326783748987,65700
2024-12-10,27.672122955322266,27.78122512221933,27.59277644078898,27.59277644078898,165400
2024-12-11,27.706836700439453,27.751469232718673,27.58186636676568,27.691959820269748,32900
2024-12-12,27.721715927124023,27.791143891415008,27.62253231023541,27.691960274526398,57000
2024-12-13,27.85065269470215,27.93793329193155,27.79114328258074,27.810980383877908,137100
2024-12-16,27.93000030517578,27.999428270672816,27.860572339678747,27.860572339678747,189300
2024-12-17,28.09000015258789,28.204999923706055,28.040000915527344,28.170000076293945,73800
2024-12-18,28.450000762939453,28.520000457763672,27.979999542236328,28.1299991607666,222500
2024-12-19,28.59000015258789,28.59000015258789,28.389999389648438,28.489999771118164,140600
2024-12-20,28.200000762939453,28.479999542236328,28.174999237060547,28.459999084472656,176400
2024-12-23,28.43000030517578,28.511999130249023,28.329999923706055,28.459999084472656,149900
2024-12-24,28.3799991607666,28.420000076293945,28.299999237060547,28.420000076293945,69600
2024-12-26,28.40999984741211,28.503999710083008,28.3799991607666,28.3799991607666,117200
2024-12-27,28.420000076293945,28.469999313354492,28.261999130249023,28.290000915527344,91500
2024-12-30,28.010000228881836,28.15999984741211,27.90999984741211,28.040000915527344,106700
2024-12-31,28.100000381469727,28.219999313354492,28.079999923706055,28.100000381469727,101000
2025-01-02,28.290000915527344,28.31999969482422,28.040000915527344,28.040000915527344,462100
2025-01-03,28.469999313354492,28.469999313354492,28.243000030517578,28.299999237060547,152600
